h3_index,H3_int_index
861ea3cefffffff,604021372489826303
861e9a877ffffff,604020734821400575
861e9e2cfffffff,604020985405898751
861e9a8e7ffffff,604020736700448767
861e9a91fffffff,604020737639972863
861e984b7ffffff,604020581276319743
861e9a96fffffff,604020738982150143
861e9a957ffffff,604020738579496959
861e9a827ffffff,604020733479223295
861e9a85fffffff,604020734418747391
861e9a807ffffff,604020732942352383
861e98597ffffff,604020585034416127
861e9e2efffffff,604020985942769663
861e9a907ffffff,604020737237319679
861e98497ffffff,604020580739448831
861e9849fffffff,604020580873666559
861e9a80fffffff,604020733076570111
861e9a977ffffff,604020739116367871
861e9a847ffffff,604020734016094207
861e9a9afffffff,604020740055891967
861e9e2d7ffffff,604020985540116479
861e9a8efffffff,604020736834666495
861e9858fffffff,604020584900198399
861e985b7ffffff,604020585571287039
861e98487ffffff,604020580471013375
861e9a927ffffff,604020737774190591
861e9a95fffffff,604020738713714687
861e9a82fffffff,604020733613441023
861e9a867ffffff,604020734552965119
861e9ab37ffffff,604020746632560639
861e9859fffffff,604020585168633855
861e9a90fffffff,604020737371537407
861e984a7ffffff,604020581007884287
861e9a947ffffff,604020738311061503
861e9a817ffffff,604020733210787839
861e9a84fffffff,604020734150311935
861e9a857ffffff,604020734284529663
861e98587ffffff,604020584765980671
861e9e2dfffffff,604020985674334207
861e9a92fffffff,604020737908408319
861e9a967ffffff,604020738847932415
861e9a837ffffff,604020733747658751
861e9a81fffffff,604020733345005567
861e9a86fffffff,604020734687182847
861e9a94fffffff,604020738445279231
861e9e2c7ffffff,604020985271681023
861e9a917ffffff,604020737505755135
86384d107ffffff,604472808315027455
86384d9a7ffffff,604472845359120383
863f364c7ffffff,604594389175500799
863f365afffffff,604594393067814911
86384d80fffffff,604472838514016255
86386b6c7ffffff,604474894595391487
86384d8f7ffffff,604472842406330367
86384dd47ffffff,604472860928376831
863f36417ffffff,604594386222710783
863f36577ffffff,604594392128290815
86384d847ffffff,604472839453540351
86384d177ffffff,604472810194075647
863f36537ffffff,604594391054548991
86386b64fffffff,604474892582125567
86384d967ffffff,604472844285378559
863f3648fffffff,604594388235976703
863f36487ffffff,604594388101758975
86384d8b7ffffff,604472841332588543
86384d99fffffff,604472845224902655
863f365a7ffffff,604594392933597183
86384d807ffffff,604472838379798527
86384d8efffffff,604472842272112639
86384d137ffffff,604472809120333823
86384d96fffffff,604472844419596287
863f3640fffffff,604594386088493055
863f364f7ffffff,604594389980807167
86384dba7ffffff,604472853949054975
86384dd77ffffff,604472861733683199
86384d16fffffff,604472810059857919
86384d887ffffff,604472840527282175
86386b647ffffff,604474892447907839
86384d877ffffff,604472840258846719
86384d95fffffff,604472844151160831
86384d8afffffff,604472841198370815
86386b657ffffff,604474892716343295
86384d997ffffff,604472845090684927
863f364b7ffffff,604594388907065343
863f3659fffffff,604594392799379455
86384d8e7ffffff,604472842137894911
86384d12fffffff,604472808986116095
863f36407ffffff,604594385954275327
863f364efffffff,604594389846589439
86384d837ffffff,604472839185104895
86386b6efffffff,604474895266480127
863f36457ffffff,604594387296452607
86384d91fffffff,604472843077419007
86384dd6fffffff,604472861599465471
86384d167ffffff,604472809925640191
86384d86fffffff,604472840124628991
86384d957ffffff,604472844016943103
863f36477ffffff,604594387833323519
86384db27ffffff,604472851801571327
86384d937ffffff,604472843480072191
863f3655fffffff,604594391725637631
86384d8a7ffffff,604472841064153087
86384d98fffffff,604472844956467199
863f364afffffff,604594388772847615
863f36597ffffff,604594392665161727
86384d84fffffff,604472839587758079
86386b25fffffff,604474875670691839
86384d8dfffffff,604472842003677183
86384dd2fffffff,604472860525723647
86384d127ffffff,604472808851898367
86384dbb7ffffff,604472854217490431
863f364e7ffffff,604594389712371711
86384db97ffffff,604472853680619519
86384d82fffffff,604472839050887167
863f36507ffffff,604594390249242623
86386b6e7ffffff,604474895132262399
86384d917ffffff,604472842943201279
86384dd67ffffff,604472861465247743
863f36437ffffff,604594386759581695
863f3651fffffff,604594390651895807
863f3641fffffff,604594386356928511
86386b2cfffffff,604474877549740031
86384d867ffffff,604472839990411263
86384d94fffffff,604472843882725375
86384d147ffffff,604472809388769279
863f36557ffffff,604594391591419903
86384d89fffffff,604472840929935359
86384dd4fffffff,604472861062594559
86384d987ffffff,604472844822249471
863f364a7ffffff,604594388638629887
863f3658fffffff,604594392530943999
86384d8d7ffffff,604472841869459455
86384d827ffffff,604472838916669439
86384dc67ffffff,604472857170280447
86386b6cfffffff,604474894729609215
86384d817ffffff,604472838648233983
86386b6dfffffff,604474894998044671
863f365b7ffffff,604594393202032639
86384d90fffffff,604472842808983551
86384dd5fffffff,604472861331030015
863f3642fffffff,604594386625363967
863f36517ffffff,604594390517678079
86384d85fffffff,604472839856193535
86384d897ffffff,604472840795717631
863f3649fffffff,604594388504412159
863f36587ffffff,604594392396726271
86386b24fffffff,604474875402256383
86384d8cfffffff,604472841735241727
86384d9b7ffffff,604472845627555839
863f364d7ffffff,604594389443936255
86384db87ffffff,604472853412184063
86384d9afffffff,604472845493338111
86384d81fffffff,604472838782451711
86384d10fffffff,604472808449245183
86384dc6fffffff,604472857304498175
86386b6d7ffffff,604474894863826943
86384d907ffffff,604472842674765823
86384d8c7ffffff,604472841601023999
86384dd57ffffff,604472861196812287
863f36427ffffff,604594386491146239
863f3650fffffff,604594390383460351
86384d857ffffff,604472839721975807
86386b65fffffff,604474892850561023
86384d88fffffff,604472840661499903
863f36497ffffff,604594388370194431
861e94857ffffff,604020321967669247
861e929afffffff,604020190300078079
861e96467ffffff,604020442495188991
863949ad7ffffff,604490167767531519
861e96997ffffff,604020464775331839
861e94aefffffff,604020333107740671
861e940b7ffffff,604020289218543615
861e92c47ffffff,604020201440149503
861e90d9fffffff,604020069772558335
863949337ffffff,604490135018405887
861e96c2fffffff,604020475915403263
861e94d87ffffff,604020344247812095
863865a1fffffff,604474496639827967
861e9648fffffff,604020443166277631
861e90897ffffff,604020048163504127
861e96727ffffff,604020454306349055
8639490c7ffffff,604490124549423103
861e94b17ffffff,604020333778829311
861e940dfffffff,604020289889632255
861e94327ffffff,604020299687526399
861e94d5fffffff,604020343576723455
861e92c6fffffff,604020202111238143
86394935fffffff,604490135689494527
861e96c07ffffff,604020475244314623
861e96c57ffffff,604020476586491903
861e9621fffffff,604020432697294847
861e94dafffffff,604020344918900735
861e94377ffffff,604020301029703679
863865a47ffffff,604474497310916607
86386500fffffff,604474453421719551
86394930fffffff,604490134347317247
861e964b7ffffff,604020443837366271
861e9460fffffff,604020312169775103
861e9674fffffff,604020454977437695
861e90d77ffffff,604020069101469695
861e948a7ffffff,604020323309846527
863949b27ffffff,604490169109708799
861e92c1fffffff,604020200769060863
8639490efffffff,604490125220511743
861e9408fffffff,604020288547454975
861e94ac7ffffff,604020332436652031
861e94107ffffff,604020290560720895
861e92c97ffffff,604020202782326783
861e9696fffffff,604020464104243199
863949387ffffff,604490136360583167
861e96247ffffff,604020433368383487
861e9439fffffff,604020301700792319
863865a6fffffff,604474497982005247
861e964dfffffff,604020444508454911
861e94637ffffff,604020312840863743
863949077ffffff,604490123207245823
863949aafffffff,604490167096442879
861e96777ffffff,604020455648526335
861e948cfffffff,604020323980935167
863949b4fffffff,604490169780797439
861eb26a7ffffff,604022376304214015
861e96a0fffffff,604020466788597759
861e92987ffffff,604020189628989439
861e9412fffffff,604020291231809535
8639493afffffff,604490137031671807
861e9482fffffff,604020321296580607
861e96ca7ffffff,604020477928669183
861e9626fffffff,604020434039472127
861e966d7ffffff,604020452964171775
863865a97ffffff,604474498653093887
86386505fffffff,604474454763896831
863949647ffffff,604490148171743231
861e96507ffffff,604020445179543551
861e9465fffffff,604020313511952383
861e9090fffffff,604020050176770047
861e9679fffffff,604020456319614975
861e948f7ffffff,604020324652023807
863949b77ffffff,604490170451886079
861eb26cfffffff,604022376975302655
861e96a37ffffff,604020467459686399
861e94b8fffffff,604020335792095231
861e94157ffffff,604020291902898175
861e92ce7ffffff,604020204124504063
86386522fffffff,604474462548525055
861e90407ffffff,604020028567715839
861e94597ffffff,604020310156509183
861e96ccfffffff,604020478599757823
861e96297ffffff,604020434710560767
86394966fffffff,604490148842831871
861e9652fffffff,604020445850632191
861e94687ffffff,604020314183041023
86386531fffffff,604474466575056895
861e90937ffffff,604020050847858687
861e9491fffffff,604020325323112447
861e90197ffffff,604020018098733055
863949b9fffffff,604490171122974719
863949167ffffff,604490127233777663
861eb26f7ffffff,604022377646391295
861e96a5fffffff,604020468130775039
861e905afffffff,604020035681255423
861e96027ffffff,604020424241577983
861e94bb7ffffff,604020336463183871
86386584fffffff,604474488855199743
861e92d0fffffff,604020204795592703
861e9042fffffff,604020029238804479
861e96cf7ffffff,604020479270846463
861e94d37ffffff,604020342905634815
861e94417ffffff,604020303714058239
861e961a7ffffff,604020430684028927
863865ae7ffffff,604474499995271167
861e96557ffffff,604020446521720831
861e946afffffff,604020314854129663
863865347ffffff,604474467246145535
861e92807ffffff,604020183186538495
861e92067ffffff,604020150437412863
861e96a87ffffff,604020468801863679
8639492e7ffffff,604490133676228607
861e9604fffffff,604020424912666623
861e941a7ffffff,604020293245075455
863865877ffffff,604474489526288383
861e90d4fffffff,604020068430381055
861e92d37ffffff,604020205466681343
861e96d1fffffff,604020479941935103
861e962e7ffffff,604020436052738047
863865b0fffffff,604474500666359807
861e94067ffffff,604020287876366335
861e94a9fffffff,604020331765563391
861e946d7ffffff,604020315525218303
86386536fffffff,604474467917234175
861e96947ffffff,604020463433154559
861e9282fffffff,604020183857627135
861e90987ffffff,604020052190035967
861e96817ffffff,604020458332880895
861e90c1fffffff,604020063330107391
861e96aafffffff,604020469472952319
861e96077ffffff,604020425583755263
86394904fffffff,604490122536157183
863949a87ffffff,604490166425354239
861e94c07ffffff,604020337805361151
861e92d5fffffff,604020206137769983
861e96d47ffffff,604020480613023743
861e9630fffffff,604020436723826687
861e94467ffffff,604020305056235519
861e9295fffffff,604020188957900799
863865b37ffffff,604474501337448447
8639496e7ffffff,604490150856097791
861e94807ffffff,604020320625491967
861e92857ffffff,604020184528715775
861e909afffffff,604020052861124607
861e966afffffff,604020452293083135
861eb24d7ffffff,604022368519585791
861e94997ffffff,604020327336378367
861e90c47ffffff,604020064001196031
861e96ad7ffffff,604020470144040959
861e9609fffffff,604020426254843903
861e94c2fffffff,604020338476449791
8638658c7ffffff,604474490868465663
861e92d87ffffff,604020206808858623
861e904a7ffffff,604020031252070399
861e96d6fffffff,604020481284112383
861e96337ffffff,604020437394915327
861e9448fffffff,604020305727324159
863865b5fffffff,604474502008537087
86394970fffffff,604490151527186431
863865207ffffff,604474461877436415
861e94727ffffff,604020316867395583
861e9456fffffff,604020309485420543
861e96867ffffff,604020459675058175
861e92b17ffffff,604020196339875839
861e96417ffffff,604020441153011711
861e90c6fffffff,604020064672284671
863949207ffffff,604490129918132223
861eb2797ffffff,604022380330745855
861e960c7ffffff,604020426925932543
861e94c57ffffff,604020339147538431
861e9421fffffff,604020295258341375
8638658efffffff,604474491539554303
861e92dafffffff,604020207479947263
861e9635fffffff,604020438066003967
861e944b7ffffff,604020306398412799
861e90587ffffff,604020035010166783
863865b87ffffff,604474502679625727
86386514fffffff,604474458790428671
861e9474fffffff,604020317538484223
861e928a7ffffff,604020185870893055
861e9688fffffff,604020460346146815
861e942d7ffffff,604020298345349119
861e94d0fffffff,604020342234546175
861e92107ffffff,604020153121767423
861e90c97ffffff,604020065343373311
861e96bb7ffffff,604020473902137343
86394922fffffff,604490130589220863
861e96b27ffffff,604020471486218239
861e960efffffff,604020427597021183
861e904f7ffffff,604020032594247679
861eb348fffffff,604022436031102975
861e96387ffffff,604020438737092607
861e944dfffffff,604020307069501439
863865bafffffff,604474503350714367
863865177ffffff,604474459461517311
86394975fffffff,604490152869363711
861e90d27ffffff,604020067759292415
861e9661fffffff,604020449877164031
861e92197ffffff,604020155537686527
861e94777ffffff,604020318209572863
861e928cfffffff,604020186541981695
861e968b7ffffff,604020461017235455
861e94a77ffffff,604020331094474751
861e94a0fffffff,604020329349644287
861e9212fffffff,604020153792856063
861e9691fffffff,604020462762065919
863949257ffffff,604490131260309503
861e96b4fffffff,604020472157306879
861e96117ffffff,604020428268109823
861e94ca7ffffff,604020340489715711
861e9051fffffff,604020033265336319
861eb34b7ffffff,604022436702191615
863949027ffffff,604490121865068543
863949a5fffffff,604490165754265599
861e963afffffff,604020439408181247
861e94507ffffff,604020307740590079
861e96647ffffff,604020450548252671
861e9479fffffff,604020318880661503
861e928f7ffffff,604020187213070335
861e92937ffffff,604020188286812159
863949a1fffffff,604490164680523775
861e968dfffffff,604020461688324095
861e94a37ffffff,604020330020732927
861e92b8fffffff,604020198353141759
861e92157ffffff,604020154463944703
861e96687ffffff,604020451621994495
861e90ce7ffffff,604020066685550591
861e96b77ffffff,604020472828395519
861e94ccfffffff,604020341160804351
861e94297ffffff,604020297271607295
861e90547ffffff,604020033936424959
861eb34dfffffff,604022437373280255
861e9452fffffff,604020308411678719
861e9666fffffff,604020451219341311
861e9291fffffff,604020187884158975
863949a47ffffff,604490165351612415
86394900fffffff,604490121462415359
861e96907ffffff,604020462359412735
861e94027ffffff,604020286802624511
861e92bb7ffffff,604020199024230399
861e90d0fffffff,604020067356639231
8639492a7ffffff,604490132602486783
861e94547ffffff,604020308814331903
861e96b9fffffff,604020473499484159
861e96167ffffff,604020429610287103
861e94cf7ffffff,604020341831892991
861e9056fffffff,604020034607513599
861e94557ffffff,604020309082767359
861e90807ffffff,604020045747585023
861e96697ffffff,604020451890429951
861eb34f7ffffff,604022437775933439
861e92947ffffff,604020188555247615
863949a6fffffff,604490166022701055
861e9692fffffff,604020463030501375
861e94a87ffffff,604020331362910207
861e9404fffffff,604020287473713151
861e9055fffffff,604020034339078143
861e921a7ffffff,604020155806121983
861e90d37ffffff,604020068027727871
8639492cfffffff,604490133273575423
861e9618fffffff,604020430281375743
861e94d1fffffff,604020342502981631
861e942afffffff,604020297674260479
861e94ce7ffffff,604020341563457535
861e942e7ffffff,604020298613784575
861e96157ffffff,604020429341851647
861e96b8fffffff,604020473231048703
861e90597ffffff,604020035278602239
861e96427ffffff,604020441421447167
861e94817ffffff,604020320893927423
861e9296fffffff,604020189226336255
863949a97ffffff,604490166693789695
86394905fffffff,604490122804592639
863949297ffffff,604490132334051327
861e96957ffffff,604020463701590015
861e94aafffffff,604020332033998847
861e94077ffffff,604020288144801791
861e92c07ffffff,604020200366407679
861e90d5fffffff,604020068698816511
861e9216fffffff,604020154866597887
861e92ba7ffffff,604020198755794943
8639492f7ffffff,604490133944664063
861e94017ffffff,604020286534189055
861e961b7ffffff,604020430952464383
861e94d47ffffff,604020343174070271
861e9430fffffff,604020299284873215
861e968f7ffffff,604020462090977279
861e9644fffffff,604020442092535807
861e945a7ffffff,604020310424944639
861e966e7ffffff,604020453232607231
861e92997ffffff,604020189897424895
861eb2617ffffff,604022373888294911
861e94ad7ffffff,604020332705087487
861e9409fffffff,604020288815890431
863949a37ffffff,604490165083176959
861e92c2fffffff,604020201037496319
861e90d87ffffff,604020069369905151
86394931fffffff,604490134615752703
861e96c17ffffff,604020475512750079
861e94d6fffffff,604020343845158911
861e9290fffffff,604020187615723519
861e94337ffffff,604020299955961855
863865a07ffffff,604474496237174783
861e947b7ffffff,604020319283314687
861e96477ffffff,604020442763624447
863865267ffffff,604474463488049151
861e9665fffffff,604020450950905855
86394984fffffff,604490156895895551
861e9670fffffff,604020453903695871
861e94867ffffff,604020322236104703
863949ae7ffffff,604490168035966975
861e969a7ffffff,604020465043767295
861e940c7ffffff,604020289486979071
861e92c57ffffff,604020201708584959
861e90dafffffff,604020070040993791
863949347ffffff,604490135286841343
861e96207ffffff,604020432294641663
861e94d97ffffff,604020344516247551
861e9435fffffff,604020300627050495
863865a2fffffff,604474496908263423
861e9649fffffff,604020443434713087
861e908a7ffffff,604020048431939583
861e96737ffffff,604020454574784511
861e9451fffffff,604020308143243263
861e9488fffffff,604020322907193343
863949b0fffffff,604490168707055615
8639490d7ffffff,604490124817858559
861e94b27ffffff,604020334047264767
861e940efffffff,604020290158067711
86394936fffffff,604490135957929983
861e96c67ffffff,604020476854927359
861e9622fffffff,604020432965730303
861e94387ffffff,604020301298139135
863865a57ffffff,604474497579352063
861e964c7ffffff,604020444105801727
861e9461fffffff,604020312438210559
861e9675fffffff,604020455245873151
861e90537ffffff,604020033667989503
861e948b7ffffff,604020323578281983
863949b37ffffff,604490169378144255
861eb268fffffff,604022375901560831
861e94117ffffff,604020290829156351
863865957ffffff,604474493284384767
861e94287ffffff,604020297003171839
861e92ca7ffffff,604020203050762239
863949397ffffff,604490136629018623
861e9612fffffff,604020428670763007
861e96b67ffffff,604020472559960063
861e96c8fffffff,604020477526015999
861e96257ffffff,604020433636818943
861e943afffffff,604020301969227775
863865047ffffff,604474454361243647
86394962fffffff,604490147769090047
861e964efffffff,604020444776890367
86394926fffffff,604490131662962687
861e94647ffffff,604020313109299199
861e96787ffffff,604020455916961791
861e948dfffffff,604020324249370623
861e90cd7ffffff,604020066417115135
861e92a37ffffff,604020192581779455
861e92147ffffff,604020154195509247
863949b5fffffff,604490170049232895
861eb26b7ffffff,604022376572649471
861e96a1fffffff,604020467057033215
861e94a27ffffff,604020329752297471
861e94b77ffffff,604020335389442047
86386580fffffff,604474487781457919
861e968cfffffff,604020461419888639
861e92ccfffffff,604020203721850879
863865aa7ffffff,604474498921529343
86386506fffffff,604474455032332287
863949657ffffff,604490148440178687
861e96517ffffff,604020445447979007
861e9466fffffff,604020313780387839
863865307ffffff,604474466172403711
863949a0fffffff,604490164412088319
861e9091fffffff,604020050445205503
8639498efffffff,604490159580250111
861e967afffffff,604020456588050431
861e92027ffffff,604020149363671039
863949b87ffffff,604490170720321535
861e928e7ffffff,604020186944634879
86394914fffffff,604490126831124479
861eb26dfffffff,604022377243738111
861e9478fffffff,604020318612226047
861e96a47ffffff,604020467728121855
861e9600fffffff,604020423838924799
861e96637ffffff,604020450279817215
861e94b9fffffff,604020336060530687
861e94167ffffff,604020292171333631
861e92cf7ffffff,604020204392939519
861e90417ffffff,604020028836151295
861e96cdfffffff,604020478868193279
861e962a7ffffff,604020434978996223
863865acfffffff,604474499592617983
863949777ffffff,604490153272016895
861e94697ffffff,604020314451476479
86386532fffffff,604474466843492351
861e92a87ffffff,604020193923956735
861e901a7ffffff,604020018367168511
863949bafffffff,604490171391410175
863949177ffffff,604490127502213119
861e96a6fffffff,604020468399210495
861e96037ffffff,604020424510013439
861e944f7ffffff,604020307472154623
861e9418fffffff,604020292842422271
86386585fffffff,604474489123635199
861e9639fffffff,604020439139745791
861e92d1fffffff,604020205064028159
861e96d07ffffff,604020479539281919
861e962cfffffff,604020435650084863
861e94427ffffff,604020303982493695
863865af7ffffff,604474500263706623
861e96567ffffff,604020446790156287
863865357ffffff,604474467514580991
861e92817ffffff,604020183454973951
861e92077ffffff,604020150705848319
861e90c07ffffff,604020062927454207
861e9050fffffff,604020032996900863
861e96a97ffffff,604020469070299135
861e9605fffffff,604020425181102079
861e941b7ffffff,604020293513510911
861e92d47ffffff,604020205735116799
861e96d2fffffff,604020480210370559
861e962f7ffffff,604020436321173503
861e94c97ffffff,604020340221280255
861e9444fffffff,604020304653582335
861e96107ffffff,604020427999674367
863865b1fffffff,604474500934795263
8639496cfffffff,604490150453444607
861e9658fffffff,604020447461244927
861e946e7ffffff,604020315793653759
861e90997ffffff,604020052458471423
861e96827ffffff,604020458601316351
861e90c2fffffff,604020063598542847
863949247ffffff,604490130991874047
861e96087ffffff,604020425852190719
861e94c17ffffff,604020338073796607
861e92d6fffffff,604020206406205439
861e90cafffffff,604020065746026495
861e9048fffffff,604020030849417215
861e9211fffffff,604020153524420607
861e96d57ffffff,604020480881459199
861e9631fffffff,604020436992262143
861e94477ffffff,604020305324670975
863865b47ffffff,604474501605883903
8639496f7ffffff,604490151124533247
861e9470fffffff,604020316464742399
861e968a7ffffff,604020460748799999
8638653a7ffffff,604474468856758271
861e92867ffffff,604020184797151231
861eb24e7ffffff,604022368788021247
861e9684fffffff,604020459272404991
861e949a7ffffff,604020327604813823
861e90c57ffffff,604020064269631487
861e96ae7ffffff,604020470412476415
861e960afffffff,604020426523279359
861e94207ffffff,604020294855688191
8638658d7ffffff,604474491136901119
861e92d97ffffff,604020207077294079
861e904b7ffffff,604020031520505855
861e96347ffffff,604020437663350783
861e9449fffffff,604020305995759615
863865b6fffffff,604474502276972543
861e94737ffffff,604020317135831039
861e94767ffffff,604020317941137407
861e9288fffffff,604020185468239871
861e96877ffffff,604020459943493631
861e9660fffffff,604020449608728575
861e92b27ffffff,604020196608311295
863949217ffffff,604490130186567679
861e96b0fffffff,604020471083565055
861e960d7ffffff,604020427194367999
861e94c67ffffff,604020339415973887
861e9422fffffff,604020295526776831
861e9636fffffff,604020438334439423
86394974fffffff,604490152600928255
861e944c7ffffff,604020306666848255
863865b97ffffff,604474502948061183
86386515fffffff,604474459058864127
863949747ffffff,604490152466710527
861e96607ffffff,604020449474510847
861e9475fffffff,604020317806919679
863865167ffffff,604474459193081855
863865b9fffffff,604474503082278911
861e944cfffffff,604020306801065983
861e928b7ffffff,604020186139328511
861e9689fffffff,604020460614582271
861e96377ffffff,604020438468657151
861e96dafffffff,604020482357854207
861e92117ffffff,604020153390202879
861e90ca7ffffff,604020065611808767
861e96b37ffffff,604020471754653695
861e94c8fffffff,604020340087062527
861e94257ffffff,604020296197865471
861e90507ffffff,604020032862683135
861eb349fffffff,604022436299538431
861e96397ffffff,604020439005528063
861e944efffffff,604020307337936895
861e904e7ffffff,604020032325812223
86394976fffffff,604490153137799167
861e9662fffffff,604020450145599487
861e94787ffffff,604020318478008319
861e928dfffffff,604020186810417151
863949a07ffffff,604490164277870591
861e94237ffffff,604020295660994559
861e94c6fffffff,604020339550191615
861e968c7ffffff,604020461285670911
861e960dfffffff,604020427328585727
861e96b17ffffff,604020471217782783
861e94a1fffffff,604020329618079743
861e90ccfffffff,604020066282897407
863949267ffffff,604490131528744959
861e96b5fffffff,604020472425742335
861e96127ffffff,604020428536545279
861e94cb7ffffff,604020340758151167
86394921fffffff,604490130320785407
86386594fffffff,604474493150167039
861e9052fffffff,604020033533771775
861e94517ffffff,604020308009025535
861e90c87ffffff,604020065074937855
861e96657ffffff,604020450816688127
861e947afffffff,604020319149096959
861e92b2fffffff,604020196742529023
861e92907ffffff,604020187481505791
863949a2fffffff,604490164948959231
861e968efffffff,604020461956759551
861e9400fffffff,604020286399971327
861e92b9fffffff,604020198621577215
861e92167ffffff,604020154732380159
861e90cf7ffffff,604020066953986047
86394928fffffff,604490132199833599
861e96b87ffffff,604020473096830975
861e9614fffffff,604020429207633919
861e94cdfffffff,604020341429239807
861e942a7ffffff,604020297540042751
861e90557ffffff,604020034204860415
861e9292fffffff,604020188152594431
863949a57ffffff,604490165620047871
86394901fffffff,604490121730850815
861e96917ffffff,604020462627848191
861e94037ffffff,604020287071059967
861e9218fffffff,604020155403468799
861e92897ffffff,604020185602457599
861e90d1fffffff,604020067625074687
8639492b7ffffff,604490132870922239
861e96bafffffff,604020473767919615
861e96177ffffff,604020429878722559
861e94d07ffffff,604020342100328447
861e942cfffffff,604020298211131391
861e9640fffffff,604020441018793983
861e94567ffffff,604020309351202815
861e90817ffffff,604020046016020479
861e966a7ffffff,604020452158865407
861e92957ffffff,604020188823683071
863949047ffffff,604490122401939455
861e94a97ffffff,604020331631345663
861e9405fffffff,604020287742148607
861e921b7ffffff,604020156074557439
861e90d47ffffff,604020068296163327
8639492dfffffff,604490133542010879
861e9619fffffff,604020430549811199
861e94d2fffffff,604020342771417087
861e942f7ffffff,604020298882220031
861e905a7ffffff,604020035547037695
863865b77ffffff,604474502411190271
861e944a7ffffff,604020306129977343
861e96437ffffff,604020441689882623
861e9458fffffff,604020310022291455
861e9634fffffff,604020437797568511
863865227ffffff,604474462414307327
861e966cfffffff,604020452829954047
861e94827ffffff,604020321162362879
863949aa7ffffff,604490166962225151
86394906fffffff,604490123073028095
861e96967ffffff,604020463970025471
861e94087ffffff,604020288413237247
861e92c17ffffff,604020200634843135
861e90d6fffffff,604020068967251967
863949307ffffff,604490134213099519
861e94d57ffffff,604020343442505727
861e9431fffffff,604020299553308671
861e9645fffffff,604020442360971263
861e945b7ffffff,604020310693380095
861e92d9fffffff,604020207211511807
8638658dfffffff,604474491271118847
861e9420fffffff,604020294989905919
861e94c47ffffff,604020338879102975
86386524fffffff,604474463085395967
861e960b7ffffff,604020426657497087
861e96aefffffff,604020470546694143
861e966f7ffffff,604020453501042687
861e9484fffffff,604020321833451519
861eb2787ffffff,604022380062310399
861e929a7ffffff,604020190165860351
863949acfffffff,604490167633313791
861e9698fffffff,604020464641114111
861e94ae7ffffff,604020332973522943
861e940afffffff,604020289084325887
861e90d97ffffff,604020069638340607
86394932fffffff,604490134884188159
861e90c5fffffff,604020064403849215
861e96c27ffffff,604020475781185535
861e94347ffffff,604020300224397311
861e92b07ffffff,604020196071440383
863865a17ffffff,604474496505610239
861e96487ffffff,604020443032059903
861e949afffffff,604020327739031551
863865277ffffff,604474463756484607
861e9088fffffff,604020048029286399
861e96857ffffff,604020459406622719
86394985fffffff,604490157164331007
861e9671fffffff,604020454172131327
861eb24efffffff,604022368922238975
861e94877ffffff,604020322504540159
863949af7ffffff,604490168304402431
861e969b7ffffff,604020465312202751
861e94b0fffffff,604020333644611583
861e940d7ffffff,604020289755414527
861e92c67ffffff,604020201977020415
863949357ffffff,604490135555276799
861e96c4fffffff,604020476452274175
861e96217ffffff,604020432563077119
861e94da7ffffff,604020344784683007
861e9286fffffff,604020184931368959
8638653afffffff,604474468990975999
861e9436fffffff,604020300895485951
861e94717ffffff,604020316598960127
861e964afffffff,604020443703148543
861e94607ffffff,604020312035557375
861e908b7ffffff,604020048700375039
861e96747ffffff,604020454843219967
861e9489fffffff,604020323175628799
863949b1fffffff,604490168975491071
8639490e7ffffff,604490125086294015
861e94b37ffffff,604020334315700223
861e92c8fffffff,604020202648109055
861e96c77ffffff,604020477123362815
861e94397ffffff,604020301566574591
863865a67ffffff,604474497847787519
86386502fffffff,604474453958590463
861e964d7ffffff,604020444374237183
861e9462fffffff,604020312706646015
861e9676fffffff,604020455514308607
861e948c7ffffff,604020323846717439
863949b47ffffff,604490169646579711
863865b4fffffff,604474501740101631
861eb269fffffff,604022376169996287
861e96a07ffffff,604020466654380031
861e94127ffffff,604020291097591807
861e96327ffffff,604020437126479871
861e96d5fffffff,604020481015676927
861e92cb7ffffff,604020203319197695
8639493a7ffffff,604490136897454079
861e96267ffffff,604020433905254399
863865a8fffffff,604474498518876159
863865057ffffff,604474454629679103
861e94657ffffff,604020313377734655
861e90907ffffff,604020050042552319
861e96797ffffff,604020456185397247
861e948efffffff,604020324517806079
861e90497ffffff,604020030983634943
863949b6fffffff,604490170317668351
861eb26c7ffffff,604022376841084927
861e96a2fffffff,604020467325468671
861e92d77ffffff,604020206540423167
861e94b87ffffff,604020335657877503
861e9414fffffff,604020291768680447
861e94c1fffffff,604020338208014335
86386581fffffff,604474488049893375
861e9608fffffff,604020425986408447
861e96ac7ffffff,604020469875605503
861e96cc7ffffff,604020478465540095
861e9628fffffff,604020434576343039
863865ab7ffffff,604474499189964799
863949667ffffff,604490148708614143
861e96527ffffff,604020445716414463
863865317ffffff,604474466440839167
861e9092fffffff,604020050713640959
861e94917ffffff,604020325188894719
861e92037ffffff,604020149632106495
863949b97ffffff,604490170988756991
861e90c37ffffff,604020063732760575
86394915fffffff,604490127099559935
861eb26efffffff,604022377512173567
861e96a57ffffff,604020467996557311
861e9601fffffff,604020424107360255
861e94bafffffff,604020336328966143
861e94987ffffff,604020327067942911
861e94177ffffff,604020292439769087
863865847ffffff,604474488720982015
861e9682fffffff,604020458735534079
861e92d07ffffff,604020204661374975
861e90427ffffff,604020029104586751
861eb24c7ffffff,604022368251150335
861e96cefffffff,604020479136628735
861e962b7ffffff,604020435247431679
861e9440fffffff,604020303579840511
863865adfffffff,604474499861053439
861e9654fffffff,604020446387503103
861e946a7ffffff,604020314719911935
861e90957ffffff,604020051384729599
861e9099fffffff,604020052592689151
861e92a97ffffff,604020194192392191
861e901b7ffffff,604020018635603967
861e92847ffffff,604020184260280319
861e96047ffffff,604020424778448895
861e9419fffffff,604020293110857727
861e946efffffff,604020315927871487
86386586fffffff,604474489392070655
861e92d2fffffff,604020205332463615
861e96d17ffffff,604020479807717375
861e962dfffffff,604020435918520319
861e94437ffffff,604020304250929151
863865b07ffffff,604474500532142079
861e96577ffffff,604020447058591743
861e946cfffffff,604020315391000575
863865367ffffff,604474467783016447
861e92827ffffff,604020183723409407
8639496d7ffffff,604490150587662335
861e9680fffffff,604020458198663167
861e90c17ffffff,604020063195889663
861e96aa7ffffff,604020469338734591
861e9606fffffff,604020425449537535
861e92d57ffffff,604020206003552255
861e90477ffffff,604020030446764031
8638650efffffff,604474457179815935
863865b27ffffff,604474501069012991
861e94457ffffff,604020304787800063
861e96307ffffff,604020436589608959
861e9445fffffff,604020304922017791
863865b2fffffff,604474501203230719
8639496dfffffff,604490150721880063
861e9659fffffff,604020447729680383
861e946f7ffffff,604020316062089215
861e9284fffffff,604020184394498047
861e909a7ffffff,604020052726906879
861eb24cfffffff,604022368385368063
861e96837ffffff,604020458869751807
861e9498fffffff,604020327202160639
861e96acfffffff,604020470009823231
861e96097ffffff,604020426120626175
861e94c27ffffff,604020338342232063
861e9049fffffff,604020031117852671
861e96d67ffffff,604020481149894655
861e9632fffffff,604020437260697599
861e92d4fffffff,604020205869334527
861e94487ffffff,604020305593106431
863865b57ffffff,604474501874319359
861e9471fffffff,604020316733177855
8638653b7ffffff,604474469125193727
861e96067ffffff,604020425315319807
861e96a9fffffff,604020469204516863
861e92877ffffff,604020185065586687
861eb24f7ffffff,604022369056456703
861e9685fffffff,604020459540840447
861e949b7ffffff,604020327873249279
861e92b0fffffff,604020196205658111
861e90c67ffffff,604020064538066943
861eb278fffffff,604022380196528127
861e96af7ffffff,604020470680911871
861e94c4fffffff,604020339013320703
861e94217ffffff,604020295124123647
861e90c0fffffff,604020063061671935
8638658e7ffffff,604474491405336575
861e92da7ffffff,604020207345729535
861e92ab7ffffff,604020194729263103
861e904c7ffffff,604020031788941311
861e96d8fffffff,604020481820983295
861e9495fffffff,604020326396854271
861e96357ffffff,604020437931786239
861e944afffffff,604020306264195071
861e96807ffffff,604020458064445439
863865147ffffff,604474458656210943
86394972fffffff,604490152064057343
861eb249fffffff,604022367580061695
861e94747ffffff,604020317404266495
861e9289fffffff,604020185736675327
861e96887ffffff,604020460211929087
861e92b37ffffff,604020196876746751
861e90c8fffffff,604020065209155583
863949227ffffff,604490130455003135
861eb27b7ffffff,604022380867616767
861e90977ffffff,604020051921600511
861e96b1fffffff,604020471352000511
861e960e7ffffff,604020427462803455
861e9281fffffff,604020183589191679
86386535fffffff,604474467648798719
861e94c77ffffff,604020339684409343
861e946c7ffffff,604020315256782847
861eb3487ffffff,604022435896885247
861e944d7ffffff,604020306935283711
861e9656fffffff,604020446924374015
863865ba7ffffff,604474503216496639
86386516fffffff,604474459327299583
863949757ffffff,604490152735145983
861e96617ffffff,604020449742946303
861e9476fffffff,604020318075355135
861e928c7ffffff,604020186407763967
861e968afffffff,604020460883017727
861e94a07ffffff,604020329215426559
861e92127ffffff,604020153658638335
861e90cb7ffffff,604020065880244223
86394924fffffff,604490131126091775
861e96b47ffffff,604020472023089151
861e9610fffffff,604020428133892095
861e94c9fffffff,604020340355497983
861e90517ffffff,604020033131118591
861eb34afffffff,604022436567973887
861e9442fffffff,604020304116711423
861e963a7ffffff,604020439273963519
861e94797ffffff,604020318746443775
861e962d7ffffff,604020435784302591
861e96d0fffffff,604020479673499647
861e928efffffff,604020187078852607
863949a17ffffff,604490164546306047
861e968d7ffffff,604020461554106367
861e94a2fffffff,604020329886515199
861e92b87ffffff,604020198218924031
861e9214fffffff,604020154329726975
861e90cdfffffff,604020066551332863
863949277ffffff,604490131797180415
861e96b6fffffff,604020472694177791
861e96137ffffff,604020428804980735
861e94cc7ffffff,604020341026586623
861e9428fffffff,604020297137389567
86386595fffffff,604474493418602495
861e92d27ffffff,604020205198245887
863865867ffffff,604474489257852927
861e94197ffffff,604020292976639999
861eb34d7ffffff,604022437239062527
861e94527ffffff,604020308277460991
861e96667ffffff,604020451085123583
861e96a77ffffff,604020468533428223
861e92917ffffff,604020187749941247
863949007ffffff,604490121328197631
861e94a57ffffff,604020330557603839
861e9401fffffff,604020286668406783
861e92bafffffff,604020198890012671
861e92177ffffff,604020155000815615
861e90d07ffffff,604020067222421503
863949bb7ffffff,604490171525627903
86394929fffffff,604490132468269055
861e96b97ffffff,604020473365266431
861e9615fffffff,604020429476069375
861e94cefffffff,604020341697675263
861e942b7ffffff,604020297808478207
861e90567ffffff,604020034473295871
861e9454fffffff,604020308948549631
861e9668fffffff,604020451756212223
863949a67ffffff,604490165888483327
86394902fffffff,604490121999286271
861e96927ffffff,604020462896283647
861e94047ffffff,604020287339495423
861e90d2fffffff,604020067893510143
8639492c7ffffff,604490133139357695
861e96187ffffff,604020430147158015
861e94d17ffffff,604020342368763903
861e942dfffffff,604020298479566847
861e9058fffffff,604020035144384511
861e9641fffffff,604020441287229439
861e94577ffffff,604020309619638271
861e90827ffffff,604020046284455935
861e966b7ffffff,604020452427300863
861e9480fffffff,604020320759709695
861e92967ffffff,604020189092118527
863949a8fffffff,604490166559571967
863949057ffffff,604490122670374911
863865337ffffff,604474466977710079
861e9694fffffff,604020463567372287
861e9469fffffff,604020314585694207
861e94aa7ffffff,604020331899781119
861e9406fffffff,604020288010584063
861e96547ffffff,604020446253285375
861e90d57ffffff,604020068564598783
8639492efffffff,604490133810446335
861e961afffffff,604020430818246655
861e94307ffffff,604020299150655487
861e905b7ffffff,604020035815473151
861e96447ffffff,604020441958318079
861e9459fffffff,604020310290726911
863865237ffffff,604474462682742783
861e966dfffffff,604020453098389503
861e94837ffffff,604020321430798335
861e9298fffffff,604020189763207167
863949ab7ffffff,604490167230660607
861e96977ffffff,604020464238460927
861e94acfffffff,604020332570869759
861e94097ffffff,604020288681672703
863865ad7ffffff,604474499726835711
861e94407ffffff,604020303445622783
861e92c27ffffff,604020200903278591
863949317ffffff,604490134481534975
861e962afffffff,604020435113213951
861e96ce7ffffff,604020479002411007
861e96c0fffffff,604020475378532351
861e94d67ffffff,604020343710941183
861e9432fffffff,604020299821744127
861e9646fffffff,604020442629406719
861e96707ffffff,604020453769478143
861e9485fffffff,604020322101886975
861e929b7ffffff,604020190434295807
863949adfffffff,604490167901749247
861e9699fffffff,604020464909549567
861e9041fffffff,604020028970369023
861e94af7ffffff,604020333241958399
861e92c4fffffff,604020201574367231
861e90da7ffffff,604020069906776063
861e96c37ffffff,604020476049620991
861e94d8fffffff,604020344382029823
861e9416fffffff,604020292305551359
861e94ba7ffffff,604020336194748415
861e94357ffffff,604020300492832767
861e96017ffffff,604020423973142527
861e96a4fffffff,604020467862339583
863865a27ffffff,604474496774045695
861e96497ffffff,604020443300495359
861eb26e7ffffff,604022377377955839
861e9089fffffff,604020048297721855
86394986fffffff,604490157432766463
861e9672fffffff,604020454440566783
863949157ffffff,604490126965342207
863949b8fffffff,604490170854539263
861e94887ffffff,604020322772975615
861e90187ffffff,604020017830297599
863949b07ffffff,604490168572837887
8639490cfffffff,604490124683640831
861e9202fffffff,604020149497888767
861eb265fffffff,604022375096254463
861e94b1fffffff,604020333913047039
861e940e7ffffff,604020290023849983
861e92c77ffffff,604020202245455871
863949367ffffff,604490135823712255
861e96c5fffffff,604020476720709631
861e967b7ffffff,604020456722268159
861e96227ffffff,604020432831512575
861e94db7ffffff,604020345053118463
863865a4fffffff,604474497445134335
861e94617ffffff,604020312303992831
861e96757ffffff,604020455111655423
861e948afffffff,604020323444064255
863949b2fffffff,604490169243926527
8639490f7ffffff,604490125354729471
861eb2687ffffff,604022375767343103
861e9410fffffff,604020290694938623
861e90927ffffff,604020050579423231
861e92c9fffffff,604020202916544511
86394938fffffff,604490136494800895
861e96c87ffffff,604020477391798271
86386530fffffff,604474466306621439
861e9624fffffff,604020433502601215
861e94677ffffff,604020313914605567
861e943a7ffffff,604020301835010047
863865a77ffffff,604474498116222975
861e9651fffffff,604020445582196735
861e964e7ffffff,604020444642672639
861e948d7ffffff,604020324115152895
863949b57ffffff,604490169915015167
861eb26afffffff,604022376438431743
861e96a17ffffff,604020466922815487
861e94137ffffff,604020291366027263
863865807ffffff,604474487647240191
86394965fffffff,604490148574396415
861e92cc7ffffff,604020203587633151
8639493b7ffffff,604490137165889535
861e96cafffffff,604020478062886911
861e96277ffffff,604020434173689855
863865a9fffffff,604474498787311615
861e92537ffffff,604020171106942975
863865077ffffff,604474455166550015
863865aafffffff,604474499055747071
863865067ffffff,604474454898114559
861e92527ffffff,604020170838507519
86394964fffffff,604490148305960959
861e96287ffffff,604020434442125311
861e9650fffffff,604020445313761279
861e94667ffffff,604020313646170111
861e90917ffffff,604020050310987775
861e967a7ffffff,604020456453832703
863949147ffffff,604490126696906751
861eb26d7ffffff,604022377109520383
861e96007ffffff,604020423704707071
861e94b97ffffff,604020335926312959
861e9415fffffff,604020292037115903
86386582fffffff,604474488318328831
861e92cefffffff,604020204258721791
861e9040fffffff,604020028701933567
861e96cd7ffffff,604020478733975551
861e9629fffffff,604020434844778495
861e92cd7ffffff,604020203856068607
863865ac7ffffff,604474499458400255
861e94147ffffff,604020291634462719
863949677ffffff,604490148977049599
861e96537ffffff,604020445984849919
861e9468fffffff,604020314317258751
861e96a27ffffff,604020467191250943
863865327ffffff,604474466709274623
861e95d97ffffff,604020413235724287
863949ba7ffffff,604490171257192447
86394916fffffff,604490127367995391
861e96a67ffffff,604020468264992767
861e9602fffffff,604020424375795711
861e94187ffffff,604020292708204543
863949b67ffffff,604490170183450623
863865857ffffff,604474488989417471
861e92d17ffffff,604020204929810431
861e90437ffffff,604020029373022207
861e962c7ffffff,604020435515867135
861e92007ffffff,604020148826800127
861e9441fffffff,604020303848275967
863865aefffffff,604474500129488895
861e9655fffffff,604020446655938559
861e948e7ffffff,604020324383588351
861e946b7ffffff,604020314988347391
86386534fffffff,604474467380363263
861e9678fffffff,604020456051179519
861e9280fffffff,604020183320756223
861e90967ffffff,604020051653165055
861eb248fffffff,604022367311626239
861e9494fffffff,604020326128418815
861e92aa7ffffff,604020194460827647
861e96a8fffffff,604020468936081407
861e96057ffffff,604020425046884351
8639498cfffffff,604490159043379199
861e941afffffff,604020293379293183
861e96d27ffffff,604020480076152831
861e962efffffff,604020436186955775
861e94447ffffff,604020304519364607
863865b17ffffff,604474500800577535
8639496c7ffffff,604490150319226879
861e96587ffffff,604020447327027199
861e946dfffffff,604020315659436031
861e9464fffffff,604020313243516927
863865377ffffff,604474468051451903
861e92837ffffff,604020183991844863
861e964f7ffffff,604020444911108095
861e9098fffffff,604020052324253695
861e9681fffffff,604020458467098623
861e90c27ffffff,604020063464325119
861e96ab7ffffff,604020469607170047
861e94c0fffffff,604020337939578879
861e92d67ffffff,604020206271987711
861e90487ffffff,604020030715199487
861e96d4fffffff,604020480747241471
861e96317ffffff,604020436858044415
861e9446fffffff,604020305190453247
8639496efffffff,604490150990315519
861e965afffffff,604020447998115839
861e94707ffffff,604020316330524671
861e9285fffffff,604020184662933503
86386504fffffff,604474454495461375
863865a87ffffff,604474498384658431
861e943b7ffffff,604020302103445503
861e909b7ffffff,604020052995342335
861eb24dfffffff,604022368653803519
861e9625fffffff,604020433771036671
861e96847ffffff,604020459138187263
861e9499fffffff,604020327470596095
861e90c4fffffff,604020064135413759
861e96adfffffff,604020470278258687
861e960a7ffffff,604020426389061631
861e94c37ffffff,604020338610667519
8638658cfffffff,604474491002683391
86394939fffffff,604490136763236351
861e92d8fffffff,604020206943076351
861e904afffffff,604020031386288127
861e96d77ffffff,604020481418330111
861e94497ffffff,604020305861541887
863865b67ffffff,604474502142754815
861e9472fffffff,604020317001613311
861e92cafffffff,604020203184979967
861e92887ffffff,604020185334022143
861e9411fffffff,604020290963374079
861e94b57ffffff,604020334852571135
861e9686fffffff,604020459809275903
861e92b1fffffff,604020196474093567
861e90c77ffffff,604020064806502399
86394920fffffff,604490130052349951
861eb279fffffff,604022380464963583
861eb2697ffffff,604022376035778559
861e96b07ffffff,604020470949347327
861e960cfffffff,604020427060150271
861e94c5fffffff,604020339281756159
861e94227ffffff,604020295392559103
8638658f7ffffff,604474491673772031
861e92db7ffffff,604020207614164991
861e90137ffffff,604020016488120319
861e904d7ffffff,604020032057376767
861e96367ffffff,604020438200221695
863865b8fffffff,604474502813843455
861e92a17ffffff,604020192044908543
863865157ffffff,604474458924646399
861e94757ffffff,604020317672701951
861e928afffffff,604020186005110783
861e96897ffffff,604020460480364543
861e9210fffffff,604020153255985151
861e96767ffffff,604020455380090879
861e90c9fffffff,604020065477591039
863949237ffffff,604490130723438591
861e96b2fffffff,604020471620435967
861e960f7ffffff,604020427731238911
861e94c87ffffff,604020339952844799
861eb3497ffffff,604022436165320703
861e9638fffffff,604020438871310335
861e944e7ffffff,604020307203719167
863865bb7ffffff,604474503484932095
863949767ffffff,604490153003581439
861e96627ffffff,604020450011381759
861e928d7ffffff,604020186676199423
861e94a17ffffff,604020329483862015
861e92137ffffff,604020153927073791
861e90cc7ffffff,604020066148679679
86394925fffffff,604490131394527231
861e94627ffffff,604020312572428287
861e96b57ffffff,604020472291524607
861e9611fffffff,604020428402327551
861e964cfffffff,604020444240019455
861e94cafffffff,604020340623933439
861e94277ffffff,604020296734736383
863865947ffffff,604474493015949311
861e90527ffffff,604020033399554047
861e963b7ffffff,604020439542398975
861e9450fffffff,604020307874807807
861e9664fffffff,604020450682470399
86394960fffffff,604490147232219135
861e947a7ffffff,604020319014879231
863949a27ffffff,604490164814741503
861e968e7ffffff,604020461822541823
861e94007ffffff,604020286265753599
861e92b97ffffff,604020198487359487
861e9215fffffff,604020154598162431
861e90cefffffff,604020066819768319
863865a5fffffff,604474497713569791
861e9438fffffff,604020301432356863
863949287ffffff,604490132065615871
861e96147ffffff,604020429073416191
861e96237ffffff,604020433099948031
861e96c6fffffff,604020476989145087
861e94cd7ffffff,604020341295022079
861e9429fffffff,604020297405825023
86386596fffffff,604474493687037951
861e9054fffffff,604020034070642687
861e94537ffffff,604020308545896447
861e96677ffffff,604020451353559039
863949377ffffff,604490136092147711
861e92927ffffff,604020188018376703
863949a4fffffff,604490165485830143
861e9690fffffff,604020462493630463
861e9402fffffff,604020286936842239
861e92187ffffff,604020155269251071
861e90d17ffffff,604020067490856959
861e92c87ffffff,604020202513891327
8639492afffffff,604490132736704511
861e940f7ffffff,604020290292285439
861e94b2fffffff,604020334181482495
861e96ba7ffffff,604020473633701887
861e9616fffffff,604020429744504831
861e942c7ffffff,604020298076913663
861e90577ffffff,604020034741731327
861e96407ffffff,604020440884576255
861e9455fffffff,604020309216985087
861e9669fffffff,604020452024647679
861e9294fffffff,604020188689465343
863949a77ffffff,604490166156918783
8639490dfffffff,604490124952076287
863949b17ffffff,604490168841273343
861e96937ffffff,604020463164719103
861e94a8fffffff,604020331497127935
861e94057ffffff,604020287607930879
861e921afffffff,604020155940339711
8639492d7ffffff,604490133407793151
861e96197ffffff,604020430415593471
861e94d27ffffff,604020342637199359
861e942efffffff,604020298748002303
861e94897ffffff,604020323041411071
861e9059fffffff,604020035412819967
861e9642fffffff,604020441555664895
861e94587ffffff,604020309888073727
861e90837ffffff,604020046552891391
861e966c7ffffff,604020452695736319
861e9481fffffff,604020321028145151
861e92977ffffff,604020189360553983
863949a9fffffff,604490166828007423
863949067ffffff,604490122938810367
861e9695fffffff,604020463835807743
861e94ab7ffffff,604020332168216575
861e92c0fffffff,604020200500625407
861e90d67ffffff,604020068833034239
861e908afffffff,604020048566157311
861e94d4fffffff,604020343308287999
861e94317ffffff,604020299419090943
861e96457ffffff,604020442226753535
861e945afffffff,604020310559162367
863865247ffffff,604474462951178239
861e966efffffff,604020453366824959
861e94847ffffff,604020321699233791
861e9299fffffff,604020190031642623
861e964a7ffffff,604020443568930815
863949ac7ffffff,604490167499096063
861eb261fffffff,604022374022512639
861e96987ffffff,604020464506896383
861e94adfffffff,604020332839305215
861e940a7ffffff,604020288950108159
861e92c37ffffff,604020201171714047
861e90d8fffffff,604020069504122879
863949327ffffff,604490134749970431
861e96c1fffffff,604020475646967807
861e94d77ffffff,604020343979376639
863865a0fffffff,604474496371392511
86386526fffffff,604474463622266879
861e90887ffffff,604020047895068671
861e96717ffffff,604020454037913599
861e9486fffffff,604020322370322431
863865a37ffffff,604474497042481151
861e94367ffffff,604020300761268223
861e94d9fffffff,604020344650465279
863949aefffffff,604490168170184703
861e9620fffffff,604020432428859391
861e96c47ffffff,604020476318056447
861e969afffffff,604020465177985023
861e94b07ffffff,604020333510393855
861e940cfffffff,604020289621196799
861e92c5fffffff,604020201842802687
861e90db7ffffff,604020070175211519
86394934fffffff,604490135421059071
861e85297ffffff,604019266479456255
861e8221fffffff,604019058307760127
861ea5797ffffff,604021486977548287
861eb5a17ffffff,604022597226594303
861ea06cfffffff,604021140024721407
861ea3747ffffff,604021348196417535
861e9b607ffffff,604020793071894527
863f34147ffffff,604594236704161791
861e8b387ffffff,604019682822848511
861f9bdb7ffffff,604038418275500031
861eb1977ffffff,604022319664332799
861e83247ffffff,604019127698325503
861e8426fffffff,604019197088890879
861ea476fffffff,604021417586982911
861ea271fffffff,604021278805852159
861e8a35fffffff,604019613432283135
861f99d67ffffff,604038279494369279
861eb1a6fffffff,604022323825082367
861ea68b7ffffff,604021560528863231
861ea2817ffffff,604021282966601727
861e84367ffffff,604019201249640447
861e802c7ffffff,604018923687378943
861ea4867ffffff,604021421747732479
861ea588fffffff,604021491138297855
861e8e4f7ffffff,604019895155294207
861e88407ffffff,604019478811901951
861e8c4a7ffffff,604019756374163455
861e9a6d7ffffff,604020727842078719
861eb5b0fffffff,604022601387343871
861e812efffffff,604018993077944319
863f2600fffffff,604593269396996095
861e8a457ffffff,604019617593032703
861f8bc2fffffff,604037312187203583
861e82317ffffff,604019062468509695
861eb0a47ffffff,604022254434516991
861e8538fffffff,604019270640205823
861e996afffffff,604020658451513343
861e863b7ffffff,604019340030771199
861ea69afffffff,604021564689612799
861ea290fffffff,604021287127351295
861eb1b67ffffff,604022327985831935
861e85487ffffff,604019274800955391
861e8b577ffffff,604019691144347647
861e8445fffffff,604019205410390015
861ea495fffffff,604021425908482047
863f240b7ffffff,604593134776614911
861ea5987ffffff,604021495299047423
863f34337ffffff,604594245025660927
861e8c59fffffff,604019760534913023
861e8a54fffffff,604019621753782271
861e9d847ffffff,604020940174524415
863f26107ffffff,604593273557745663
861e83437ffffff,604019136019824639
861e997a7ffffff,604020662612262911
861f8bd27ffffff,604037316347953151
861ea3937ffffff,604021356517916671
861ea6aa7ffffff,604021568850362367
861ea4a57ffffff,604021430069231615
861ea09b7ffffff,604021152506970111
861e84557ffffff,604019209571139583
861e814dfffffff,604019001399443455
861e8e6e7ffffff,604019903476793343
861ea2a07ffffff,604021291288100863
861e8a647ffffff,604019625914531839
863f241afffffff,604593138937364479
861f99027ffffff,604038222586052607
861e8b66fffffff,604019695305097215
861e8352fffffff,604019140180574207
861eb1c5fffffff,604022332146581503
861f9b077ffffff,604038361367183359
861e8c697ffffff,604019764695662591
863f35457ffffff,604594318576975871
861f9a04fffffff,604038291976617983
861e9b8efffffff,604020805554143231
861e804b7ffffff,604018932008878079
861e1644fffffff,604011645999513599
863f3442fffffff,604594249186410495
861ea6b9fffffff,604021573011111935
861e8464fffffff,604019213731889151
861ea4b4fffffff,604021434229981183
861f980f7ffffff,604038157356236799
861e8b767ffffff,604019699465846783
861f9b16fffffff,604038365527932927
861f9911fffffff,604038226746802175
861e9da37ffffff,604020948496023551
861e886efffffff,604019491294150655
861f9a147ffffff,604038296137367551
861e8c78fffffff,604019768856412159
861eb1d57ffffff,604022336307331071
861ea0aafffffff,604021156667719679
863f3554fffffff,604594322737725439
861e83627ffffff,604019144341323775
861e805afffffff,604018936169627647
861e85677ffffff,604019283122454527
861ea5b77ffffff,604021503620546559
863f242a7ffffff,604593143098114047
863f34527ffffff,604594253347160063
863869817ffffff,604474762793582591
861e84747ffffff,604019217892638719
861e8a837ffffff,604019634236030975
861f99217ffffff,604038230907551743
861e8e8d7ffffff,604019911798292479
861ea4c47ffffff,604021438390730751
861ea5c6fffffff,604021507781296127
861e816cfffffff,604019009720942591
861ea6c97ffffff,604021577171861503
861e9db2fffffff,604020952656773119
861f9b267ffffff,604038369688682495
861e806a7ffffff,604018940330377215
861ea0ba7ffffff,604021160828469247
861ea3c1fffffff,604021369000165375
861e8b85fffffff,604019703626596351
861e8371fffffff,604019148502073343
863f2439fffffff,604593147258863615
861f9e2dfffffff,604038577860378623
861e8576fffffff,604019287283204095
861e9badfffffff,604020813875642367
86386990fffffff,604474766954332159
863f3461fffffff,604594257507909631
861e9aab7ffffff,604020744485076991
861e99a8fffffff,604020675094511615
861e83817ffffff,604019152662822911
861ea0c9fffffff,604021164989218815
861ea2cefffffff,604021303770349567
861ea6d8fffffff,604021581332611071
861e8a92fffffff,604019638396780543
861f982e7ffffff,604038165677735935
861f9930fffffff,604038235068301311
861ea5d67ffffff,604021511942045695
861f9b35fffffff,604038373849432063
861ea3d17ffffff,604021373160914943
861e8079fffffff,604018944491126783
861f8b0dfffffff,604037263600386047
863f24497ffffff,604593151419613183
861f9a337ffffff,604038304458866687
861e8b957ffffff,604019707787345919
861e8688fffffff,604019360834519039
863f264e7ffffff,604593290200743935
863869a07ffffff,604474771115081727
861e85867ffffff,604019291443953663
861e16737ffffff,604011658481762303
863f34717ffffff,604594261668659199
861ea0d97ffffff,604021169149968383
861e84937ffffff,604019226214137855
861e8390fffffff,604019156823572479
861e8aa27ffffff,604019642557530111
861e80897ffffff,604018948651876351
861f99407ffffff,604038239229050879
863f3480fffffff,604594265829408767
861eb1017ffffff,604022279399014399
861e8eac7ffffff,604019920119791615
863f2458fffffff,604593155580362751
861e86987ffffff,604019364995268607
861e8595fffffff,604019295604703231
863f35837ffffff,604594335219974143
861f9d4a7ffffff,604038516791312383
861e9aca7ffffff,604020752806576127
861f8a1afffffff,604037198370570239
861e8ba4fffffff,604019711948095487
861e9bccfffffff,604020822197141503
861f9b457ffffff,604038378010181631
861e83a07ffffff,604019160984322047
861e8098fffffff,604018952812625919
861e8ab1fffffff,604019646718279679
861e84a2fffffff,604019230374887423
861eb110fffffff,604022283559763967
861f984d7ffffff,604038173999235071
863f34907ffffff,604594269990158335
861f8a2a7ffffff,604037202531319807
863f3592fffffff,604594339380723711
863f30867ffffff,604593992427896831
861f8b2cfffffff,604037271921885183
861e819b7ffffff,604019022203191295
863f24687ffffff,604593159741112319
861f9b54fffffff,604038382170931199
861e8bb47ffffff,604019716108845055
861f9d59fffffff,604038520952061951
861e9ad9fffffff,604020756967325695
861ea604fffffff,604021524424294399
861e80a87ffffff,604018956973375487
861e8ecb7ffffff,604019928441290751
861e84b27ffffff,604019234535636991
861eb1207ffffff,604022287720513535
861e86b77ffffff,604019373316767743
861ea5027ffffff,604021455033729023
861e8ac17ffffff,604019650879029247
863f3095fffffff,604593996588646399
861eb52a7ffffff,604022565282775039
861f8a39fffffff,604037206692069375
861e82ad7ffffff,604019095754506239
861f9d697ffffff,604038525112811519
861f9b647ffffff,604038386331680767
861f9c66fffffff,604038455722246143
861e81aafffffff,604019026363940863
861e8cc67ffffff,604019789660159999
861ea40f7ffffff,604021389803913215
861ea6147ffffff,604021528585043967
861f996efffffff,604038251711299583
861e84c1fffffff,604019238696386559
861e8edafffffff,604019932602040319
861ea20a7ffffff,604021251022782463
861f986c7ffffff,604038182320734207
863f24877ffffff,604593168062611455
861e8bd37ffffff,604019724430344191
863f34af7ffffff,604594278311657471
861e8ad0fffffff,604019655039778815
861ea511fffffff,604021459194478591
861e85c47ffffff,604019308086951935
863f268c7ffffff,604593306843742207
861ea0057ffffff,604021112241651711
861f8a497ffffff,604037210852818943
861ea30cfffffff,604021320413347839
861eb539fffffff,604022569443524607
861e86c6fffffff,604019377477517311
861f9d78fffffff,604038529273561087
863f2589fffffff,604593237453176831
863f30a57ffffff,604594000749395967
861e84d17ffffff,604019242857136127
861ea219fffffff,604021255183532031
863f2496fffffff,604593172223361023
861f9b837ffffff,604038394653179903
861e81c9fffffff,604019034685439999
861e80c77ffffff,604018965294874623
861e83cefffffff,604019173466570751
863f35c17ffffff,604594351862972415
861f8b5b7ffffff,604037284404133887
861e88db7ffffff,604019520419397631
861ea014fffffff,604021116402401279
863f25997ffffff,604593241613926399
861e9a05fffffff,604020700059009023
861e9b087ffffff,604020769449574399
861f9a80fffffff,604038325262614527
861e86d67ffffff,604019381638266879
861f8a58fffffff,604037215013568511
861ea5217ffffff,604021463355228159
863f30b4fffffff,604594004910145535
861ea6337ffffff,604021536906543103
861ea2297ffffff,604021259344281599
861f9b92fffffff,604038398813929471
861ea42e7ffffff,604021398125412351
861e80d6fffffff,604018969455624191
861f8b6afffffff,604037288564883455
861e81d97ffffff,604019038846189567
863f35d0fffffff,604594356023721983
861f998dfffffff,604038260032798719
861f988b7ffffff,604038190642233343
863f24a67ffffff,604593176384110591
863f26ab7ffffff,604593315165241343
861eb14efffffff,604022300202762239
861f8a687ffffff,604037219174318079
861ea530fffffff,604021467515977727
863f34ce7ffffff,604594286633156607
86386d04fffffff,604475004251275263
861e9a157ffffff,604020704219758591
861f9a907ffffff,604038329423364095
861e8c2b7ffffff,604019748052664319
861ea569fffffff,604021482816798719
861f8aa17ffffff,604037234475139071
861eb48f7ffffff,604022523675279359
861e88217ffffff,604019470490402815
861eb591fffffff,604022593065844735
861e9b50fffffff,604020788911144959
861f99c6fffffff,604038275333619711
861ea364fffffff,604021344035667967
861e9a4e7ffffff,604020719520579583
863f3404fffffff,604594232543412223
861e8b28fffffff,604019678662098943
861f98c47ffffff,604038205943054335
861e8519fffffff,604019262318706687
861e800d7ffffff,604018915365879807
861e8e307ffffff,604019886833795071
861ea66c7ffffff,604021552207364095
861e8314fffffff,604019123537575935
861e8a267ffffff,604019609271533567
861ea4677ffffff,604021413426233343
861ea2627ffffff,604021274645102591
861e84177ffffff,604019192928141311
861ea238fffffff,604021263505031167
861f9ba27ffffff,604038402974679039
861e8e06fffffff,604019875693723647
861ea642fffffff,604021541067292671
861f8b7a7ffffff,604037292725633023
861ea5407ffffff,604021471676727295
863f26bafffffff,604593319325990911
863f24b5fffffff,604593180544860159
861e9b277ffffff,604020777771073535
861f989afffffff,604038194802982911
861ea33b7ffffff,604021332895596543
861e9a24fffffff,604020708380508159
861eb5687ffffff,604022581925773311
861e9d2c7ffffff,604020916552204287
861e8c01fffffff,604019736912592895
861e99227ffffff,604020638989942783
861ea44d7ffffff,604021406446911487
861e8e167ffffff,604019879854473215
861f9bb1fffffff,604038407135428607
861ea0437ffffff,604021128884649983
861ea2487ffffff,604021267665780735
861ea34afffffff,604021337056346111
861ea6527ffffff,604021545228042239
861e8a0c7ffffff,604019602292211711
861e8b0efffffff,604019671682777087
863f24c57ffffff,604593184705609727
861f99acfffffff,604038268354297855
861f9aaf7ffffff,604038337744863231
861f98aa7ffffff,604038198963732479
861f8b89fffffff,604037296886382591
861e9b36fffffff,604020781931823103
863f26ca7ffffff,604593323486740479
861eb16dfffffff,604022308524261375
861e8c117ffffff,604019741073342463
861ed6ca7ffffff,604024875975180287
861e88077ffffff,604019463511080959
861e9a347ffffff,604020712541257727
861e86027ffffff,604019324729950207
861e840cfffffff,604019190109569023
861e8002fffffff,604018912547307519
861ea052fffffff,604021133045399551
861ea661fffffff,604021549388791807
861ea35a7ffffff,604021341217095679
863f24d4fffffff,604593188866359295
861f9bc17ffffff,604038411296178175
861e8e25fffffff,604019884015222783
861e830a7ffffff,604019120719003647
861f98b9fffffff,604038203124482047
861e850f7ffffff,604019259500134399
861e81057ffffff,604018981937872895
861e9b467ffffff,604020786092572671
863f25d77ffffff,604593258256924671
861eb5877ffffff,604022590247272447
861ed6d9fffffff,604024880135929855
863f26d9fffffff,604593327647490047
86386d337ffffff,604475016733523967
861e8611fffffff,604019328890699775
861eb484fffffff,604022520856707071
861ea2677ffffff,604021275987279871
861ea46c7ffffff,604021414768410623
861e80127ffffff,604018916708057087
861eb18cfffffff,604022316845760511
861e8a2b7ffffff,604019610613710847
861ea6717ffffff,604021553549541375
861f9bd0fffffff,604038415456927743
861ea369fffffff,604021345377845247
861e8e357ffffff,604019888175972351
861e8319fffffff,604019124879753215
861eb596fffffff,604022594408022015
861ea0627ffffff,604021137206149119
861e8b2dfffffff,604019680004276223
861e9a537ffffff,604020720862756863
861eb4947ffffff,604022525017456639
861e9b55fffffff,604020790253322239
861f98c97ffffff,604038207285231615
861e8114fffffff,604018986098622463
863f20da7ffffff,604592915464847359
863f3409fffffff,604594233885589503
861e86217ffffff,604019333051449343
861f8ba8fffffff,604037305207881727
863f350c7ffffff,604594303276154879
861f9ace7ffffff,604038346066362367
861ea680fffffff,604021557710290943
861ea276fffffff,604021280148029439
861e8021fffffff,604018920868806655
861e8e44fffffff,604019892336721919
861e8a3afffffff,604019614774460415
861ea3797ffffff,604021349538594815
861e9a62fffffff,604020725023506431
861e83297ffffff,604019129040502783
861eb5a67ffffff,604022598568771583
861ea071fffffff,604021141366898687
861e9b657ffffff,604020794414071807
861e8226fffffff,604019059649937407
861f99db7ffffff,604038280836546559
861e81247ffffff,604018990259372031
863f34197ffffff,604594238046339071
861e8630fffffff,604019337212198911
861f98d8fffffff,604038211445981183
861f8bb87ffffff,604037309368631295
861e99607ffffff,604020655632941055
861e843b7ffffff,604019202591817727
861ea6907ffffff,604021561871040511
861ea2867ffffff,604021284308779007
861e8e547ffffff,604019896497471487
861e80317ffffff,604018925029556223
861ea0817ffffff,604021145527648255
861ea48b7ffffff,604021423089909759
861ea58dfffffff,604021492480475135
861e8b4cfffffff,604019688325775359
861e8338fffffff,604019133201252351
861e88457ffffff,604019480154079231
861e8c4f7ffffff,604019757716340735
861e9b74fffffff,604020798574821375
863f2400fffffff,604593131958042623
861e9a727ffffff,604020729184255999
861eb5b5fffffff,604022602729521151
863f3428fffffff,604594242207088639
861e82367ffffff,604019063810686975
863f2605fffffff,604593270739173375
861e8a4a7ffffff,604019618935209983
861eb3b0fffffff,604022463948390399
861ea388fffffff,604021353699344383
861eb4b37ffffff,604022533338955775
861ea295fffffff,604021288469528575
861eb1bb7ffffff,604022329328009215
861ea090fffffff,604021149688397823
861e854d7ffffff,604019276143132671
861e81437ffffff,604018998580871167
861e844afffffff,604019206752567295
861ea49afffffff,604021427250659327
863f24107ffffff,604593136118792191
863f26157ffffff,604593274899922943
861e8854fffffff,604019484314828799
863f34387ffffff,604594246367838207
861e8040fffffff,604018929190305791
861e9d897ffffff,604020941516701695
861f8bd77ffffff,604037317690130431
861ea3987ffffff,604021357860093951
861e9b847ffffff,604020802735570943
861e8a59fffffff,604019623095959551
861e83487ffffff,604019137362001919
861eb4c2fffffff,604022537499705343
861ea6af7ffffff,604021570192539647
861ea4aa7ffffff,604021431411408895
861e8e737ffffff,604019904818970623
861e845a7ffffff,604019210913316863
861f99077ffffff,604038223928229887
861ea2a57ffffff,604021292630278143
861e8152fffffff,604019002741620735
861f9804fffffff,604038154537664511
863f354a7ffffff,604594319919153151
861e80507ffffff,604018933351055359
861e1649fffffff,604011647341690879
861e88647ffffff,604019488475578367
861e8a697ffffff,604019627256709119
861ea0a07ffffff,604021153849147391
861e9d98fffffff,604020945677451263
861f9b0c7ffffff,604038362709360639
861eb1cafffffff,604022333488758783
861e8c6e7ffffff,604019766037839871
861ea5acfffffff,604021500801974271
861e9c967ffffff,604020876286885887
861eb4d27ffffff,604022541660454911
861f9a09fffffff,604038293318795263
861ea4b9fffffff,604021435572158463
861ea2b4fffffff,604021296791027711
861e8e82fffffff,604019908979720191
861e81627ffffff,604019006902370303
861e8b7b7ffffff,604019700808024063
861e8469fffffff,604019215074066431
861f9916fffffff,604038228088979455
861f98147ffffff,604038158698414079
863f3559fffffff,604594324079902719
861e8a78fffffff,604019631417458687
861e856c7ffffff,604019284464631807
861e83677ffffff,604019145683501055
861e9da87ffffff,604020949838200831
861e16597ffffff,604011651502440447
863869867ffffff,604474764135759871
861e9ba37ffffff,604020811057070079
861eb1da7ffffff,604022337649508351
863f34577ffffff,604594254689337343
861f9a197ffffff,604038297479544831
861f9e237ffffff,604038575041806335
861f9d20fffffff,604038505651240959
863f242f7ffffff,604593144440291327
863f26347ffffff,604593283221422079
861ea2c47ffffff,604021300951777279
861e8a887ffffff,604019635578208255
861ea6ce7ffffff,604021578514038783
861f99267ffffff,604038232249729023
861ea4c97ffffff,604021439732908031
861e84797ffffff,604019219234815999
861e806f7ffffff,604018941672554495
861e8171fffffff,604019011063119871
861e8e927ffffff,604019913140469759
861e8376fffffff,604019149844250623
861e8b8afffffff,604019704968773631
861f8b037ffffff,604037260781813759
861f9b2b7ffffff,604038371030859775
863f3466fffffff,604594258850086911
861f9a28fffffff,604038301640294399
861ea3c6fffffff,604021370342342655
86386995fffffff,604474768296509439
861e9bb2fffffff,604020815217819647
861e99adfffffff,604020676436688895
861f9c2dfffffff,604038440421425151
861f8a00fffffff,604037191391248383
863f35697ffffff,604594328240652287
861e8488fffffff,604019223395565567
861ea5db7ffffff,604021513284222975
861e83867ffffff,604019154005000191
861f9935fffffff,604038236410478591
861ea0cefffffff,604021166331396095
861e8ea1fffffff,604019917301219327
861ea4d8fffffff,604021443893657599
861f98337ffffff,604038167019913215
863f244e7ffffff,604593152761790463
861e858b7ffffff,604019292786130943
861f9b3afffffff,604038375191609343
861e8b9a7ffffff,604019709129523199
863f26537ffffff,604593291542921215
861ea3d67ffffff,604021374503092223
861ed6537ffffff,604024844031361023
863f34767ffffff,604594263010836479
861e868dfffffff,604019362176696319
861f8b12fffffff,604037264942563327
863869a57ffffff,604474772457259007
861f9a387ffffff,604038305801043967
861e81817ffffff,604019015223869439
861e16787ffffff,604011659823939583
861ea1d17ffffff,604021235721961471
863f3578fffffff,604594332401401855
861e8811fffffff,604019466329653247
863f26d4fffffff,604593326305312767
861f98b4fffffff,604038201782304767
861eb5827ffffff,604022588905095167
861f99b77ffffff,604038271172870143
86386d2e7ffffff,604475015391346687
863f25d27ffffff,604593256914747391
861e81007ffffff,604018980595695615
861eb1787ffffff,604022311342833663
861e9b417ffffff,604020784750395391
861f9ab9fffffff,604038340563435519
861e850a7ffffff,604019258157957119
861ea3557ffffff,604021339874918399
861e8e20fffffff,604019882673045503
861e83057ffffff,604019119376826367
861ea55a7ffffff,604021478656049151
861ea252fffffff,604021270484353023
861ea04dfffffff,604021131703222271
861e8b197ffffff,604019674501349375
861e8a16fffffff,604019605110783999
861e9dc77ffffff,604020958159699967
861e84987ffffff,604019227556315135
861e8395fffffff,604019158165749759
861e808e7ffffff,604018949994053631
861eb1067ffffff,604022280741191679
861e8aa77ffffff,604019643899707391
861f99457ffffff,604038240571228159
861e8eb17ffffff,604019921461968895
863f3485fffffff,604594267171586047
861f9842fffffff,604038171180662783
861e8ba9fffffff,604019713290272767
861e859afffffff,604019296946880511
863869b4fffffff,604474776618008575
861f9d4f7ffffff,604038518133489663
861e9acf7ffffff,604020754148753407
863f35887ffffff,604594336562151423
861e9dd6fffffff,604020962320449535
861f9b4a7ffffff,604038379352358911
861f9c4cfffffff,604038448742924287
861f8b227ffffff,604037269103312895
861e8190fffffff,604019019384619007
863f2662fffffff,604593295703670783
861e8ec0fffffff,604019925622718463
861e83a57ffffff,604019162326499327
861eb115fffffff,604022284901941247
861e8ab6fffffff,604019648060456959
861f9954fffffff,604038244731977727
863f34957ffffff,604594271332335615
861f8a2f7ffffff,604037203873497087
861e8bb97ffffff,604019717451022335
861e86acfffffff,604019370498195455
861f98527ffffff,604038175341412351
863f26727ffffff,604593299864420351
861e82a2fffffff,604019092935933951
861f9b59fffffff,604038383513108479
863f246d7ffffff,604593161083289599
861f8b31fffffff,604037273264062463
861e85aa7ffffff,604019301107630079
861f9a577ffffff,604038314122543103
861f99647ffffff,604038248892727295
861ea404fffffff,604021386985340927
861e8ed07ffffff,604019929783468031
861f9861fffffff,604038179502161919
861e83b4fffffff,604019166487248895
861e8bc8fffffff,604019721611771903
861e80ad7ffffff,604018958315552767
861ea609fffffff,604021525766471679
861eb1257ffffff,604022289062690815
861e84b77ffffff,604019235877814271
861e8ac67ffffff,604019652221206527
863f34a4fffffff,604594275493085183
861f8b417ffffff,604037277424812031
861ea5077ffffff,604021456375906303
861eb52f7ffffff,604022566624952319
861e88c17ffffff,604019513440075775
863f2681fffffff,604593304025169919
861e82b27ffffff,604019097096683519
861ea3027ffffff,604021317594775551
861e85b9fffffff,604019305268379647
861e8ccb7ffffff,604019791002337279
863f309afffffff,604593997930823679
861f9a66fffffff,604038318283292671
861e84c6fffffff,604019240038563839
861ea20f7ffffff,604021252364959743
861ea4147ffffff,604021391146090495
861eb134fffffff,604022293223440383
861e85c97ffffff,604019309429129215
861e8bd87ffffff,604019725772521471
861ea6197ffffff,604021529927221247
861f98717ffffff,604038183662911487
861e8ad5fffffff,604019656381956095
861e83c47ffffff,604019170647998463
863f248c7ffffff,604593169404788735
863f34b47ffffff,604594279653834751
861ea00a7ffffff,604021113583828991
861f8b50fffffff,604037281585561599
861ea516fffffff,604021460536655871
861e88d0fffffff,604019517600825343
861ea311fffffff,604021321755525119
861e9d02fffffff,604020905412132863
861f9c7b7ffffff,604038461225172991
861f8a4e7ffffff,604037212194996223
863f258efffffff,604593238795354111
863f35b6fffffff,604594349044400127
863f30aa7ffffff,604594002091573247
863f26917ffffff,604593308185919487
861f9a767ffffff,604038322444042239
861e84d67ffffff,604019244199313407
861ea628fffffff,604021534087970815
861e85d8fffffff,604019313589878783
861f9b887ffffff,604038395995357183
861ea019fffffff,604021117744578559
861f8b607ffffff,604037285746311167
861e80cc7ffffff,604018966637051903
861e81cefffffff,604019036027617279
861eb1447ffffff,604022297384189951
861f9a85fffffff,604038326604791807
863f26a0fffffff,604593312346669055
863f35c67ffffff,604594353205149695
861e9a0afffffff,604020701401186303
861e9b0d7ffffff,604020770791751679
861f9880fffffff,604038187823661055
861f99837ffffff,604038257214226431
861e9d127ffffff,604020909572882431
861ea5267ffffff,604021464697405439
861ea3217ffffff,604021325916274687
863f30b9fffffff,604594006252322815
861ea4337ffffff,604021399467589631
861ea6387ffffff,604021538248720383
861ea22e7ffffff,604021260686458879
863f26b07ffffff,604593316507418623
861f8a6d7ffffff,604037220516495359
863f24ab7ffffff,604593177726287871
863f35d5fffffff,604594357365899263
863f34d37ffffff,604594287975333887
861f9a957ffffff,604038330765541375
861f9992fffffff,604038261374975999
861e9a1a7ffffff,604020705561935871
861ea535fffffff,604021468858155007
861ea0297ffffff,604021121905328127
861e9d21fffffff,604020913733631999
861f98907ffffff,604038191984410623
861e12cb7ffffff,604011407226175487
861ea442fffffff,604021403628339199
861f9ba77ffffff,604038404316856319
861f9aa4fffffff,604038334926290943
861ea3407ffffff,604021334237773823
861e8a01fffffff,604019599473639423
861e8b047ffffff,604019668864204799
863f24bafffffff,604593181887037439
861e9a29fffffff,604020709722685439
861f99a27ffffff,604038265535725567
861ea5457ffffff,604021473018904575
861e9b2c7ffffff,604020779113250815
861eb1637ffffff,604022305705689087
861eb56d7ffffff,604022583267950591
861e99277ffffff,604020640332120063
861e9d317ffffff,604020917894381567
861ea038fffffff,604021126066077695
861f9eaefffffff,604038612488552447
861e84027ffffff,604019187290996735
861e8e1b7ffffff,604019881196650495
861f9bb6fffffff,604038408477605887
861ea0487ffffff,604021130226827263
861ea24d7ffffff,604021269007958015
861ea4527ffffff,604021407789088767
861e8a117ffffff,604019603634388991
861ea6577ffffff,604021546570219519
861f9ab47ffffff,604038339087040511
861eb172fffffff,604022309866438655
861ea554fffffff,604021477179654143
861f98af7ffffff,604038200305909759
861f99b1fffffff,604038269696475135
861e9a397ffffff,604020713883435007
863f24ca7ffffff,604593186047787007
861e880c7ffffff,604019464853258239
863f26cf7ffffff,604593324828917759
861e9936fffffff,604020644492869631
86386d28fffffff,604475013914951679
861e8504fffffff,604019256681562111
861f8b8efffffff,604037298228559871
861ed6cf7ffffff,604024877317357567
861e86077ffffff,604019326072127487
861e8411fffffff,604019191451746303
861ea461fffffff,604021411949838335
861e8a20fffffff,604019607795138559
861ea666fffffff,604021550730969087
861e8e2afffffff,604019885357400063
861eb1827ffffff,604022314027188223
861f9bc67ffffff,604038412638355455
861e830f7ffffff,604019122061180927
861e8b237ffffff,604019677185703935
861e810a7ffffff,604018983280050175
861e9b4b7ffffff,604020787434749951
861e9a48fffffff,604020718044184575
861f99c17ffffff,604038273857224703
863f24d9fffffff,604593190208536575
861e85147ffffff,604019260842311679
86386d387ffffff,604475018075701247
861e8616fffffff,604019330232877055
861eb58c7ffffff,604022591589449727
863f3501fffffff,604594300457582591
861eb3877ffffff,604022452808318975
861eb489fffffff,604022522198884351
861ea4717ffffff,604021416110587903
861ea26c7ffffff,604021277329457151
861e84217ffffff,604019195612495871
861e8a307ffffff,604019611955888127
861ea6767ffffff,604021554891718655
861e80177ffffff,604018918050234367
861e8e3a7ffffff,604019889518149631
861eb191fffffff,604022318187937791
861f9bd5fffffff,604038416799105023
861ea36efffffff,604021346720022527
861e8119fffffff,604018987440799743
861f98ce7ffffff,604038208627408895
861e8b32fffffff,604019681346453503
863f340efffffff,604594235227766783
861e9a587ffffff,604020722204934143
861e86267ffffff,604019334393626623
861ea0677ffffff,604021138548326399
861e882b7ffffff,604019473174757375
861e9b5afffffff,604020791595499519
861eb4997ffffff,604022526359633919
863f35117ffffff,604594304618332159
861f99d0fffffff,604038278017974271
861eb396fffffff,604022456969068543
861f8aab7ffffff,604037237159493631
861ea685fffffff,604021559052468223
861e8430fffffff,604019199773245439
861eb1a17ffffff,604022322348687359
861e8b427ffffff,604019685507203071
861e8026fffffff,604018922210983935
861ea480fffffff,604021420271337471
861e832e7ffffff,604019130382680063
861e9b6a7ffffff,604020795756249087
861e8e49fffffff,604019893678899199
861ea5837ffffff,604021489661902847
861e81297ffffff,604018991601549311
861e8c44fffffff,604019754897768447
861e8635fffffff,604019338554376191
861ea076fffffff,604021142709075967
861eb3a67ffffff,604022461129818111
861eb5ab7ffffff,604022599910948863
861f8abafffffff,604037241320243199
861e85337ffffff,604019269163810815
861e883afffffff,604019477335506943
861ea6957ffffff,604021563213217791
861eb1b0fffffff,604022326509436927
861ea28b7ffffff,604021285650956287
861e8b51fffffff,604019689667952639
861e84407ffffff,604019203933995007
861e8542fffffff,604019273324560383
861e80367ffffff,604018926371733503
861e884a7ffffff,604019481496256511
861e8e597ffffff,604019897839648767
861e88027ffffff,604019462168903679
861e8c0c7ffffff,604019739731165183
861f8b84fffffff,604037295544205311
861f9eb47ffffff,604038613964947455
863f25c2fffffff,604593252753997823
861eb572fffffff,604022584744345599
861eb168fffffff,604022307182084095
861e992cfffffff,604020641808515071
863f26c57ffffff,604593322144563199
861f98a57ffffff,604038197621555199
861e9b31fffffff,604020780589645823
861e9a2f7ffffff,604020711199080447
861e9d36fffffff,604020919370776575
861ea54afffffff,604021474495299583
861f9aaa7ffffff,604038336402685951
861ea64d7ffffff,604021543885864959
863f24c07ffffff,604593183363432447
861ea345fffffff,604021335714168831
861ea2437ffffff,604021266323603455
861f9bacfffffff,604038405793251327
861e8a077ffffff,604019600950034431
861e8b09fffffff,604019670340599807
861e8e117ffffff,604019878512295935
861ea4487ffffff,604021405104734207
861ea0867ffffff,604021146869825535
861ea4907ffffff,604021424432087039
861e9b79fffffff,604020799916998655
861e9a777ffffff,604020730526433279
861f8bccfffffff,604037314871558143
861ea592fffffff,604021493822652415
863f260afffffff,604593272081350655
863f342dfffffff,604594243549265919
861e8138fffffff,604018995762298879
861e8c547ffffff,604019759058518015
863f2405fffffff,604593133300219903
861eb5bafffffff,604022604071698431
861e8a4f7ffffff,604019620277387263
861eb3b5fffffff,604022465290567679
861ea38dfffffff,604021355041521663
861e894cfffffff,604019550886821887
86386d66fffffff,604475030557949951
861ea6a4fffffff,604021567373967359
861ea29afffffff,604021289811705855
861e81487ffffff,604018999923048447
861e85527ffffff,604019277485309951
861e8e68fffffff,604019902000398335
861ea095fffffff,604021151030575103
861e8859fffffff,604019485657006079
861e8b617ffffff,604019693828702207
861e8045fffffff,604018930532483071
863f24157ffffff,604593137460969471
863f261a7ffffff,604593276242100223
861e9d8e7ffffff,604020942858878975
861f9b01fffffff,604038359890788351
861eb1c07ffffff,604022330670186495
861ea5a27ffffff,604021497983401983
86386d767ffffff,604475034718699519
861e9b897ffffff,604020804077748223
861e834d7ffffff,604019138704179199
861ea6b47ffffff,604021571534716927
861ea4af7ffffff,604021432753586175
861ea2aa7ffffff,604021293972455423
861f990c7ffffff,604038225270407167
861e8e787ffffff,604019906161147903
861f9809fffffff,604038155879841791
861e88697ffffff,604019489817755647
861e8b70fffffff,604019697989451775
861e8a6e7ffffff,604019628598886399
861f9b117ffffff,604038364051537919
861e80557ffffff,604018934693232639
861e8561fffffff,604019281646059519
863f354f7ffffff,604594321261330431
861ea5b1fffffff,604021502144151551
861e8c737ffffff,604019767380017151
861e164efffffff,604011648683868159
861ea0a57ffffff,604021155191324671
861eb4d77ffffff,604022543002632191
861f9a0efffffff,604038294660972543
861e9b98fffffff,604020808238497791
861ea2b9fffffff,604021298133204991
861ea5c17ffffff,604021506304901119
861e8064fffffff,604018938853982207
861e846efffffff,604019216416243711
861e81677ffffff,604019008244547583
861e8878fffffff,604019493978505215
861f98197ffffff,604038160040591359
861e85717ffffff,604019285806809087
861f9b20fffffff,604038368212287487
861e8b807ffffff,604019702150201343
861e9dad7ffffff,604020951180378111
861e9ba87ffffff,604020812399247359
861ea0b4fffffff,604021159352074239
861e836c7ffffff,604019147025678335
861f9e287ffffff,604038576383983615
863f26397ffffff,604593284563599359
861f9d25fffffff,604038506993418239
863f24347ffffff,604593145782468607
861e99a37ffffff,604020673618116607
861f992b7ffffff,604038233591906303
861ea6d37ffffff,604021579856216063
861e8a8d7ffffff,604019636920385535
861f9828fffffff,604038164201340927
861ea5d0fffffff,604021510465650687
861ea4ce7ffffff,604021441075085311
861ea0c47ffffff,604021163512823807
861e80747ffffff,604018943014731775
861ea2c97ffffff,604021302293954559
861f9b307ffffff,604038372373037055
861f8b087ffffff,604037262123991039
861e8e977ffffff,604019914482647039
861e8176fffffff,604019012405297151
861e86837ffffff,604019359358124031
861f9a2dfffffff,604038302982471679
861e8580fffffff,604019289967558655
861e99b2fffffff,604020677778866175
863f2648fffffff,604593288724348927
861f9d357ffffff,604038511154167807
861f8a05fffffff,604037192733425663
861ed648fffffff,604024841212788735
8638699afffffff,604474769638686719
861e848dfffffff,604019224737742847
861f993afffffff,604038237752655871
861e838b7ffffff,604019155347177471
861f98387ffffff,604038168362090495
861ea3db7ffffff,604021375845269503
861ea2d8fffffff,604021306454704127
861e8692fffffff,604019363518873599
861e8ea6fffffff,604019918643396607
863f24537ffffff,604593154103967743
861e85907ffffff,604019294128308223
861ed6587ffffff,604024845373538303
863f26587ffffff,604593292885098495
861e9ac4fffffff,604020751330181119
861f9d44fffffff,604038515314917375
863869aa7ffffff,604474773799436287
861e9bc77ffffff,604020820720746495
861eb505fffffff,604022555484880895
861e80937ffffff,604018951336230911
861e8aac7ffffff,604019645241884671
861e839afffffff,604019159507927039
861f994a7ffffff,604038241913405439
861e8eb67ffffff,604019922804146175
863f348afffffff,604594268513763327
861eb10b7ffffff,604022282083368959
861e86a27ffffff,604019367679623167
861f8a24fffffff,604037201054924799
863f2462fffffff,604593158264717311
861e8baefffffff,604019714632450047
863f3080fffffff,604593990951501823
861e9bd6fffffff,604020824881496063
861f9d547ffffff,604038519475666943
861f8b277ffffff,604037270445490175
863f358d7ffffff,604594337904328703
863869b9fffffff,604474777960185855
861f9b4f7ffffff,604038380694536191
861eb412fffffff,604022490255065087
861e8ec5fffffff,604019926964895743
861e84acfffffff,604019233059241983
861e83aa7ffffff,604019163668676607
861f9959fffffff,604038246074155007
861e80a2fffffff,604018955496980479
863f349a7ffffff,604594272674512895
861eb11afffffff,604022286244118527
861eb524fffffff,604022563806380031
863f24727ffffff,604593162425466879
861e86b1fffffff,604019371840372735
861f98577ffffff,604038176683589631
863f30907ffffff,604593995112251391
861f8a347ffffff,604037205215674367
863f26777ffffff,604593301206597631
861f9c617ffffff,604038454245851135
861e8cc0fffffff,604019788183764991
861f9e667ffffff,604038593026981887
861ea409fffffff,604021388327518207
861ea60efffffff,604021527108648959
861f99697ffffff,604038250234904575
861ea204fffffff,604021249546387455
861e8ed57ffffff,604019931125645311
861e83b9fffffff,604019167829426175
861f9866fffffff,604038180844339199
861e8bcdfffffff,604019722953949183
861e80b27ffffff,604018959657730047
863f2481fffffff,604593166586216447
861eb12a7ffffff,604022290404868095
861f8b467ffffff,604037278766989311
863f34a9fffffff,604594276835262463
863f2686fffffff,604593305367347199
861e8acb7ffffff,604019653563383807
861eb5347ffffff,604022567967129599
861ea50c7ffffff,604021457718083583
861e82b77ffffff,604019098438860799
861ea3077ffffff,604021318936952831
863f25847ffffff,604593235976781823
861e88c67ffffff,604019514782253055
861f9b6e7ffffff,604038389016035327
861f9e75fffffff,604038597187731455
861ea2147ffffff,604021253707137023
861f9978fffffff,604038254395654143
861ea4197ffffff,604021392488267775
861f98767ffffff,604038185005088767
863f24917ffffff,604593170746966015
861e85ce7ffffff,604019310771306495
863f34b97ffffff,604594280996012031
861eb139fffffff,604022294565617663
861f8b55fffffff,604037282927738879
861e8adafffffff,604019657724133375
861e80c1fffffff,604018963818479615
861ea00f7ffffff,604021114926006271
861e81c47ffffff,604019033209044991
861e83c97ffffff,604019171990175743
861e9a007ffffff,604020698582614015
863f26967ffffff,604593309528096767
861e88d5fffffff,604019518943002623
861e9b02fffffff,604020767973179391
861e86d0fffffff,604019380161871871
861ea62dfffffff,604021535430148095
861e84db7ffffff,604019245541490687
861ea428fffffff,604021396649017343
863f35cb7ffffff,604594354547326975
861f9b8d7ffffff,604038397337534463
861f8b657ffffff,604037287088488447
861e80d17ffffff,604018967979229183
861e83d8fffffff,604019176150925311
861f9885fffffff,604038189165838335
863f24a0fffffff,604593174907715583
861f99887ffffff,604038258556403711
861f8a62fffffff,604037217697923071
863f26a5fffffff,604593313688846335
861e9d177ffffff,604020910915059711
861eb1497ffffff,604022298726367231
861ea52b7ffffff,604021466039582719
863f34c8fffffff,604594285156761599
861f9a8afffffff,604038327946969087
861e9b127ffffff,604020772133928959
861e8e017ffffff,604019874217328639
861ea4387ffffff,604021400809766911
861ea2337ffffff,604021262028636159
863f35dafffffff,604594358708076543
863f24b07ffffff,604593179068465151
861e9b21fffffff,604020776294678527
863f26b57ffffff,604593317849595903
861f8b74fffffff,604037291249238015
861e9d26fffffff,604020915075809279
861eb562fffffff,604022580449378303
861ea53afffffff,604021470200332287
861eb158fffffff,604022302887116799
863f34d87ffffff,604594289317511167
861f9ea47ffffff,604038609669980159
861f98957ffffff,604038193326587903
861f8a727ffffff,604037221858672639
86386d0efffffff,604475006935629823
861f886d7ffffff,604037083077541887
861f9a9a7ffffff,604038332107718655
861e8e10fffffff,604019878378078207
861e8a06fffffff,604019600815816703
861e8b097ffffff,604019670206382079
861f9a9afffffff,604038332241936383
86386d0f7ffffff,604475007069847551
863f25b37ffffff,604593248593248255
861f886dfffffff,604037083211759615
861eb1597ffffff,604022303021334527
861f99987ffffff,604038262851371007
861f9895fffffff,604038193460805631
861f9ea4fffffff,604038609804197887
861eb5637ffffff,604022580583596031
863f34d8fffffff,604594289451728895
861f8a72fffffff,604037221992890367
861e9d277ffffff,604020915210027007
861ea53b7ffffff,604021470334550015
861e9b227ffffff,604020776428896255
863f26b5fffffff,604593317983813631
861f8b757ffffff,604037291383455743
863f24b0fffffff,604593179202682879
863f35db7ffffff,604594358842294271
861ea438fffffff,604021400943984639
861e8e01fffffff,604019874351546367
861ea242fffffff,604021266189385727
861f9bac7ffffff,604038405659033599
861ea3457ffffff,604021335579951103
861ea64cfffffff,604021543751647231
861ea54a7ffffff,604021474361081855
861f9aa9fffffff,604038336268468223
861f99a77ffffff,604038266877902847
861e9d367ffffff,604020919236558847
861e9a2efffffff,604020711064862719
861e9b317ffffff,604020780455428095
863f26c4fffffff,604593322010345471
861f98a4fffffff,604038197487337471
861e8801fffffff,604019462034685951
861eb1687ffffff,604022307047866367
863f25c27ffffff,604593252619780095
861e992c7ffffff,604020641674297343
861eb5727ffffff,604022584610127871
861e84077ffffff,604019188633174015
861ea4577ffffff,604021409131266047
861e8a167ffffff,604019604976566271
861ea04d7ffffff,604021131569004543
861e8b18fffffff,604019674367131647
861e8304fffffff,604019119242608639
861e8e207ffffff,604019882538827775
861ea2527ffffff,604021270350135295
861ea559fffffff,604021478521831423
861ea354fffffff,604021339740700671
861e8509fffffff,604019258023739391
863f24cf7ffffff,604593187389964287
861e9b40fffffff,604020784616177663
861f9ab97ffffff,604038340429217791
861f98b47ffffff,604038201648087039
861e8c1b7ffffff,604019743757697023
861f99b6fffffff,604038271038652415
863f25d1fffffff,604593256780529663
86386d2dfffffff,604475015257128959
863f26d47ffffff,604593326171095039
861eb581fffffff,604022588770877439
861e88117ffffff,604019466195435519
861ea261fffffff,604021274510884863
861e8416fffffff,604019192793923583
861e8a25fffffff,604019609137315839
861ea466fffffff,604021413292015615
861e83147ffffff,604019123403358207
861e800cfffffff,604018915231662079
861eb1877ffffff,604022315369365503
861e85197ffffff,604019262184488959
861e8b287ffffff,604019678527881215
861f9bcb7ffffff,604038413980532735
861e810f7ffffff,604018984622227455
863f34047ffffff,604594232409194495
861e9a4dfffffff,604020719386361855
861ea3647ffffff,604021343901450239
861f99c67ffffff,604038275199401983
861e9b507ffffff,604020788776927231
861eb5917ffffff,604022592931627007
861ea5697ffffff,604021482682580991
861e8820fffffff,604019470356185087
861eb48efffffff,604022523541061631
861ea4767ffffff,604021417452765183
861e8a357ffffff,604019613298065407
861ea2717ffffff,604021278671634431
861e84267ffffff,604019196954673151
861eb196fffffff,604022319530115071
861f9bdafffffff,604038418141282303
861ea67b7ffffff,604021556233895935
861eb5a0fffffff,604022597092376575
861ea06c7ffffff,604021139890503679
861f98d37ffffff,604038209969586175
861f99d5fffffff,604038279360151551
861ea578fffffff,604021486843330559
861e82217ffffff,604019058173542399
861e8528fffffff,604019266345238527
861eb1a67ffffff,604022323690864639
861ea68afffffff,604021560394645503
861ea280fffffff,604021282832383999
861e8435fffffff,604019201115422719
861ea485fffffff,604021421613514751
861e8b477ffffff,604019686849380351
861e8e4efffffff,604019895021076479
861e83337ffffff,604019131724857343
861ea5887ffffff,604021491004080127
861e8c49fffffff,604019756239945727
861e9b6f7ffffff,604020797098426367
863f34237ffffff,604594240730693631
861e9a6cfffffff,604020727707860991
863f26007ffffff,604593269262778367
861e8a44fffffff,604019617458814975
861eb5b07ffffff,604022601253126143
861e812e7ffffff,604018992943726591
861e8230fffffff,604019062334291967
861f8bc27ffffff,604037312052985855
861e85387ffffff,604019270505988095
861e996a7ffffff,604020658317295615
861e863afffffff,604019339896553471
861ea69a7ffffff,604021564555395071
861eb1b5fffffff,604022327851614207
861ea2907ffffff,604021286993133567
861e8b56fffffff,604019691010129919
861ea08b7ffffff,604021148212002815
861e803b7ffffff,604018927713910783
861e84457ffffff,604019205276172287
861ea4957ffffff,604021425774264319
861e884f7ffffff,604019482838433791
863f3432fffffff,604594244891443199
863f240afffffff,604593134642397183
861e8c597ffffff,604019760400695295
861e8a547ffffff,604019621619564543
861e8342fffffff,604019135885606911
861e9979fffffff,604020662478045183
861f8bd1fffffff,604037316213735423
861eb3bafffffff,604022466632744959
861ea6a9fffffff,604021568716144639
861e8454fffffff,604019209436921855
861ea4a4fffffff,604021429935013887
861ea09afffffff,604021152372752383
861e814d7ffffff,604019001265225727
861e8e6dfffffff,604019903342575615
861e85577ffffff,604019278827487231
861f9901fffffff,604038222451834879
863f241a7ffffff,604593138803146751
861f9b06fffffff,604038361232965631
861e8b667ffffff,604019695170879487
861e9d937ffffff,604020944201056255
861e83527ffffff,604019140046356479
861eb1c57ffffff,604022332012363775
861e8c68fffffff,604019764561444863
861f9a047ffffff,604038291842400255
863f3544fffffff,604594318442758143
861e804afffffff,604018931874660351
861e9b8e7ffffff,604020805419925503
861ea5a77ffffff,604021499325579263
861e16447ffffff,604011645865295871
861ea6b97ffffff,604021572876894207
861e84647ffffff,604019213597671423
861ea4b47ffffff,604021434095763455
861ea2af7ffffff,604021295314632703
861f980efffffff,604038157222019071
861f9b167ffffff,604038365393715199
861e8b75fffffff,604019699331629055
861e9da2fffffff,604020948361805823
861e886e7ffffff,604019491159932927
861e8a737ffffff,604019629941063679
861eb1d4fffffff,604022336173113343
861f99117ffffff,604038226612584447
861e8c787ffffff,604019768722194431
861ea0aa7ffffff,604021156533501951
863f35547ffffff,604594322603507711
861e805a7ffffff,604018936035409919
861e8361fffffff,604019144207106047
861e8566fffffff,604019282988236799
863f2429fffffff,604593142963896319
86386980fffffff,604474762659364863
861f9d1b7ffffff,604038504174845951
861ea5b6fffffff,604021503486328831
861e8a82fffffff,604019634101813247
861f9920fffffff,604038230773334015
861ea5c67ffffff,604021507647078399
861e8e8cfffffff,604019911664074751
861e816c7ffffff,604019009586724863
861ea6c8fffffff,604021577037643775
861e9db27ffffff,604020952522555391
861e8069fffffff,604018940196159487
861f9b25fffffff,604038369554464767
861ea0b9fffffff,604021160694251519
861ea3c17ffffff,604021368865947647
861e8b857ffffff,604019703492378623
863f24397ffffff,604593147124645887
861e83717ffffff,604019148367855615
861e85767ffffff,604019287148986367
861f9a237ffffff,604038300163899391
861e9bad7ffffff,604020813741424639
861f9e2d7ffffff,604038577726160895
861f9d2afffffff,604038508335595519
861e16637ffffff,604011654186795007
863869907ffffff,604474766820114431
861e84837ffffff,604019221919170559
861e8380fffffff,604019152528605183
861ea0c97ffffff,604021164855001087
861f982dfffffff,604038165543518207
861ea5d5fffffff,604021511807827967
861e8a927ffffff,604019638262562815
861ea2ce7ffffff,604021303636131839
861ea6d87ffffff,604021581198393343
861f99307ffffff,604038234934083583
861f9b357ffffff,604038373715214335
863f2448fffffff,604593151285395455
861ea4d37ffffff,604021442417262591
861f8b0d7ffffff,604037263466168319
861e80797ffffff,604018944356909055
861f9a32fffffff,604038304324648959
861ea3d0fffffff,604021373026697215
861e86887ffffff,604019360700301311
861e8b94fffffff,604019707653128191
863f35737ffffff,604594330925006847
861e8585fffffff,604019291309735935
863f3470fffffff,604594261534441471
861f8a0afffffff,604037194075602943
861e1672fffffff,604011658347544575
863f264dfffffff,604593290066526207
86386da9fffffff,604475048543125503
861e83907ffffff,604019156689354751
861ea0d8fffffff,604021169015750655
861e8492fffffff,604019226079920127
861e8aa1fffffff,604019642423312383
861e8088fffffff,604018948517658623
861eb100fffffff,604022279264796671
863f34807ffffff,604594265695191039
863f24587ffffff,604593155446145023
861f9d49fffffff,604038516657094655
861e85957ffffff,604019295470485503
861e818b7ffffff,604019017908223999
861e9ac9fffffff,604020752672358399
861ea1db7ffffff,604021238406316031
861e8ba47ffffff,604019711813877759
863f3582fffffff,604594335085756415
863869af7ffffff,604474775141613567
861e9bcc7ffffff,604020822062923775
861eb50afffffff,604022556827058175
861f9b44fffffff,604038377875963903
861e80987ffffff,604018952678408191
861e84a27ffffff,604019230240669695
861e8ab17ffffff,604019646584061951
861f994f7ffffff,604038243255582719
861e8ebb7ffffff,604019924146323455
861f984cfffffff,604038173865017343
861eb1107ffffff,604022283425546239
861e86a77ffffff,604019369021800447
861f8a29fffffff,604037202397102079
863f35927ffffff,604594339246505983
861f8b2c7ffffff,604037271787667455
861f9b547ffffff,604038382036713471
863f3085fffffff,604593992293679103
861e819afffffff,604019022068973567
861f9d597ffffff,604038520817844223
861e9ad97ffffff,604020756833107967
861f9a8b7ffffff,604038328081186815
861e9b12fffffff,604020772268146687
861e9a107ffffff,604020702877581311
863f34c97ffffff,604594285290979327
861f8a637ffffff,604037217832140799
861f98867ffffff,604038189300056063
861eb149fffffff,604022298860584959
863f26a67ffffff,604593313823064063
861f9988fffffff,604038258690621439
861e83d97ffffff,604019176285143039
863f24a17ffffff,604593175041933311
861e81d47ffffff,604019037504012287
861f8b65fffffff,604037287222706175
861e80d1fffffff,604018968113446911
861f9b8dfffffff,604038397471752191
861ea2247ffffff,604021258002104319
861ea4297ffffff,604021396783235071
861ea62e7ffffff,604021535564365823
861ea6047ffffff,604021524290076671
861e8ecafffffff,604019928307073023
861e83af7ffffff,604019165010853887
861e84b1fffffff,604019234401419263
861e8bc37ffffff,604019720135376895
861e86b6fffffff,604019373182550015
861e8ac0fffffff,604019650744811519
861ea501fffffff,604021454899511295
861eb529fffffff,604022565148557311
863f24777ffffff,604593163767644159
861e82acfffffff,604019095620288511
863f30957ffffff,604593996454428671
861f8a397ffffff,604037206557851647
861e8cc5fffffff,604019789525942271
861f9c667ffffff,604038455588028415
861f9d68fffffff,604038524978593791
861e81aa7ffffff,604019026229723135
861f996e7ffffff,604038251577081855
861ea40efffffff,604021389669695487
861e84c17ffffff,604019238562168831
861e8eda7ffffff,604019932467822591
861ea209fffffff,604021250888564735
863f34aefffffff,604594278177439743
861e80b77ffffff,604018960999907327
861ea5117ffffff,604021459060260863
863f2486fffffff,604593167928393727
861e8ad07ffffff,604019654905561087
861eb12f7ffffff,604022291747045375
861f8b4b7ffffff,604037280109166591
861e8bd2fffffff,604019724296126463
861e88cb7ffffff,604019516124430335
861ea004fffffff,604021112107433983
861ea30c7ffffff,604021320279130111
861f8a48fffffff,604037210718601215
861eb5397ffffff,604022569309306879
861f9d787ffffff,604038529139343359
863f25897ffffff,604593237318959103
861e86c67ffffff,604019377343299583
861f9b737ffffff,604038390358212607
861f9c75fffffff,604038459748777983
861e81b9fffffff,604019030390472703
861eb02cfffffff,604022222356479999
861e84d0fffffff,604019242722918399
861ea6237ffffff,604021532611575807
863f24967ffffff,604593172089143295
861ea2197ffffff,604021255049314303
861f9b82fffffff,604038394518962175
861e80c6fffffff,604018965160656895
861f987b7ffffff,604038186347266047
861e85d37ffffff,604019312113483775
861e81c97ffffff,604019034551222271
861e83ce7ffffff,604019173332353023
861f8b5afffffff,604037284269916159
861ea0147ffffff,604021116268183551
863f35c0fffffff,604594351728754687
861e88dafffffff,604019520285179903
863f2598fffffff,604593241479708671
861e9a057ffffff,604020699924791295
863f30b47ffffff,604594004775927807
861f9a807ffffff,604038325128396799
861ea520fffffff,604021463221010431
861f8a587ffffff,604037214879350783
863f269b7ffffff,604593310870274047
861e86d5fffffff,604019381504049151
861ea632fffffff,604021536772325375
861f9b927ffffff,604038398679711743
861ea228fffffff,604021259210063871
861e80d67ffffff,604018969321406463
861ea42dfffffff,604021397991194623
861f8b6a7ffffff,604037288430665727
861e81d8fffffff,604019038711971839
863f35d07ffffff,604594355889504255
861f998d7ffffff,604038259898580991
861eb14e7ffffff,604022300068544511
861f988afffffff,604038190508015615
861ea5307ffffff,604021467381759999
863f26aafffffff,604593315031023615
863f24a5fffffff,604593176249892863
861ea32b7ffffff,604021328600629247
863f34cdfffffff,604594286498938879
861e9a14fffffff,604020704085540863
86386d047ffffff,604475004117057535
861e9b177ffffff,604020773476106239
861ea2387ffffff,604021263370813439
861e8e067ffffff,604019875559505919
861f9ba1fffffff,604038402840461311
861f8b79fffffff,604037292591415295
861ea6427ffffff,604021540933074943
863f26ba7ffffff,604593319191773183
863f24b57ffffff,604593180410642431
861ea0337ffffff,604021124589682687
861e9b26fffffff,604020777636855807
861f8a777ffffff,604037223200849919
861f989a7ffffff,604038194668765183
861e9a247ffffff,604020708246290431
861ea33afffffff,604021332761378815
861e8c017ffffff,604019736778375167
861e9921fffffff,604020638855725055
861ea44cfffffff,604021406312693759
861e8e15fffffff,604019879720255487
861f9bb17ffffff,604038407001210879
861ea34a7ffffff,604021336922128383
861ea042fffffff,604021128750432255
861e8b0e7ffffff,604019671548559359
863f24c4fffffff,604593184571391999
861ea651fffffff,604021545093824511
861f9aaefffffff,604038337610645503
861f98a9fffffff,604038198829514751
861f99ac7ffffff,604038268220080127
861ea54f7ffffff,604021475703259135
863f26c9fffffff,604593323352522751
861eb5777ffffff,604022585952305151
861f8b897ffffff,604037296752164863
861ed6c9fffffff,604024875840962559
86386d237ffffff,604475012438556671
861e9b367ffffff,604020781797605375
861eb16d7ffffff,604022308390043647
861e8c10fffffff,604019740939124735
863f25c77ffffff,604593253961957375
861e9d3b7ffffff,604020920578736127
861e840c7ffffff,604019189975351295
861ea0527ffffff,604021132911181823
861ea359fffffff,604021341082877951
861e80027ffffff,604018912413089791
861ea2577ffffff,604021271692312575
861ea6617ffffff,604021549254574079
861e8e257ffffff,604019883881005055
863f24d47ffffff,604593188732141567
861e8a1b7ffffff,604019606318743551
861f9bc0fffffff,604038411161960447
861e9a437ffffff,604020716567789567
861f98b97ffffff,604038202990264319
861e9b45fffffff,604020785958354943
861e8309fffffff,604019120584785919
861eb586fffffff,604022590113054719
861e850efffffff,604019259365916671
861e8104fffffff,604018981803655167
861ed6d97ffffff,604024880001712127
863f25d6fffffff,604593258122706943
863f26d97ffffff,604593327513272319
861eb4847ffffff,604022520722489343
861f9dc5fffffff,604038549943091199
86386d32fffffff,604475016599306239
861e9940fffffff,604020647177224191
861e86117ffffff,604019328756482047
861ea266fffffff,604021275853062143
861e8a2afffffff,604019610479493119
861ea670fffffff,604021553415323647
861e8011fffffff,604018916573839359
861eb18c7ffffff,604022316711542783
861f9bd07ffffff,604038415322710015
861ea3697ffffff,604021345243627519
861e83197ffffff,604019124745535487
861e8e34fffffff,604019888041754623
861f99cb7ffffff,604038276541579263
861e8b2d7ffffff,604019679870058495
861ea061fffffff,604021137071931391
861e9a52fffffff,604020720728539135
861eb5967ffffff,604022594273804287
861f98c8fffffff,604038207151013887
861e9b557ffffff,604020790119104511
861e8620fffffff,604019332917231615
861e81147ffffff,604018985964404735
863f34097ffffff,604594233751371775
861f8ba87ffffff,604037305073663999
863f20d9fffffff,604592915330629631
861e8216fffffff,604019055354970111
861f9acdfffffff,604038345932144639
861ea47b7ffffff,604021418794942463
861ea6807ffffff,604021557576073215
861ea2767ffffff,604021280013811711
861e842b7ffffff,604019198296850431
861e80217ffffff,604018920734588927
861e8e447ffffff,604019892202504191
861e8a3a7ffffff,604019614640242687
861e9a627ffffff,604020724889288703
861ea378fffffff,604021349404377087
861e8328fffffff,604019128906285055
861ea0717ffffff,604021141232680959
861eb5a5fffffff,604022598434553855
861e9b64fffffff,604020794279854079
861e82267ffffff,604019059515719679
863f351b7ffffff,604594307302686719
863f3418fffffff,604594237912121343
861f99dafffffff,604038280702328831
861e86307ffffff,604019337077981183
861f98d87ffffff,604038211311763455
861eb3a0fffffff,604022459653423103
861e843afffffff,604019202457599999
861ea285fffffff,604021284174561279
861eb1ab7ffffff,604022325033041919
861e8030fffffff,604018924895338495
861ea48afffffff,604021422955692031
861ea58d7ffffff,604021492346257407
861ea080fffffff,604021145393430527
861e8b4c7ffffff,604019688191557631
861e83387ffffff,604019133067034623
861e9a71fffffff,604020729050038271
861e8844fffffff,604019480019861503
863f24007ffffff,604593131823824895
861e8c4efffffff,604019757582123007
861e9b747ffffff,604020798440603647
861eb5b57ffffff,604022602595303423
863f26057ffffff,604593270604955647
863f34287ffffff,604594242072870911
861e8235fffffff,604019063676469247
861f8bc77ffffff,604037313395163135
861eb3b07ffffff,604022463814172671
861ea3887ffffff,604021353565126655
861e81337ffffff,604018994285903871
861e986cfffffff,604020590268907519
861e8a49fffffff,604019618800992255
861ea2957ffffff,604021288335310847
861eb1bafffffff,604022329193791487
861e8e637ffffff,604019900524003327
861ea0907ffffff,604021149554180095
861e854cfffffff,604019276008914943
861e8142fffffff,604018998446653439
861e844a7ffffff,604019206618349567
861ea49a7ffffff,604021427116441599
863f2614fffffff,604593274765705215
861e88547ffffff,604019484180611071
861e80407ffffff,604018929056088063
861e9d88fffffff,604020941382483967
861e8a597ffffff,604019622961741823
861eb4c27ffffff,604022537365487615
861f8bd6fffffff,604037317555912703
863f25127ffffff,604593205375139839
861ea4a9fffffff,604021431277191167
861ea6aefffffff,604021570058321919
861e8e72fffffff,604019904684752895
861f9906fffffff,604038223794012159
861f98047ffffff,604038154403446783
861e81527ffffff,604019002607403007
861e8459fffffff,604019210779099135
861ea2a4fffffff,604021292496060415
861e83577ffffff,604019141388533759
861e8b6b7ffffff,604019696513056767
861eb5447ffffff,604022572262096895
861e86d17ffffff,604019380296089599
861e9b037ffffff,604020768107397119
861ea3177ffffff,604021323231920127
861e88d67ffffff,604019519077220351
861e9a00fffffff,604020698716831743
863f25947ffffff,604593240271749119
863f2696fffffff,604593309662314495
861e81c4fffffff,604019033343262719
861e83c9fffffff,604019172124393471
861e8adb7ffffff,604019657858351103
861f8b567ffffff,604037283061956607
861e80c27ffffff,604018963952697343
861e85cefffffff,604019310905524223
863f34b9fffffff,604594281130229759
861eb13a7ffffff,604022294699835391
863f2491fffffff,604593170881183743
861f9876fffffff,604038185139306495
861f99797ffffff,604038254529871871
861ea214fffffff,604021253841354751
861ea419fffffff,604021392622485503
861e84cc7ffffff,604019241514958847
861e8a68fffffff,604019627122491391
861e16497ffffff,604011647207473151
863f3549fffffff,604594319784935423
861e9d987ffffff,604020945543233535
861ea5ac7ffffff,604021500667756543
861e8c6dfffffff,604019765903622143
861eb1ca7ffffff,604022333354541055
863f34477ffffff,604594250394370047
861eb4d1fffffff,604022541526237183
861f9a097ffffff,604038293184577535
861ea4b97ffffff,604021435437940735
861e8161fffffff,604019006768152575
861ea2b47ffffff,604021296656809983
861e8e827ffffff,604019908845502463
861e8b7afffffff,604019700673806335
861e84697ffffff,604019214939848703
861f99167ffffff,604038227954761727
861e88737ffffff,604019492502110207
863f35597ffffff,604594323945684991
861e8366fffffff,604019145549283327
861f9b1b7ffffff,604038366735892479
861e8a787ffffff,604019631283240959
861ea0af7ffffff,604021157875679231
861e1658fffffff,604011651368222719
863f3456fffffff,604594254555119615
86386985fffffff,604474764001542143
861e9ba2fffffff,604020810922852351
861f9a18fffffff,604038297345327103
861eb1d9fffffff,604022337515290623
861f9e22fffffff,604038574907588607
861f9d207ffffff,604038505517023231
861ea5cb7ffffff,604021508989255679
861f9925fffffff,604038232115511295
861ea4c8fffffff,604021439598690303
861e806efffffff,604018941538336767
861e8478fffffff,604019219100598271
861ea6cdfffffff,604021578379821055
861f98237ffffff,604038162724945919
861e857b7ffffff,604019288491163647
861e8e91fffffff,604019913006252031
861e81717ffffff,604019010928902143
861e9db77ffffff,604020953864732671
861e8b8a7ffffff,604019704834555903
861e83767ffffff,604019149710032895
861f9b2afffffff,604038370896642047
861f8b02fffffff,604037260647596031
863f26437ffffff,604593287247953919
861ea3c67ffffff,604021370208124927
863f34667ffffff,604594258715869183
863869957ffffff,604474768162291711
861f9a287ffffff,604038301506076671
861ed6437ffffff,604024839736393727
861f8a007ffffff,604037191257030655
861e9bb27ffffff,604020815083601919
861e99ad7ffffff,604020676302471167
861e9cb4fffffff,604020884474167295
861e84887ffffff,604019223261347839
861e8385fffffff,604019153870782463
861ea5dafffffff,604021513150005247
861ea0ce7ffffff,604021166197178367
861e8a977ffffff,604019639604740095
861f99357ffffff,604038236276260863
861e8ea17ffffff,604019917167001599
861ea2d37ffffff,604021304978309119
861ea4d87ffffff,604021443759439871
861f9832fffffff,604038166885695487
861e8b99fffffff,604019708995305471
863f244dfffffff,604593152627572735
861f9b3a7ffffff,604038375057391615
861e858afffffff,604019292651913215
863f2652fffffff,604593291408703487
861ea3d5fffffff,604021374368874495
863869a4fffffff,604474772323041279
861e868d7ffffff,604019362042478591
861f8b127ffffff,604037264808345599
863f3475fffffff,604594262876618751
861ed652fffffff,604024843897143295
863f35787ffffff,604594332267184127
861e9dc6fffffff,604020958025482239
861e8180fffffff,604019015089651711
861e83957ffffff,604019158031532031
861e808dfffffff,604018949859835903
861f9944fffffff,604038240437010431
861eb105fffffff,604022280606973951
861e8aa6fffffff,604019643765489663
861e8eb0fffffff,604019921327751167
863f34857ffffff,604594267037368319
861f98427ffffff,604038171046445055
861e859a7ffffff,604019296812662783
861e8ba97ffffff,604019713156055039
863869b47ffffff,604474776483790847
861f9d4efffffff,604038517999271935
861f8b21fffffff,604037268969095167
861e9acefffffff,604020754014535679
861e9dd67ffffff,604020962186231807
863f26627ffffff,604593295569453055
861f9b49fffffff,604038379218141183
861f9c4c7ffffff,604038448608706559
861e81907ffffff,604019019250401279
861e8292fffffff,604019088640966655
861e8ec07ffffff,604019925488500735
861e83a4fffffff,604019162192281599
861e84a77ffffff,604019231582846975
861eb1157ffffff,604022284767723519
861e8ab67ffffff,604019647926239231
861f99547ffffff,604038244597759999
863f3494fffffff,604594271198117887
861f8a2efffffff,604037203739279359
861f9851fffffff,604038175207194623
861e8bb8fffffff,604019717316804607
861e86ac7ffffff,604019370363977727
861f9b597ffffff,604038383378890751
863f35977ffffff,604594340588683263
861e82a27ffffff,604019092801716223
863f2671fffffff,604593299730202623
861f8b317ffffff,604037273129844735
861e85a9fffffff,604019300973412351
863f246cfffffff,604593160949071871
863f308afffffff,604593993635856383
861f9a56fffffff,604038313988325375
861ea4047ffffff,604021386851123199
861f98617ffffff,604038179367944191
861e83b47ffffff,604019166353031167
861e8bc87ffffff,604019721477554175
861eb124fffffff,604022288928473087
861ea6097ffffff,604021525632253951
861e80acfffffff,604018958181335039
863f34a47ffffff,604594275358867455
861f8b40fffffff,604037277290594303
861e84b6fffffff,604019235743596543
861e8ac5fffffff,604019652086988799
861eb52efffffff,604022566490734591
861ea506fffffff,604021456241688575
861ea301fffffff,604021317460557823
863f26817ffffff,604593303890952191
861f9c6b7ffffff,604038456930205695
861e85b97ffffff,604019305134161919
861e88c0fffffff,604019513305858047
861e82b1fffffff,604019096962465791
861e8ccafffffff,604019790868119551
863f309a7ffffff,604593997796605951
861f9a667ffffff,604038318149074943
861e84c67ffffff,604019239904346111
861ea20efffffff,604021252230742015
861eb1347ffffff,604022293089222655
861ea618fffffff,604021529793003519
861f9870fffffff,604038183528693759
861f99737ffffff,604038252919259135
861e85c8fffffff,604019309294911487
861e8ad57ffffff,604019656247738367
861ea5167ffffff,604021460402438143
861ea009fffffff,604021113449611263
861f8b507ffffff,604037281451343871
861e88d07ffffff,604019517466607615
861f8a4dfffffff,604037212060778495
861ea3117ffffff,604021321621307391
863f2690fffffff,604593308051701759
863f258e7ffffff,604593238661136383
861e9d027ffffff,604020905277915135
861f9c7afffffff,604038461090955263
863f35b67ffffff,604594348910182399
861f9a75fffffff,604038322309824511
861e84d5fffffff,604019244065095679
861ea6287ffffff,604021533953753087
861ea4237ffffff,604021395172622335
861e85d87ffffff,604019313455661055
861ea0197ffffff,604021117610360831
863f249b7ffffff,604593173431320575
861e81ce7ffffff,604019035893399551
861e83d37ffffff,604019174674530303
861f9982fffffff,604038257080008703
863f26a07ffffff,604593312212451327
863f35c5fffffff,604594353070931967
861e9a0a7ffffff,604020701266968575
861e9b0cfffffff,604020770657533951
861f9a857ffffff,604038326470574079
863f34c37ffffff,604594283680366591
861f98807ffffff,604038187689443327
861ea525fffffff,604021464563187711
861ea320fffffff,604021325782056959
863f20917ffffff,604592895869059071
863f30b97ffffff,604594006118105087
861e9d11fffffff,604020909438664703
861ea432fffffff,604021399333371903
861f9b977ffffff,604038400021889023
861ea22dfffffff,604021260552241151
861f8b6f7ffffff,604037289772843007
861f8a6cfffffff,604037220382277631
863f35d57ffffff,604594357231681535
861e80db7ffffff,604018970663583743
863f34d2fffffff,604594287841116159
861f9a94fffffff,604038330631323647
863f24aafffffff,604593177592070143
861e9a19fffffff,604020705427718143
861eb1537ffffff,604022301410721791
861ea5357ffffff,604021468723937279
861f99927ffffff,604038261240758271
861e9d217ffffff,604020913599414271
861ea028fffffff,604021121771110399
861ea4427ffffff,604021403494121471
861e8e0b7ffffff,604019876901683199
861f9ba6fffffff,604038404182638591
861f9aa47ffffff,604038334792073215
861e8a017ffffff,604019599339421695
861ea6477ffffff,604021542275252223
863f24ba7ffffff,604593181752819711
861f99a1fffffff,604038265401507839
861e9a297ffffff,604020709588467711
861eb162fffffff,604022305571471359
861eb56cfffffff,604022583133732863
861ea544fffffff,604021472884686847
861e9926fffffff,604020640197902335
861e9d30fffffff,604020917760163839
861ea0387ffffff,604021125931859967
861e12da7ffffff,604011411252707327
861eae5b7ffffff,604022097399775231
861e8401fffffff,604019187156779007
861e8e1afffffff,604019881062432767
861ea451fffffff,604021407654871039
861ea24cfffffff,604021268873740287
861f9bb67ffffff,604038408343388159
861ea656fffffff,604021546436001791
861e8a10fffffff,604019603500171263
861ea34f7ffffff,604021338264305663
861e8b137ffffff,604019672890736639
861ea5547ffffff,604021477045436415
861eb1727ffffff,604022309732220927
861f99b17ffffff,604038269562257407
863f24c9fffffff,604593185913569279
861f98aefffffff,604038200171692031
861e9a38fffffff,604020713749217279
861e9b3b7ffffff,604020783139782655
863f26cefffffff,604593324694700031
861e85047ffffff,604019256547344383
861f9e767ffffff,604038597321949183
861f9b6efffffff,604038389150253055
863f2584fffffff,604593236110999551
861e88c6fffffff,604019514916470783
861f9a6c7ffffff,604038319759687679
863f30a07ffffff,604593999407218687
861ea50cfffffff,604021457852301311
863f26877ffffff,604593305501564927
861eb534fffffff,604022568101347327
861ea0007ffffff,604021110899474431
861f8b46fffffff,604037278901207039
861eb12afffffff,604022290539085823
863f34aa7ffffff,604594276969480191
861e8bce7ffffff,604019723088166911
861e80b2fffffff,604018959791947775
863f24827ffffff,604593166720434175
861f98677ffffff,604038180978556927
861ea60f7ffffff,604021527242866687
861e8ed5fffffff,604019931259863039
861f9969fffffff,604038250369122303
861e83ba7ffffff,604019167963643903
861ea2057ffffff,604021249680605183
861ea40a7ffffff,604021388461735935
86386d287ffffff,604475013780733951
861e99367ffffff,604020644358651903
861e8606fffffff,604019325937909759
861f8b8e7ffffff,604037298094342143
861e84117ffffff,604019191317528575
861ea4617ffffff,604021411815620607
861e8a207ffffff,604019607660920831
861ea6667ffffff,604021550596751359
861e80077ffffff,604018913755267071
861e8e2a7ffffff,604019885223182335
861ea0577ffffff,604021134253359103
861eb181fffffff,604022313892970495
861e830efffffff,604019121926963199
861e8109fffffff,604018983145832447
861f9bc5fffffff,604038412504137727
861e9b4afffffff,604020787300532223
861e8b22fffffff,604019677051486207
861e9a487ffffff,604020717909966847
861f99c0fffffff,604038273723006975
863f24d97ffffff,604593190074318847
861e86167ffffff,604019330098659327
861e881b7ffffff,604019468879790079
861eb386fffffff,604022452674101247
863f35017ffffff,604594300323364863
861e9945fffffff,604020648519401471
861eb4897ffffff,604022522064666623
861ea470fffffff,604021415976370175
861e8420fffffff,604019195478278143
861e8016fffffff,604018917916016639
861e8e39fffffff,604019889383931903
861ea675fffffff,604021554757500927
861f9bd57ffffff,604038416664887295
861eb1917ffffff,604022318053720063
861ea36e7ffffff,604021346585804799
861e81197ffffff,604018987306582015
861f98cdfffffff,604038208493191167
861e8b327ffffff,604019681212235775
861ea5737ffffff,604021485366935551
863f340e7ffffff,604594235093549055
861e9b5a7ffffff,604020791461281791
861e8625fffffff,604019334259408895
861eb498fffffff,604022526225416191
861f99d07ffffff,604038277883756543
861ea066fffffff,604021138414108671
861e882afffffff,604019473040539647
861f8aaafffffff,604037237025275903
861e85237ffffff,604019264868843519
863f3510fffffff,604594304484114431
861eb3967ffffff,604022456834850815
861eb59b7ffffff,604022595615981567
861ea6857ffffff,604021558918250495
861e84307ffffff,604019199639027711
861eb1a0fffffff,604022322214469631
861ea27b7ffffff,604021281355988991
861e80267ffffff,604018922076766207
861e8b41fffffff,604019685372985343
861ea4807ffffff,604021420137119743
861e9b69fffffff,604020795622031359
861e9a677ffffff,604020726231465983
861e8e497ffffff,604019893544681471
861e832dfffffff,604019130248462335
861ea582fffffff,604021489527685119
861e8128fffffff,604018991467331583
861e8c447ffffff,604019754763550719
861ea0767ffffff,604021142574858239
861e86357ffffff,604019338420158463
861eb5aafffffff,604022599776731135
861e883a7ffffff,604019477201289215
861e9964fffffff,604020656840900607
861e822b7ffffff,604019060857896959
861ea694fffffff,604021563079000063
861ea28afffffff,604021285516738559
861e8b517ffffff,604019689533734911
861eb1b07ffffff,604022326375219199
861e85427ffffff,604019273190342655
861e8035fffffff,604018926237515775
861e8849fffffff,604019481362038783
861e8e58fffffff,604019897705431039
861ea085fffffff,604021146735607807
861e9b797ffffff,604020799782780927
863f260a7ffffff,604593271947132927
861e9a76fffffff,604020730392215551
861f8bcc7ffffff,604037314737340415
861ea5927ffffff,604021493688434687
863f24057ffffff,604593133166002175
863f342d7ffffff,604594243415048191
861e81387ffffff,604018995628081151
861e8a4efffffff,604019620143169535
861eb5ba7ffffff,604022603937480703
861eb3b57ffffff,604022465156349951
861ea38d7ffffff,604021354907303935
861e894c7ffffff,604019550752604159
86386d667ffffff,604475030423732223
861e823afffffff,604019065018646527
861ea6a47ffffff,604021567239749631
861ea29a7ffffff,604021289677488127
861e8551fffffff,604019277351092223
861ea0957ffffff,604021150896357375
861e8e687ffffff,604019901866180607
861e844f7ffffff,604019207960526847
861e88597ffffff,604019485522788351
861e8b60fffffff,604019693694484479
863f2619fffffff,604593276107882495
861e80457ffffff,604018930398265343
863f2414fffffff,604593137326751743
861f9b017ffffff,604038359756570623
861e8c637ffffff,604019763085049855
861ea5a1fffffff,604021497849184255
861e9d8dfffffff,604020942724661247
861e834cfffffff,604019138569961471
861e9b88fffffff,604020803943530495
86386d75fffffff,604475034584481791
861eb4c77ffffff,604022538707664895
861ea4aefffffff,604021432619368447
861ea2a9fffffff,604021293838237695
861e8b707ffffff,604019697855234047
861f98097ffffff,604038155745624063
861e81577ffffff,604019003949580287
861e8868fffffff,604019489683537919
861e8a6dfffffff,604019628464668671
861e8054fffffff,604018934559014911
861f9b10fffffff,604038363917320191
861e85617ffffff,604019281511841791
861ea5b17ffffff,604021502009933823
861eb1cf7ffffff,604022334696718335
863f354efffffff,604594321127112703
861e164e7ffffff,604011648549650431
861e8c72fffffff,604019767245799423
861eb4d6fffffff,604022542868414463
861f9a0e7ffffff,604038294526754815
861e9b987ffffff,604020808104280063
861ea0a4fffffff,604021155057106943
861e896b7ffffff,604019559074103295
861ea2b97ffffff,604021297998987263
861ea6c37ffffff,604021575561248767
861ea5c0fffffff,604021506170683391
861e80647ffffff,604018938719764479
861e846e7ffffff,604019216282025983
861e8e877ffffff,604019910187679743
861f9818fffffff,604038159906373631
861e8166fffffff,604019008110329855
861e88787ffffff,604019493844287487
861f9b207ffffff,604038368078069759
861f991b7ffffff,604038229296939007
861e9dacfffffff,604020951046160383
861e8570fffffff,604019285672591359
861ea0b47ffffff,604021159217856511
861e99a2fffffff,604020673483898879
861f9d257ffffff,604038506859200511
863f2638fffffff,604593284429381631
861ea6d2fffffff,604021579721998335
861f992afffffff,604038233457688575
861e8a8cfffffff,604019636786167807
861ea4cdfffffff,604021440940867583
861f98287ffffff,604038164067123199
861ea5d07ffffff,604021510331432959
861ea2c8fffffff,604021302159736831
861ea3cb7ffffff,604021371550302207
861e8e96fffffff,604019914348429311
861e81767ffffff,604019012271079423
861e8b8f7ffffff,604019706176733183
863f24437ffffff,604593149809000447
861e8682fffffff,604019359223906303
861e85807ffffff,604019289833340927
861f9a2d7ffffff,604038302848253951
861e9bb77ffffff,604020816425779199
861e837b7ffffff,604019151052210175
861ed6487ffffff,604024841078571007
863f26487ffffff,604593288590131199
861e99b27ffffff,604020677644648447
861f8a057ffffff,604037192599207935
861ea0d37ffffff,604021167539355647
861e848d7ffffff,604019224603525119
861e838afffffff,604019155212959743
861e80837ffffff,604018947041263615
861f993a7ffffff,604038237618438143
861e86927ffffff,604019363384655871
861ea2d87ffffff,604021306320486399
861ea3dafffffff,604021375711051775
861e8ea67ffffff,604019918509178879
863f2452fffffff,604593153969750015
861f8b177ffffff,604037266150522879
861f9d447ffffff,604038515180699647
861f8a14fffffff,604037196759957503
861e8185fffffff,604019016431828991
863f347afffffff,604594264218796031
861e9ac47ffffff,604020751195963391
861e9bc6fffffff,604020820586528767
861eb5057ffffff,604022555350663167
861e8092fffffff,604018951202013183
861f9949fffffff,604038241779187711
861e839a7ffffff,604019159373709311
861eb10afffffff,604022281949151231
861f98477ffffff,604038172388622335
861e8eb5fffffff,604019922669928447
863f348a7ffffff,604594268379545599
861f8a247ffffff,604037200920707071
863f24627ffffff,604593158130499583
861e86a1fffffff,604019367545405439
861e8bae7ffffff,604019714498232319
863f30807ffffff,604593990817284095
861e9bd67ffffff,604020824747278335
861f8b26fffffff,604037270311272447
863f26677ffffff,604593296911630335
863869b97ffffff,604474777825968127
861eb514fffffff,604022559511412735
861f9b4efffffff,604038380560318463
861eb4127ffffff,604022490120847359
861e8ec57ffffff,604019926830678015
861e84ac7ffffff,604019232925024255
861e8abb7ffffff,604019649268416511
861e83a9fffffff,604019163534458879
861f99597ffffff,604038245939937279
861e80a27ffffff,604018955362762751
863f3499fffffff,604594272540295167
861eb11a7ffffff,604022286109900799
861f9856fffffff,604038176549371903
861e86b17ffffff,604019371706155007
861eb5247ffffff,604022563672162303
863f2471fffffff,604593162291249151
861e82a77ffffff,604019094143893503
863f2676fffffff,604593301072379903
861f9c60fffffff,604038454111633407
861f9d637ffffff,604038523502198783
861e8cc07ffffff,604019788049547263
861ea4097ffffff,604021388193300479
861f9968fffffff,604038250100686847
861ea2047ffffff,604021249412169727
861ea60e7ffffff,604021526974431231
861f98667ffffff,604038180710121471
861e83b97ffffff,604019167695208447
861e8ed4fffffff,604019930991427583
861e8bcd7ffffff,604019722819731455
861f9e66fffffff,604038593161199615
861e8cc17ffffff,604019788317982719
861f9d647ffffff,604038523770634239
861e82a87ffffff,604019094412328959
861f9c61fffffff,604038454380068863
863f3090fffffff,604593995246469119
861f8a34fffffff,604037205349892095
861eb5257ffffff,604022563940597759
863f2472fffffff,604593162559684607
861eb11b7ffffff,604022286378336255
861e86b27ffffff,604019371974590463
863f349afffffff,604594272808730623
861f995a7ffffff,604038246208372735
861e80a37ffffff,604018955631198207
861e83aafffffff,604019163802894335
861e8ec67ffffff,604019927099113471
861e84ad7ffffff,604019233193459711
861e80b1fffffff,604018959523512319
863f24817ffffff,604593166451998719
861f8b45fffffff,604037278632771583
863f34a97ffffff,604594276701044735
861eb129fffffff,604022290270650367
861e8acafffffff,604019653429166079
861e82b6fffffff,604019098304643071
863f26867ffffff,604593305233129471
861e88c5fffffff,604019514648035327
861f8a437ffffff,604037209242206207
861ea306fffffff,604021318802735103
861eb0277ffffff,604022220880084991
861ea418fffffff,604021392354050047
861e84cb7ffffff,604019241246523391
861f9875fffffff,604038184870871039
861f99787ffffff,604038254261436415
863f2490fffffff,604593170612748287
863f34b8fffffff,604594280861794303
861ea51b7ffffff,604021461744615423
861e85cdfffffff,604019310637088767
861eb1397ffffff,604022294431399935
861f8b557ffffff,604037282793521151
861e8ada7ffffff,604019657589915647
861e80c17ffffff,604018963684261887
861e83c8fffffff,604019171855958015
863f25937ffffff,604593240003313663
861ea00efffffff,604021114791788543
863f2695fffffff,604593309393879039
861e88d57ffffff,604019518808784895
861e9d077ffffff,604020906620092415
861ea3167ffffff,604021322963484671
861e9b027ffffff,604020767838961663
861e86d07ffffff,604019380027654143
861eb036fffffff,604022225040834559
861e84dafffffff,604019245407272959
861ea62d7ffffff,604021535295930367
861ea4287ffffff,604021396514799615
861ea2237ffffff,604021257733668863
861f9b8cfffffff,604038397203316735
861e80d0fffffff,604018967845011455
861e81d37ffffff,604019037235576831
863f35cafffffff,604594354413109247
861f8b64fffffff,604037286954270719
861e83d87ffffff,604019176016707583
863f24a07ffffff,604593174773497855
861e9a0f7ffffff,604020702609145855
861e9d16fffffff,604020910780841983
861eb148fffffff,604022298592149503
861f98857ffffff,604038189031620607
863f26a57ffffff,604593313554628607
861f8a627ffffff,604037217563705343
861ea52afffffff,604021465905364991
861ea325fffffff,604021327124234239
863f34c87ffffff,604594285022543871
861e9b11fffffff,604020771999711231
861f9a8a7ffffff,604038327812751359
861e8e00fffffff,604019874083110911
861ea232fffffff,604021261894418431
863f35da7ffffff,604594358573858815
861e9b217ffffff,604020776160460799
861f8b747ffffff,604037291115020287
863f26b4fffffff,604593317715378175
861ea53a7ffffff,604021470066114559
861e9d267ffffff,604020914941591551
861f99977ffffff,604038262582935551
861eb5627ffffff,604022580315160575
861eb1587ffffff,604022302752899071
861f9894fffffff,604038193192370175
861f8a71fffffff,604037221724454911
863f25b27ffffff,604593248324812799
86386d0e7ffffff,604475006801412095
861f9a99fffffff,604038331973500927
861ea4477ffffff,604021404836298751
861e8e107ffffff,604019878243860479
861e8a067ffffff,604019600681598975
861e8b08fffffff,604019670072164351
861ea2427ffffff,604021266055167999
861ea64c7ffffff,604021543617429503
861ea549fffffff,604021474226864127
861ea344fffffff,604021335445733375
861f9aa97ffffff,604038336134250495
861f99a6fffffff,604038266743685119
861e9a2e7ffffff,604020710930644991
861e9b30fffffff,604020780321210367
861e9d35fffffff,604020919102341119
861f98a47ffffff,604038197353119743
863f26c47ffffff,604593321876127743
861e8c0b7ffffff,604019739462729727
861e88017ffffff,604019461900468223
861eb571fffffff,604022584475910143
863f25c1fffffff,604593252485562367
861e8406fffffff,604019188498956287
861ea456fffffff,604021408997048319
861e8a15fffffff,604019604842348543
861e8b187ffffff,604019674232913919
861f9bbb7ffffff,604038409685565439
861e83047ffffff,604019119108390911
861ea04cfffffff,604021131434786815
861ea251fffffff,604021270215917567
861ea5597ffffff,604021478387613695
863f24cefffffff,604593187255746559
861e85097ffffff,604019257889521663
861eb1777ffffff,604022311074398207
861ea3547ffffff,604021339606482943
861f9ab8fffffff,604038340295000063
861e9b407ffffff,604020784481959935
863f25d17ffffff,604593256646311935
861f99b67ffffff,604038270904434687
86386d2d7ffffff,604475015122911231
861e8c1afffffff,604019743623479295
861eb5817ffffff,604022588636659711
861e8810fffffff,604019466061217791
861ea2617ffffff,604021274376667135
861e84167ffffff,604019192659705855
861ea4667ffffff,604021413157797887
861e8a257ffffff,604019609003098111
861eb186fffffff,604022315235147775
861e800c7ffffff,604018915097444351
861e8e2f7ffffff,604019886565359615
861ea66b7ffffff,604021551938928639
861f9bcafffffff,604038413846315007
861e8518fffffff,604019262050271231
861e9a4d7ffffff,604020719252144127
861f99c5fffffff,604038275065184255
861e810efffffff,604018984488009727
861f98c37ffffff,604038205674618879
861eb590fffffff,604022592797409279
861eb48e7ffffff,604022523406843903
861f8aa07ffffff,604037234206703615
861ea568fffffff,604021482548363263
861e88207ffffff,604019470221967359
861ea270fffffff,604021278537416703
861ea475fffffff,604021417318547455
861e8a34fffffff,604019613163847679
861e8425fffffff,604019196820455423
861ea67afffffff,604021556099678207
861e83237ffffff,604019127429890047
861f9bda7ffffff,604038418007064575
861eb1967ffffff,604022319395897343
861ea3737ffffff,604021347927982079
863f34137ffffff,604594236435726335
861f98d2fffffff,604038209835368447
861e8b377ffffff,604019682554413055
861eb5a07ffffff,604022596958158847
861e8220fffffff,604019058039324671
861ea5787ffffff,604021486709112831
861f99d57ffffff,604038279225933823
861e85287ffffff,604019266211020799
861e8c39fffffff,604019751944978431
861e862afffffff,604019335601586175
861eb1a5fffffff,604022323556646911
861ea68a7ffffff,604021560260427775
861ea2807ffffff,604021282698166271
861e84357ffffff,604019200981204991
861e802b7ffffff,604018923418943487
861e8332fffffff,604019131590639615
861ea4857ffffff,604021421479297023
861e8e4e7ffffff,604019894886858751
861e8b46fffffff,604019686715162623
861ea07b7ffffff,604021143917035519
861e8c497ffffff,604019756105727999
863f3422fffffff,604594240596475903
861e9a6c7ffffff,604020727573643263
861e812dfffffff,604018992809508863
861e9b6efffffff,604020796964208639
861e8a447ffffff,604019617324597247
861f8bc1fffffff,604037311918768127
861e82307ffffff,604019062200074239
861e9969fffffff,604020658183077887
861e863a7ffffff,604019339762335743
861ea699fffffff,604021564421177343
861eb1b57ffffff,604022327717396479
861e803afffffff,604018927579693055
861e8b567ffffff,604019690875912191
861e8444fffffff,604019205141954559
861ea08afffffff,604021148077785087
861ea494fffffff,604021425640046591
861e85477ffffff,604019274532519935
861e884efffffff,604019482704216063
863f240a7ffffff,604593134508179455
863f34327ffffff,604594244757225471
861e8c58fffffff,604019760266477567
861ea5977ffffff,604021495030611967
861e9d837ffffff,604020939906088959
861e83427ffffff,604019135751389183
863f260f7ffffff,604593273289310207
861e99797ffffff,604020662343827455
861f8bd17ffffff,604037316079517695
861eb3ba7ffffff,604022466498527231
861ea6a97ffffff,604021568581926911
861e84547ffffff,604019209302704127
861ea4a47ffffff,604021429800796159
861ea09a7ffffff,604021152238534655
861e814cfffffff,604019001131007999
861e8e6d7ffffff,604019903208357887
863f2419fffffff,604593138668929023
861f99017ffffff,604038222317617151
861e8556fffffff,604019278693269503
861eb1c4fffffff,604022331878146047
861f9b067ffffff,604038361098747903
861e8a637ffffff,604019625646096383
861e9d92fffffff,604020944066838527
861e8c687ffffff,604019764427227135
861e8b65fffffff,604019695036661759
861e8351fffffff,604019139912138751
863f35447ffffff,604594318308540415
861e804a7ffffff,604018931740442623
861e9b8dfffffff,604020805285707775
861ea5a6fffffff,604021499191361535
861f9e0dfffffff,604038569270444031
861ea6b8fffffff,604021572742676479
861f980e7ffffff,604038157087801343
861ea2aefffffff,604021295180414975
861e8b757ffffff,604019699197411327
861e8a72fffffff,604019629806845951
861e886dfffffff,604019491025715199
861e9da27ffffff,604020948227588095
861f9b15fffffff,604038365259497471
861f9910fffffff,604038226478366719
861eb1d47ffffff,604022336038895615
861ea0a9fffffff,604021156399284223
861f9a137ffffff,604038295868932095
861e85667ffffff,604019282854019071
863f24297ffffff,604593142829678591
861e83617ffffff,604019144072888319
861e8059fffffff,604018935901192191
861ea5b67ffffff,604021503352111103
861e16537ffffff,604011649891827711
863869807ffffff,604474762525147135
861e84737ffffff,604019217624203263
861e8a827ffffff,604019633967595519
861f99207ffffff,604038230639116287
861e8e8c7ffffff,604019911529857023
861ea5c5fffffff,604021507512860671
861ea6c87ffffff,604021576903426047
861ea4c37ffffff,604021438122295295
861ea0b97ffffff,604021160560033791
861e9db1fffffff,604020952388337663
861e80697ffffff,604018940061941759
861eb4137ffffff,604022490389282815
861eb515fffffff,604022559779848191
861e9bd77ffffff,604020825015713791
863f358dfffffff,604594338038546431
863f26687ffffff,604593297180065791
861f9d54fffffff,604038519609884671
863f30817ffffff,604593991085719551
863869ba7ffffff,604474778094403583
861e8baf7ffffff,604019714766667775
863f24637ffffff,604593158398935039
861f8a257ffffff,604037201189142527
861f98487ffffff,604038172657057791
861e86a2fffffff,604019367813840895
863f348b7ffffff,604594268647981055
861e8eb6fffffff,604019922938363903
861f994afffffff,604038242047623167
861e839b7ffffff,604019159642144767
861e8aacfffffff,604019645376102399
861f9b257ffffff,604038369420247039
861ea3c0fffffff,604021368731729919
861e8370fffffff,604019148233637887
861f9a22fffffff,604038300029681663
861f9e2cfffffff,604038577591943167
861e8575fffffff,604019287014768639
861e8b84fffffff,604019703358160895
863f2438fffffff,604593146990428159
861e9bacfffffff,604020813607206911
863f35637ffffff,604594326630039551
863f3460fffffff,604594257239474175
861e8482fffffff,604019221784952831
861e83807ffffff,604019152394387455
861e8a91fffffff,604019638128345087
861f982d7ffffff,604038165409300479
861ea5d57ffffff,604021511673610239
861ea0c8fffffff,604021164720783359
861ea2cdfffffff,604021303501914111
861e817b7ffffff,604019013613256703
861f9b34fffffff,604038373580996607
861e8078fffffff,604018944222691327
861ea4d2fffffff,604021442283044863
861ea3d07ffffff,604021372892479487
863f24487ffffff,604593151151177727
861f9a327ffffff,604038304190431231
861f8b0cfffffff,604037263331950591
861e85857ffffff,604019291175518207
861e8b947ffffff,604019707518910463
861e99b77ffffff,604020678986825727
863f264d7ffffff,604593289932308479
863f34707ffffff,604594261400223743
861f8a0a7ffffff,604037193941385215
861e16727ffffff,604011658213326847
863f3572fffffff,604594330790789119
861ea0d87ffffff,604021168881532927
861e84927ffffff,604019225945702399
861e8aa17ffffff,604019642289094655
861e8eab7ffffff,604019919851356159
861e80887ffffff,604018948383440895
861eb1007ffffff,604022279130578943
861e86977ffffff,604019364726833151
861f9d497ffffff,604038516522876927
861e818afffffff,604019017774006271
863f35827ffffff,604594334951538687
861e9ac97ffffff,604020752538140671
861e8594fffffff,604019295336267775
863869aefffffff,604474775007395839
861f9b447ffffff,604038377741746175
861f8a19fffffff,604037198102134783
861e9dd0fffffff,604020960709836799
861e84a1fffffff,604019230106451967
861f994efffffff,604038243121364991
861e8ebafffffff,604019924012105727
861e8ab0fffffff,604019646449844223
861f984c7ffffff,604038173730799615
863f348f7ffffff,604594269721722879
861e86a6fffffff,604019368887582719
861f8a297ffffff,604037202262884351
863f24677ffffff,604593159472676863
863f3591fffffff,604594339112288255
861e819a7ffffff,604019021934755839
861e8bb37ffffff,604019715840409599
863f30857ffffff,604593992159461375
861f9d58fffffff,604038520683626495
861e9ad8fffffff,604020756698890239
861e83aefffffff,604019164876636159
861e8eca7ffffff,604019928172855295
861e84b17ffffff,604019234267201535
861e8bc2fffffff,604019720001159167
861e80a77ffffff,604018956704940031
861e86b67ffffff,604019373048332287
861e8ac07ffffff,604019650610593791
861ea5017ffffff,604021454765293567
863f3094fffffff,604593996320210943
861eb5297ffffff,604022565014339583
863f2476fffffff,604593163633426431
861e82ac7ffffff,604019095486070783
861f8a38fffffff,604037206423633919
861f8b3b7ffffff,604037275814199295
861f9c65fffffff,604038455453810687
861f9d687ffffff,604038524844376063
861e81a9fffffff,604019026095505407
861e8cc57ffffff,604019789391724543
861f9b637ffffff,604038386063245311
861ea40e7ffffff,604021389535477759
861e84c0fffffff,604019238427951103
861ea6137ffffff,604021528316608511
861f996dfffffff,604038251442864127
861e8ed9fffffff,604019932333604863
861ea2097ffffff,604021250754347007
861f986b7ffffff,604038182052298751
861e85c37ffffff,604019307818516479
863f24867ffffff,604593167794175999
863f34ae7ffffff,604594278043222015
861eb12efffffff,604022291612827647
861f8b4afffffff,604037279974948863
861ea510fffffff,604021458926043135
861e80b6fffffff,604018960865689599
861e8bd27ffffff,604019724161908735
861ea0047ffffff,604021111973216255
861e88cafffffff,604019515990212607
861f8a487ffffff,604037210584383487
861eb538fffffff,604022569175089151
863f268b7ffffff,604593306575306751
861f9b72fffffff,604038390223994879
861e81b97ffffff,604019030256254975
863f2588fffffff,604593237184741375
863f30a47ffffff,604594000480960511
861eb02c7ffffff,604022222222262271
861f9a707ffffff,604038320833429503
861e84d07ffffff,604019242588700671
861ea622fffffff,604021532477358079
861ea218fffffff,604021254915096575
861f9b827ffffff,604038394384744447
861f987afffffff,604038186213048319
863f2495fffffff,604593171954925567
861e80c67ffffff,604018965026439167
861e85d2fffffff,604019311979266047
861e81c8fffffff,604019034417004543
861e83cdfffffff,604019173198135295
863f35c07ffffff,604594351594536959
861f8b5a7ffffff,604037284135698431
861e88da7ffffff,604019520150962175
861ea31b7ffffff,604021324305661951
863f25987ffffff,604593241345490943
861ea5207ffffff,604021463086792703
861e9a04fffffff,604020699790573567
861e9b077ffffff,604020769181138943
863f269afffffff,604593310736056319
861e86d57ffffff,604019381369831423
861ea6327ffffff,604021536638107647
861ea2287ffffff,604021259075846143
861f9b91fffffff,604038398545494015
861f8b69fffffff,604037288296447999
861ea42d7ffffff,604021397856976895
861e80d5fffffff,604018969187188735
861e81d87ffffff,604019038577754111
861f998cfffffff,604038259764363263
863f26aa7ffffff,604593314896805887
861f988a7ffffff,604038190373797887
861f8a677ffffff,604037218905882623
863f24a57ffffff,604593176115675135
861eb14dfffffff,604022299934326783
861f9a8f7ffffff,604038329154928639
861ea0237ffffff,604021120294715391
861ea32afffffff,604021328466411519
863f34cd7ffffff,604594286364721151
861e9a147ffffff,604020703951323135
861e9b16fffffff,604020773341888511
863f209b7ffffff,604592898553413631
861e8e05fffffff,604019875425288191
861f9ba17ffffff,604038402706243583
861f8b797ffffff,604037292457197567
861ea641fffffff,604021540798857215
863f24b4fffffff,604593180276424703
863f26b9fffffff,604593319057555455
861eb5677ffffff,604022581657337855
861f9899fffffff,604038194534547455
861e9b267ffffff,604020777502638079
861f8a76fffffff,604037223066632191
861ea032fffffff,604021124455464959
861ea33a7ffffff,604021332627161087
861e99217ffffff,604020638721507327
861ea44c7ffffff,604021406178476031
861e8e157ffffff,604019879586037759
861f9bb0fffffff,604038406866993151
861ea349fffffff,604021336787910655
861ea2477ffffff,604021267397345279
861ea0427ffffff,604021128616214527
861e8b0dfffffff,604019671414341631
863f24c47ffffff,604593184437174271
861f98a97ffffff,604038198695297023
861ea6517ffffff,604021544959606783
861f9aae7ffffff,604038337476427775
861e8a0b7ffffff,604019602023776255
861ea54efffffff,604021475569041407
861e9b35fffffff,604020781663387647
861ed6c97ffffff,604024875706744831
863f26c97ffffff,604593323218305023
861eb16cfffffff,604022308255825919
861eb576fffffff,604022585818087423
86386d22fffffff,604475012304338943
861f8b88fffffff,604037296617947135
861e9a337ffffff,604020712272822271
861e9d3afffffff,604020920444518399
861e8c107ffffff,604019740804907007
863f25c6fffffff,604593253827739647
861e9930fffffff,604020642882256895
861ea256fffffff,604021271558094847
861ea051fffffff,604021132776964095
861ea3597ffffff,604021340948660223
861ea660fffffff,604021549120356351
861e8001fffffff,604018912278872063
861e8a1afffffff,604019606184525823
861f9bc07ffffff,604038411027742719
861f98b8fffffff,604038202856046591
861f99bb7ffffff,604038272246611967
861e8e24fffffff,604019883746787327
861e9a42fffffff,604020716433571839
861e83097ffffff,604019120450568191
861e9b457ffffff,604020785824137215
861e850e7ffffff,604019259231698943
861eb5867ffffff,604022589978836991
861e81047ffffff,604018981669437439
863f25d67ffffff,604593257988489215
861ed6d8fffffff,604024879867494399
863f26d8fffffff,604593327379054591
861e8610fffffff,604019328622264319
861e8815fffffff,604019467403395071
86386d327ffffff,604475016465088511
861e8206fffffff,604019051060002815
861ea46b7ffffff,604021414499975167
861e841b7ffffff,604019194001883135
861ea2667ffffff,604021275718844415
861e8a2a7ffffff,604019610345275391
861e80117ffffff,604018916439621631
861ea6707ffffff,604021553281105919
861ea368fffffff,604021345109409791
861e8318fffffff,604019124611317759
861e8e347ffffff,604019887907536895
861ea0617ffffff,604021136937713663
861f99cafffffff,604038276407361535
861e8b2cfffffff,604019679735840767
861e9a527ffffff,604020720594321407
861eb595fffffff,604022594139586559
863f350b7ffffff,604594303007719423
861e9b54fffffff,604020789984886783
861f98c87ffffff,604038207016796159
863f3408fffffff,604594233617154047
861e86207ffffff,604019332783013887
861eb4937ffffff,604022524749021183
861e88257ffffff,604019471564144639
863f20d97ffffff,604592915196411903
861ea47afffffff,604021418660724735
861e842afffffff,604019198162632703
861ea275fffffff,604021279879593983
861e8020fffffff,604018920600371199
861e8a39fffffff,604019614506024959
861eb5067ffffff,604022555619098623
863869aafffffff,604474773933654015
861e88987ffffff,604019502434222079
861e9ac57ffffff,604020751464398847
861f9d457ffffff,604038515449135103
861f9b407ffffff,604038376668004351
861ed658fffffff,604024845507756031
863f2658fffffff,604593293019316223
861e8590fffffff,604019294262525951
861f8b187ffffff,604037266418958335
861ea2d97ffffff,604021306588921855
861e86937ffffff,604019363653091327
861e8ea77ffffff,604019918777614335
861f9838fffffff,604038168496308223
861f993b7ffffff,604038237886873599
861ea0d47ffffff,604021167807791103
861e80847ffffff,604018947309699071
861e848e7ffffff,604019224871960575
861ea3787ffffff,604021349270159359
861e9a61fffffff,604020724755070975
861e83287ffffff,604019128772067327
861eb19b7ffffff,604022320738074623
861e9b647ffffff,604020794145636351
861eb5a57ffffff,604022598300336127
861ea070fffffff,604021141098463231
863f34187ffffff,604594237777903615
861f99da7ffffff,604038280568111103
861e81237ffffff,604018989990936575
861e8225fffffff,604019059381501951
863f351afffffff,604594307168468991
861eb3a07ffffff,604022459519205375
861e843a7ffffff,604019202323382271
861ea68f7ffffff,604021561602605055
861ea2857ffffff,604021284040343551
861eb1aafffffff,604022324898824191
861e80307ffffff,604018924761120767
861e8e537ffffff,604019896229036031
861ea0807ffffff,604021145259212799
861ea48a7ffffff,604021422821474303
861ea58cfffffff,604021492212039679
861e9a717ffffff,604020728915820543
861e88447ffffff,604019479885643775
861eb5b4fffffff,604022602461085695
861e8c4e7ffffff,604019757447905279
861f8bc6fffffff,604037313260945407
863f2604fffffff,604593270470737919
861e82357ffffff,604019063542251519
861e8132fffffff,604018994151686143
861e986c7ffffff,604020590134689791
861e996efffffff,604020659525255167
861e8a497ffffff,604019618666774527
861eb4b27ffffff,604022533070520319
861ea294fffffff,604021288201093119
861e8b5b7ffffff,604019692218089471
861e8e62fffffff,604019900389785599
861eb1ba7ffffff,604022329059573759
861e854c7ffffff,604019275874697215
861e81427ffffff,604018998312435711
861ea499fffffff,604021426982223871
863f34377ffffff,604594246099402751
861e8449fffffff,604019206484131839
863f240f7ffffff,604593135850356735
863f26147ffffff,604593274631487487
861e83477ffffff,604019137093566463
861e9d887ffffff,604020941248266239
861e8a58fffffff,604019622827524095
861e9b837ffffff,604020802467135487
861f8bd67ffffff,604037317421694975
861ea6ae7ffffff,604021569924104191
861ea4a97ffffff,604021431142973439
861e8e727ffffff,604019904550535167
861e8151fffffff,604019002473185279
861f99067ffffff,604038223659794431
861e84597ffffff,604019210644881407
861ea2a47ffffff,604021292361842687
861e88637ffffff,604019488207142911
861e8356fffffff,604019141254316031
861e8b6afffffff,604019696378839039
861e8a687ffffff,604019626988273663
863f35497ffffff,604594319650717695
861e1648fffffff,604011647073255423
861e804f7ffffff,604018933082619903
861e8c6d7ffffff,604019765769404415
861f9b0b7ffffff,604038362440925183
861eb1c9fffffff,604022333220323327
861f9a08fffffff,604038293050359807
863f3446fffffff,604594250260152319
861eb4d17ffffff,604022541392019455
861ea4b8fffffff,604021435303723007
861e8e81fffffff,604019908711284735
861e81617ffffff,604019006633934847
861e8468fffffff,604019214805630975
861f9915fffffff,604038227820543999
861e8b7a7ffffff,604019700539588607
861e856b7ffffff,604019284196196351
861e9da77ffffff,604020949569765375
861f98137ffffff,604038158429978623
861ea5bb7ffffff,604021504694288383
863f3558fffffff,604594323811467263
861e83667ffffff,604019145415065599
861f9b1afffffff,604038366601674751
861e8872fffffff,604019492367892479
863f26337ffffff,604593282952986623
861e9ba27ffffff,604020810788634623
861e16587ffffff,604011651234004991
861ea0aefffffff,604021157741461503
863f34567ffffff,604594254420901887
861f9a187ffffff,604038297211109375
863869857ffffff,604474763867324415
861f9e227ffffff,604038574773370879
861eb1d97ffffff,604022337381072895
861e8a877ffffff,604019635309772799
861f99257ffffff,604038231981293567
861ea5cafffffff,604021508855037951
861e84787ffffff,604019218966380543
861ea6cd7ffffff,604021578245603327
861ea4c87ffffff,604021439464472575
861e9db6fffffff,604020953730514943
861e806e7ffffff,604018941404119039
861ea2c37ffffff,604021300683341823
861f9822fffffff,604038162590728191
861e8e917ffffff,604019912872034303
861e8170fffffff,604019010794684415
861e8b89fffffff,604019704700338175
861e857afffffff,604019288356945919
861e8375fffffff,604019149575815167
861f9b2a7ffffff,604038370762424319
861f8b027ffffff,604037260513378303
861ea3c5fffffff,604021370073907199
863f2642fffffff,604593287113736191
86386994fffffff,604474768028073983
861e9bb1fffffff,604020814949384191
861e99acfffffff,604020676168253439
863f3465fffffff,604594258581651455
861f9e31fffffff,604038578934120447
861f9d2f7ffffff,604038509543555071
861ed642fffffff,604024839602175999
863f35687ffffff,604594327972216831
861e9cb47ffffff,604020884339949567
861e83857ffffff,604019153736564735
861ea5da7ffffff,604021513015787519
861ea0cdfffffff,604021166062960639
861e8a96fffffff,604019639470522367
861ea2d2fffffff,604021304844091391
861f9934fffffff,604038236142043135
861e8ea0fffffff,604019917032783871
863f244d7ffffff,604593152493355007
861f98327ffffff,604038166751477759
861e8b997ffffff,604019708861087743
861e858a7ffffff,604019292517695487
861f9a377ffffff,604038305532608511
861f9b39fffffff,604038374923173887
861f8b11fffffff,604037264674127871
861ea3d57ffffff,604021374234656767
863f26527ffffff,604593291274485759
861e868cfffffff,604019361908260863
863869a47ffffff,604474772188823551
861ed6527ffffff,604024843762925567
863f34757ffffff,604594262742401023
861f8a0f7ffffff,604037195283562495
861e9dc67ffffff,604020957891264511
861e16777ffffff,604011659555504127
861e81807ffffff,604019014955433983
861e8394fffffff,604019157897314303
861e84977ffffff,604019227287879679
861e808d7ffffff,604018949725618175
861eb1057ffffff,604022280472756223
861f99447ffffff,604038240302792703
861e8aa67ffffff,604019643631271935
861e8eb07ffffff,604019921193533439
863f3484fffffff,604594266903150591
861f9841fffffff,604038170912227327
861e8599fffffff,604019296678445055
861e8ba8fffffff,604019713021837311
861f9d4e7ffffff,604038517865054207
861f8b217ffffff,604037268834877439
861e9ace7ffffff,604020753880317951
861f9b497ffffff,604038379083923455
863f2661fffffff,604593295435235327
863f35877ffffff,604594336293715967
861e9bd0fffffff,604020823270883327
861e9dd5fffffff,604020962052014079
861e82927ffffff,604019088506748927
861eb50f7ffffff,604022558035017727
861f9a46fffffff,604038309693358079
861e83a47ffffff,604019162058063871
861eb114fffffff,604022284633505791
861e8ab5fffffff,604019647792021503
861e84a6fffffff,604019231448629247
863f34947ffffff,604594271063900159
861f8a2e7ffffff,604037203605061631
861e8bb87ffffff,604019717182586879
861f98517ffffff,604038175072976895
863f26717ffffff,604593299595984895
861e82a1fffffff,604019092667498495
861f9b58fffffff,604038383244673023
863f3596fffffff,604594340454465535
861e85a97ffffff,604019300839194623
863f246c7ffffff,604593160814854143
861f8b30fffffff,604037272995627007
863f308a7ffffff,604593993501638655
861f9a567ffffff,604038313854107647
861e8ecf7ffffff,604019929515032575
861f99637ffffff,604038248624291839
861f9860fffffff,604038179233726463
861ea608fffffff,604021525498036223
861eb1247ffffff,604022288794255359
861e80ac7ffffff,604018958047117311
861e84b67ffffff,604019235609378815
861e8ac57ffffff,604019651952771071
861f8b407ffffff,604037277156376575
861ea5067ffffff,604021456107470847
861eb52e7ffffff,604022566356516863
861e86bb7ffffff,604019374390509567
861ea3017ffffff,604021317326340095
863f2680fffffff,604593303756734463
861e88c07ffffff,604019513171640319
861f9c6afffffff,604038456795987967
861e82b17ffffff,604019096828248063
861f9a65fffffff,604038318014857215
861f9d6d7ffffff,604038526186553343
861e85b8fffffff,604019304999944191
861e8cca7ffffff,604019790733901823
863f3099fffffff,604593997662388223
861e84c5fffffff,604019239770128383
861ea20e7ffffff,604021252096524287
861ea6187ffffff,604021529658785791
861f9972fffffff,604038252785041407
861ea4137ffffff,604021390877655039
861e85c87ffffff,604019309160693759
861e8ad4fffffff,604019656113520639
861f98707ffffff,604038183394476031
863f248b7ffffff,604593169136353279
861e8bd77ffffff,604019725504086015
861ea0097ffffff,604021113315393535
863f34b37ffffff,604594279385399295
861e83c37ffffff,604019170379563007
861ea515fffffff,604021460268220415
861f8a4d7ffffff,604037211926560767
861ea310fffffff,604021321487089663
863f26907ffffff,604593307917484031
861e8cd9fffffff,604019794894651391
861e9d01fffffff,604020905143697407
861e84d57ffffff,604019243930877951
861ea422fffffff,604021395038404607
861f9b877ffffff,604038395726921727
863f249afffffff,604593173297102847
861e83d2fffffff,604019174540312575
861e81cdfffffff,604019035759181823
861ea018fffffff,604021117476143103
861e9a09fffffff,604020701132750847
861e80cb7ffffff,604018966368616447
861f9a84fffffff,604038326336356351
863f35c57ffffff,604594352936714239
861f99827ffffff,604038256945790975
863f34c2fffffff,604594283546148863
861e99b37ffffff,604020677913083903
863f26497ffffff,604593288858566655
861f9d35fffffff,604038511288385535
861f9e387ffffff,604038580678950911
861ed6497ffffff,604024841347006463
861e9bb87ffffff,604020816694214655
861e8b907ffffff,604019706445168639
861f9a2e7ffffff,604038303116689407
861e85817ffffff,604019290101776383
861ea3cc7ffffff,604021371818737663
861f8b08fffffff,604037262258208767
861e81777ffffff,604019012539514879
861f9b30fffffff,604038372507254783
861ea2c9fffffff,604021302428172287
863f24447ffffff,604593150077435903
861ea0c4fffffff,604021163647041535
861e8074fffffff,604018943148949503
861ea4cefffffff,604021441209303039
861e8a8dfffffff,604019637054603263
861ea5d17ffffff,604021510599868415
861f98297ffffff,604038164335558655
861eb1437ffffff,604022297115754495
861e9b0c7ffffff,604020770523316223
863f30b8fffffff,604594005983887359
861ea5257ffffff,604021464428969983
861ea3207ffffff,604021325647839231
861e9d117ffffff,604020909304446975
861ea4327ffffff,604021399199154175
861ea6377ffffff,604021537980284927
861ea22d7ffffff,604021260418023423
861f9b96fffffff,604038399887671295
861f8b6efffffff,604037289638625279
861e80dafffffff,604018970529366015
861f8a6c7ffffff,604037220248059903
863f24aa7ffffff,604593177457852415
863f34d27ffffff,604594287706898431
861f988f7ffffff,604038191715975167
863f35d4fffffff,604594357097463807
861eb152fffffff,604022301276504063
861f9a947ffffff,604038330497105919
861f9991fffffff,604038261106540543
863f26af7ffffff,604593316238983167
861e9a197ffffff,604020705293500415
861e9d20fffffff,604020913465196543
861e12ca7ffffff,604011406957740031
861ea534fffffff,604021468589719551
861ea0287ffffff,604021121636892671
861eae4b7ffffff,604022093104807935
861ea441fffffff,604021403359903743
861e8e0afffffff,604019876767465471
861f9ba67ffffff,604038404048420863
861ea646fffffff,604021542141034495
861e8b037ffffff,604019668595769343
861e8a00fffffff,604019599205203967
861f99a17ffffff,604038265267290111
861e9b2b7ffffff,604020778844815359
863f24b9fffffff,604593181618601983
861e9a28fffffff,604020709454249983
861eb1627ffffff,604022305437253631
861ea5447ffffff,604021472750469119
861eb56c7ffffff,604022582999515135
861e99267ffffff,604020640063684607
861e9d307ffffff,604020917625946111
861e12d9fffffff,604011411118489599
861e84017ffffff,604019187022561279
861e8e1a7ffffff,604019880928215039
861f9bb5fffffff,604038408209170431
861ea4517ffffff,604021407520653311
861ea24c7ffffff,604021268739522559
861e8a107ffffff,604019603365953535
861ea6567ffffff,604021546301784063
861ea0477ffffff,604021129958391807
861ea34efffffff,604021338130087935
861e8b12fffffff,604019672756518911
861f9ab37ffffff,604038338818605055
861eb171fffffff,604022309598003199
861f98ae7ffffff,604038200037474303
861e9b3afffffff,604020783005564927
861f99b0fffffff,604038269428039679
861e880b7ffffff,604019464584822783
861e9a387ffffff,604020713614999551
863f24c97ffffff,604593185779351551
863f26ce7ffffff,604593324560482303
861e9935fffffff,604020644224434175
861f8b8dfffffff,604037297960124415
861e86067ffffff,604019325803692031
861ed6ce7ffffff,604024877048922111
861e8410fffffff,604019191183310847
861ea460fffffff,604021411681402879
861e8006fffffff,604018913621049343
861ea665fffffff,604021550462533631
861e8e29fffffff,604019885088964607
861eb1817ffffff,604022313758752767
861ea056fffffff,604021134119141375
861e830e7ffffff,604019121792745471
861e81097ffffff,604018983011614719
861f9bc57ffffff,604038412369919999
861e85137ffffff,604019260573876223
861e8b227ffffff,604019676917268479
861e9b4a7ffffff,604020787166314495
863f24d8fffffff,604593189940101119
861f99c07ffffff,604038273588789247
863f25db7ffffff,604593259330666495
861ea5637ffffff,604021481071968255
861e881afffffff,604019468745572351
861e8615fffffff,604019329964441599
861eb3867ffffff,604022452539883519
861eb488fffffff,604022521930448895
863f3500fffffff,604594300189147135
86386d377ffffff,604475017807265791
861e99457ffffff,604020648385183743
861f9ac2fffffff,604038342979354623
861ea4707ffffff,604021415842152447
861e84207ffffff,604019195344060415
861ea26b7ffffff,604021277061021695
861e80167ffffff,604018917781798911
861e8e397ffffff,604019889249714175
861e8a2f7ffffff,604019611687452671
861ea6757ffffff,604021554623283199
861f9bd4fffffff,604038416530669567
861ea36dfffffff,604021346451587071
861eb190fffffff,604022317919502335
861e8b31fffffff,604019681078018047
861e8118fffffff,604018987172364287
861e9a577ffffff,604020721936498687
861e9b59fffffff,604020791327064063
861f98cd7ffffff,604038208358973439
861ea572fffffff,604021485232717823
863f340dfffffff,604594234959331327
861e86257ffffff,604019334125191167
861eb4987ffffff,604022526091198463
861ea0667ffffff,604021138279890943
861e882a7ffffff,604019472906321919
861f8aaa7ffffff,604037236891058175
863f35107ffffff,604594304349896703
861eb395fffffff,604022456700633087
861eb59afffffff,604022595481763839
861ea684fffffff,604021558784032767
861eb1a07ffffff,604022322080251903
861ea27afffffff,604021281221771263
861e8025fffffff,604018921942548479
861e8b417ffffff,604019685238767615
861e9b697ffffff,604020795487813631
861e8e48fffffff,604019893410463743
861e9a66fffffff,604020726097248255
861e832d7ffffff,604019130114244607
861ea5827ffffff,604021489393467391
861e81287ffffff,604018991333113855
861e8634fffffff,604019338285940735
861ea075fffffff,604021142440640511
861e8839fffffff,604019477067071487
861eb5aa7ffffff,604022599642513407
861e822afffffff,604019060723679231
861f8ab9fffffff,604037241051807743
861e85327ffffff,604019268895375359
861ea6947ffffff,604021562944782335
861ea28a7ffffff,604021285382520831
861e8b50fffffff,604019689399517183
861e80357ffffff,604018926103298047
861ea48f7ffffff,604021424163651583
861e8541fffffff,604019273056124927
861e88497ffffff,604019481227821055
861e8e587ffffff,604019897571213311
861ea0857ffffff,604021146601390079
861e9b78fffffff,604020799648563199
861ea591fffffff,604021493554216959
863f342cfffffff,604594243280830463
861e9a767ffffff,604020730257997823
863f2609fffffff,604593271812915199
861e8c537ffffff,604019758790082559
863f2404fffffff,604593133031784447
861e8a4e7ffffff,604019620008951807
861eb3b4fffffff,604022465022132223
861eb5b9fffffff,604022603803262975
861e823a7ffffff,604019064884428799
861ea299fffffff,604021289543270399
861e85517ffffff,604019277216874495
861e844efffffff,604019207826309119
861e81477ffffff,604018999654612991
861ea094fffffff,604021150762139647
861e8858fffffff,604019485388570623
861e8044fffffff,604018930264047615
861e8b607ffffff,604019693560266751
863f24147ffffff,604593137192534015
863f26197ffffff,604593275973664767
861f9b00fffffff,604038359622352895
861ea5a17ffffff,604021497714966527
861e9d8d7ffffff,604020942590443519
861e8c62fffffff,604019762950832127
861e9b887ffffff,604020803809312767
861e834c7ffffff,604019138435743743
861f8bdb7ffffff,604037318763872255
861e895b7ffffff,604019554779135999
86386d757ffffff,604475034450264063
861eb4c6fffffff,604022538573447167
861ea6b37ffffff,604021571266281471
861ea4ae7ffffff,604021432485150719
861e8e777ffffff,604019905892712447
861ea2a97ffffff,604021293704019967
861f9808fffffff,604038155611406335
861f990b7ffffff,604038225001971711
861e88687ffffff,604019489549320191
861f9b107ffffff,604038363783102463
861e8156fffffff,604019003815362559
861e8a6d7ffffff,604019628330450943
861e80547ffffff,604018934424797183
861eb1cefffffff,604022334562500607
861e8560fffffff,604019281377624063
863f354e7ffffff,604594320992894975
861ea5b0fffffff,604021501875716095
861eb4d67ffffff,604022542734196735
861e164dfffffff,604011648415432703
861e8c727ffffff,604019767111581695
861ea0a47ffffff,604021154922889215
861e9992fffffff,604020669188931583
861f9a0dfffffff,604038294392537087
861ea6c2fffffff,604021575427031039
861ea5c07ffffff,604021506036465663
861ea2b8fffffff,604021297864769535
861e846dfffffff,604019216147808255
861e8e86fffffff,604019910053462015
861f98187ffffff,604038159772155903
861e81667ffffff,604019007976112127
861f991afffffff,604038229162721279
861e85707ffffff,604019285538373631
861e9dac7ffffff,604020950911942655
863f24337ffffff,604593145514033151
861f9e277ffffff,604038576115548159
863f26387ffffff,604593284295163903
861e9ba77ffffff,604020812130811903
861e99a27ffffff,604020673349681151
861e12537ffffff,604011375013920767
861e836b7ffffff,604019146757242879
861ea6d27ffffff,604021579587780607
861f992a7ffffff,604038233323470847
861ea0c37ffffff,604021163244388351
861e8a8c7ffffff,604019636651950079
861ea4cd7ffffff,604021440806649855
861e80737ffffff,604018942746296319
861ea2c87ffffff,604021302025519103
861e8175fffffff,604019012136861695
863f2442fffffff,604593149674782719
861ea3cafffffff,604021371416084479
861e8e967ffffff,604019914214211583
861e86827ffffff,604019359089688575
861e8b8efffffff,604019706042515455
861f9b2f7ffffff,604038372104601599
861f9a2cfffffff,604038302714036223
861f8b077ffffff,604037261855555583
861e837afffffff,604019150917992447
861e9bb6fffffff,604020816291561471
861f9e36fffffff,604038580276297727
861f9d347ffffff,604038510885732351
861f8a04fffffff,604037192464990207
861e99b1fffffff,604020677510430719
861e848cfffffff,604019224469307391
863f2639fffffff,604593284697817087
861f9e28fffffff,604038576518201343
861e836cfffffff,604019147159896063
861e9ba8fffffff,604020812533465087
861e8b80fffffff,604019702284419071
861ea0b57ffffff,604021159486291967
861e9dadfffffff,604020951314595839
861f9b217ffffff,604038368346505215
861e8571fffffff,604019285941026815
861f9819fffffff,604038160174809087
861e88797ffffff,604019494112722943
861e846f7ffffff,604019216550461439
861e80657ffffff,604018938988199935
861e8e887ffffff,604019910456115199
861ea5c1fffffff,604021506439118847
861ea6c47ffffff,604021575829684223
861ea2ba7ffffff,604021298267422719
861e8082fffffff,604018946907045887
861ea0d2fffffff,604021167405137919
861f9939fffffff,604038237484220415
861e838a7ffffff,604019155078742015
861ea3da7ffffff,604021375576834047
861f98377ffffff,604038168093655039
861e8ea5fffffff,604019918374961151
863f26577ffffff,604593292616663039
863f24527ffffff,604593153835532287
861e8691fffffff,604019363250438143
861e858f7ffffff,604019293859872767
861f8b16fffffff,604037266016305151
861e9bc67ffffff,604020820452311039
861eb504fffffff,604022555216445439
861e81857ffffff,604019016297611263
861ed6577ffffff,604024845105102847
863f347a7ffffff,604594264084578303
861e80927ffffff,604018951067795455
861e8aab7ffffff,604019644973449215
861f99497ffffff,604038241644969983
861e8399fffffff,604019159239491583
861f9846fffffff,604038172254404607
861e8eb57ffffff,604019922535710719
861eb10a7ffffff,604022281814933503
863f3489fffffff,604594268245327871
861e86a17ffffff,604019367411187711
861e8badfffffff,604019714364014591
863f2461fffffff,604593157996281855
863869b8fffffff,604474777691750399
861f8b267ffffff,604037270177054719
863f358c7ffffff,604594337635893247
861e9bd5fffffff,604020824613060607
861e82977ffffff,604019089848926207
861eb5147ffffff,604022559377195007
861f9b4e7ffffff,604038380426100735
861e8ec4fffffff,604019926696460287
861e8abafffffff,604019649134198783
861e83a97ffffff,604019163400241151
861e80a1fffffff,604018955228545023
861f9958fffffff,604038245805719551
863f34997ffffff,604594272406077439
861e86b0fffffff,604019371571937279
861eb119fffffff,604022285975683071
863f24717ffffff,604593162157031423
861e82a6fffffff,604019094009675775
861f98567ffffff,604038176415154175
863f26767ffffff,604593300938162175
861f8a337ffffff,604037204947238911
861f9c607ffffff,604038453977415679
861f8b35fffffff,604037274337804287
863f308f7ffffff,604593994843815935
861ea408fffffff,604021388059082751
861f99687ffffff,604038249966469119
861e84bb7ffffff,604019236951556095
861e83b8fffffff,604019167560990719
861e80b17ffffff,604018959389294591
861e8ed47ffffff,604019930857209855
861ea60dfffffff,604021526840213503
861f9865fffffff,604038180575903743
861e8bccfffffff,604019722685513727
863f2480fffffff,604593166317780991
861f8b457ffffff,604037278498553855
863f34a8fffffff,604594276566827007
861eb1297ffffff,604022290136432639
861ea50b7ffffff,604021457449648127
861e8aca7ffffff,604019653294948351
863f2685fffffff,604593305098911743
861e82b67ffffff,604019098170425343
863f25837ffffff,604593235708346367
861e88c57ffffff,604019514513817599
861eb026fffffff,604022220745867263
861eb5337ffffff,604022567698694143
861e8ccf7ffffff,604019792076079103
861f9e74fffffff,604038596919295999
861f8a42fffffff,604037209107988479
861ea3067ffffff,604021318668517375
861e84cafffffff,604019241112305663
861ea2137ffffff,604021253438701567
861ea4187ffffff,604021392219832319
861f98757ffffff,604038184736653311
863f24907ffffff,604593170478530559
861e85cd7ffffff,604019310502871039
863f34b87ffffff,604594280727576575
861eb138fffffff,604022294297182207
861ea51afffffff,604021461610397695
861e80c0fffffff,604018963550044159
861f8b54fffffff,604037282659303423
861e81c37ffffff,604019032940609535
861e8ad9fffffff,604019657455697919
861e83c87ffffff,604019171721740287
861ea00e7ffffff,604021114657570815
863f2592fffffff,604593239869095935
863f26957ffffff,604593309259661311
861e9b01fffffff,604020767704743935
861e9d06fffffff,604020906485874687
861ea315fffffff,604021322829266943
861e88d4fffffff,604019518674567167
863f30ae7ffffff,604594003165315071
861eb0367ffffff,604022224906616831
861e84da7ffffff,604019245273055231
861ea62cfffffff,604021535161712639
861ea222fffffff,604021257599451135
861f9b8c7ffffff,604038397069099007
863f35ca7ffffff,604594354278891519
861e80d07ffffff,604018967710793727
861f8b647ffffff,604037286820052991
861e81d2fffffff,604019037101359103
861f99877ffffff,604038258287968255
861f9884fffffff,604038188897402879
861f8a61fffffff,604037217429487615
861e9a0efffffff,604020702474928127
861e9d167ffffff,604020910646624255
861eb1487ffffff,604022298457931775
863f26a4fffffff,604593313420410879
861f9a89fffffff,604038327678533631
861ea52a7ffffff,604021465771147263
861ea3257ffffff,604021326990016511
861e8e007ffffff,604019873948893183
861ea4377ffffff,604021400541331455
861ea2327ffffff,604021261760200703
863f35d9fffffff,604594358439641087
863f26b47ffffff,604593317581160447
863f34d77ffffff,604594289049075711
861e9b20fffffff,604020776026243071
861eb561fffffff,604022580180942847
863f24af7ffffff,604593178800029695
861e9d25fffffff,604020914807373823
861f9996fffffff,604038262448717823
861ea539fffffff,604021469931896831
861f98947ffffff,604038193058152447
861f8a717ffffff,604037221590237183
86386d0dfffffff,604475006667194367
861ea446fffffff,604021404702081023
861e8b087ffffff,604019669937946623
861e8a05fffffff,604019600547381247
861ea241fffffff,604021265920950271
861f9bab7ffffff,604038405390598143
861ea5497ffffff,604021474092646399
861ea3447ffffff,604021335311515647
861f9aa8fffffff,604038336000032767
861e9a2dfffffff,604020710796427263
861eb1677ffffff,604022306779430911
861f99a67ffffff,604038266609467391
861e9b307ffffff,604020780186992639
861e9d357ffffff,604020918968123391
861e8800fffffff,604019461766250495
861eb5717ffffff,604022584341692415
861f9eb2fffffff,604038613562294271
861e8c0afffffff,604019739328511999
863f25c17ffffff,604593252351344639
861e84067ffffff,604019188364738559
861ea4567ffffff,604021408862830591
861f9bbafffffff,604038409551347711
861e8a157ffffff,604019604708130815
861ea04c7ffffff,604021131300569087
861eb176fffffff,604022310940180479
861ea2517ffffff,604021270081699839
861ea558fffffff,604021478253395967
863f24ce7ffffff,604593187121528831
861ea65b7ffffff,604021547643961343
861e8508fffffff,604019257755303935
861f9ab87ffffff,604038340160782335
861f98b37ffffff,604038201379651583
861f99b5fffffff,604038270770216959
86386d2cfffffff,604475014988693503
861e8c1a7ffffff,604019743489261567
863f25d0fffffff,604593256512094207
861eb580fffffff,604022588502441983
861e88107ffffff,604019465927000063
861ed6d37ffffff,604024878391099391
861ea260fffffff,604021274242449407
861e8415fffffff,604019192525488127
861e8a24fffffff,604019608868880383
861ea465fffffff,604021413023580159
861e83137ffffff,604019123134922751
861eb1867ffffff,604022315100930047
861ea66afffffff,604021551804710911
861e8e2efffffff,604019886431141887
861f9bca7ffffff,604038413712097279
861e85187ffffff,604019261916053503
861ea3637ffffff,604021343633014783
861e9a4cfffffff,604020719117926399
861e9b4f7ffffff,604020788508491775
861f98c2fffffff,604038205540401151
861e810e7ffffff,604018984353791999
861e8b277ffffff,604019678259445759
863f34037ffffff,604594232140759039
861f99c57ffffff,604038274930966527
861eb5907ffffff,604022592663191551
861ea5687ffffff,604021482414145535
861eb48dfffffff,604022523272626175
861ea4757ffffff,604021417184329727
861ea2707ffffff,604021278403198975
861e84257ffffff,604019196686237695
861e8a347ffffff,604019613029629951
861e8322fffffff,604019127295672319
861eb195fffffff,604022319261679615
861e801b7ffffff,604018919123976191
861ea67a7ffffff,604021555965460479
861ea06b7ffffff,604021139622068223
861f9bd9fffffff,604038417872846847
863f3412fffffff,604594236301508607
861ea372fffffff,604021347793764351
861f98d27ffffff,604038209701150719
861e8b36fffffff,604019682420195327
861f99d4fffffff,604038279091716095
861e82207ffffff,604019057905106943
861e882f7ffffff,604019474248499199
861f8aaf7ffffff,604037238233235455
861e8c397ffffff,604019751810760703
863f35157ffffff,604594305692073983
861e862a7ffffff,604019335467368447
861eb1a57ffffff,604022323422429183
861ea689fffffff,604021560126210047
861e802afffffff,604018923284725759
861e8434fffffff,604019200846987263
861e83327ffffff,604019131456421887
861ea484fffffff,604021421345079295
861e8b467ffffff,604019686580944895
861e8e4dfffffff,604019894752641023
861e8c48fffffff,604019755971510271
863f34227ffffff,604594240462258175
861ea5877ffffff,604021490735644671
861ea07afffffff,604021143782817791
861e9b6e7ffffff,604020796829990911
861e812d7ffffff,604018992675291135
861eb5af7ffffff,604022600984690687
861f8bc17ffffff,604037311784550399
861e99697ffffff,604020658048860159
861e8639fffffff,604019339628118015
861eb1b4fffffff,604022327583178751
861ea28f7ffffff,604021286724698111
861ea6997ffffff,604021564286959615
861e803a7ffffff,604018927445475327
861e84447ffffff,604019205007736831
861e8b55fffffff,604019690741694463
861ea08a7ffffff,604021147943567359
861ea4947ffffff,604021425505828863
861e884e7ffffff,604019482569998335
861e99947ffffff,604020669591584767
863f262a7ffffff,604593280537067519
861e9b997ffffff,604020808372715519
861ea0a5fffffff,604021155325542399
861f9a0f7ffffff,604038294795190271
861e164f7ffffff,604011648818085887
861eb1d07ffffff,604022334965153791
861ea5b27ffffff,604021502278369279
861e85627ffffff,604019281780277247
861f9b11fffffff,604038364185755647
861e8055fffffff,604018934827450367
861e8a6efffffff,604019628733104127
861f980a7ffffff,604038156014059519
861e8b717ffffff,604019698123669503
861e8869fffffff,604019489951973375
861e8e78fffffff,604019906295365631
861e81587ffffff,604019004218015743
861ea2aafffffff,604021294106673151
861f990cfffffff,604038225404624895
861ea6b4fffffff,604021571668934655
861e8546fffffff,604019274398302207
863f2409fffffff,604593134373961727
861e9a7b7ffffff,604020731600175103
863f3431fffffff,604594244623007743
861e8c587ffffff,604019760132259839
861e9d82fffffff,604020939771871231
861e8a537ffffff,604019621351129087
861ea596fffffff,604021494896394239
863f260efffffff,604593273155092479
861e8341fffffff,604019135617171455
861f8bd0fffffff,604037315945299967
861e9978fffffff,604020662209609727
861ea6a8fffffff,604021568447709183
861ea099fffffff,604021152104316927
861e8e6cfffffff,604019903074140159
861e814c7ffffff,604019000996790271
861f9900fffffff,604038222183399423
861e85567ffffff,604019278559051775
863f24197ffffff,604593138534711295
861e8a62fffffff,604019625511878655
861e9d927ffffff,604020943932620799
861eb1c47ffffff,604022331743928319
861e8b657ffffff,604019694902444031
861f9b05fffffff,604038360964530175
861e83517ffffff,604019139777921023
861f9a037ffffff,604038291573964799
861e8049fffffff,604018931606224895
861e16437ffffff,604011645596860415
861e9b8d7ffffff,604020805151490047
861ea5a67ffffff,604021499057143807
861ea6b87ffffff,604021572608458751
861e84637ffffff,604019213329235967
861f980dfffffff,604038156953583615
861ea4b37ffffff,604021433827327999
861ea2ae7ffffff,604021295046197247
863f35537ffffff,604594322335072255
861e886d7ffffff,604019490891497471
861e8b74fffffff,604019699063193599
861e8a727ffffff,604019629672628223
861f9b157ffffff,604038365125279743
861f99107ffffff,604038226344148991
861e9da1fffffff,604020948093370367
861ea0a97ffffff,604021156265066495
861e8360fffffff,604019143938670591
861f9a12fffffff,604038295734714367
861e8565fffffff,604019282719801343
861e8c777ffffff,604019768453758975
861e80597ffffff,604018935766974463
861ea5b5fffffff,604021503217893375
863f2428fffffff,604593142695460863
863f3450fffffff,604594252944506879
861e8472fffffff,604019217489985535
861e8a81fffffff,604019633833377791
861e816b7ffffff,604019009318289407
861ea5c57ffffff,604021507378642943
861ea4c2fffffff,604021437988077567
861e8068fffffff,604018939927724031
861f9b24fffffff,604038369286029311
861e9db17ffffff,604020952254119935
861ea0b8fffffff,604021160425816063
861ea3c07ffffff,604021368597512191
861e83707ffffff,604019148099420159
861e85757ffffff,604019286880550911
861f9a227ffffff,604038299895463935
861e8b847ffffff,604019703223943167
863f24387ffffff,604593146856210431
861e99a77ffffff,604020674691858431
861f9e2c7ffffff,604038577457725439
861e9bac7ffffff,604020813472989183
861f9d29fffffff,604038508067160063
861e16627ffffff,604011653918359551
863f34607ffffff,604594257105256447
8638698f7ffffff,604474766551678975
861e9aa9fffffff,604020744082423807
861e84827ffffff,604019221650735103
861ea6d77ffffff,604021580929957887
861f992f7ffffff,604038234665648127
861ea0c87ffffff,604021164586565631
861e8a917ffffff,604019637994127359
861f982cfffffff,604038165275082751
861ea5d4fffffff,604021511539392511
861e8e9b7ffffff,604019915556388863
861ea2cd7ffffff,604021303367696383
861e817afffffff,604019013479038975
861f9b347ffffff,604038373446778879
861e80787ffffff,604018944088473599
861e86877ffffff,604019360431865855
861ea4d27ffffff,604021442148827135
861f8b0c7ffffff,604037263197732863
861e99b6fffffff,604020678852607999
861f9a31fffffff,604038304056213503
863f264cfffffff,604593289798090751
863f35727ffffff,604594330656571391
861f8a09fffffff,604037193807167487
861e1671fffffff,604011658079109119
861e8584fffffff,604019291041300479
861e8491fffffff,604019225811484671
861e838f7ffffff,604019156420919295
861e8aa0fffffff,604019642154876927
861e8eaafffffff,604019919717138431
861e8696fffffff,604019364592615423
863f24577ffffff,604593155177709567
861e8ba37ffffff,604019711545442303
861f9d48fffffff,604038516388659199
861e9ac8fffffff,604020752403922943
861e85947ffffff,604019295202050047
861e818a7ffffff,604019017639788543
863f3581fffffff,604594334817320959
863869ae7ffffff,604474774873178111
861ea1da7ffffff,604021238137880575
861e9bcb7ffffff,604020821794488319
861e9dd07ffffff,604020960575619071
861eb509fffffff,604022556558622719
861e80977ffffff,604018952409972735
861e84a17ffffff,604019229972234239
861e8eba7ffffff,604019923877887999
861e8ab07ffffff,604019646315626495
861f994e7ffffff,604038242987147263
863f348efffffff,604594269587505151
861eb10f7ffffff,604022283157110783
861e86a67ffffff,604019368753364991
861f8a28fffffff,604037202128666623
861f9b537ffffff,604038381768278015
861f8b2b7ffffff,604037271519231999
863f35917ffffff,604594338978070527
861e8199fffffff,604019021800538111
863f3084fffffff,604593992025243647
863f2466fffffff,604593159338459135
861e8bb2fffffff,604019715706191871
861f9d587ffffff,604038520549408767
861e9ad87ffffff,604020756564672511
861e83ae7ffffff,604019164742418431
861ea6037ffffff,604021524021641215
861e8ec9fffffff,604019928038637567
861e84b0fffffff,604019234132983807
861e8bc27ffffff,604019719866941439
861e80a6fffffff,604018956570722303
861e86b5fffffff,604019372914114559
861ea500fffffff,604021454631075839
861eb528fffffff,604022564880121855
863f24767ffffff,604593163499208703
863f30947ffffff,604593996185993215
861f985b7ffffff,604038177757331455
861f8a387ffffff,604037206289416191
863f267b7ffffff,604593302280339455
861f9c657ffffff,604038455319592959
861f8b3afffffff,604037275679981567
861e81a97ffffff,604019025961287679
861e8cc4fffffff,604019789257506815
861f9b62fffffff,604038385929027583
861e85b37ffffff,604019303523549183
861e84c07ffffff,604019238293733375
861ea40dfffffff,604021389401260031
861ea612fffffff,604021528182390783
861ea208fffffff,604021250620129279
861f996d7ffffff,604038251308646399
861e8ed97ffffff,604019932199387135
861f986afffffff,604038181918081023
861e8bd1fffffff,604019724027691007
861eb12e7ffffff,604022291478609919
861ea5107ffffff,604021458791825407
861e85c2fffffff,604019307684298751
861e80b67ffffff,604018960731471871
863f34adfffffff,604594277909004287
861f8b4a7ffffff,604037279840731135
863f2485fffffff,604593167659958271
861e8acf7ffffff,604019654637125631
861ea30b7ffffff,604021320010694655
861e88ca7ffffff,604019515855994879
863f268afffffff,604593306441089023
861eb5387ffffff,604022569040871423
861f9b727ffffff,604038390089777151
863f25887ffffff,604593237050523647
863f35b07ffffff,604594347299569663
861e82bb7ffffff,604019099512602623
861ea6227ffffff,604021532343140351
861ea2187ffffff,604021254780878847
863f24957ffffff,604593171820707839
861f9b81fffffff,604038394250526719
861f987a7ffffff,604038186078830591
861ea0137ffffff,604021115999748095
861e85d27ffffff,604019311845048319
861e81c87ffffff,604019034282786815
861e80c5fffffff,604018964892221439
861f8b59fffffff,604037284001480703
861e83cd7ffffff,604019173063917567
861e88d9fffffff,604019520016744447
863f30b37ffffff,604594004507492351
861ea31afffffff,604021324171444223
861e9a047ffffff,604020699656355839
861e9b06fffffff,604020769046921215
861e86d4fffffff,604019381235613695
863f269a7ffffff,604593310601838591
861ea631fffffff,604021536503889919
861f9b917ffffff,604038398411276287
861f8b697ffffff,604037288162230271
861ea42cfffffff,604021397722759167
861e80d57ffffff,604018969052971007
863f35cf7ffffff,604594355621068799
861f9889fffffff,604038190239580159
861f8a66fffffff,604037218771664895
861f998c7ffffff,604038259630145535
863f26a9fffffff,604593314762588159
861f9a8efffffff,604038329020710911
863f24a4fffffff,604593175981457407
861eb14d7ffffff,604022299800109055
863f34ccfffffff,604594286230503423
861ea32a7ffffff,604021328332193791
861e9b167ffffff,604020773207670783
861ea52f7ffffff,604021467113324543
861ea022fffffff,604021120160497663
863f209afffffff,604592898419195903
861e8e057ffffff,604019875291070463
861f9ba0fffffff,604038402572025855
861ea2377ffffff,604021263102377983
861f8b78fffffff,604037292322979839
861ea6417ffffff,604021540664639487
863f24b47ffffff,604593180142206975
863f26b97ffffff,604593318923337727
861eb566fffffff,604022581523120127
861e9b25fffffff,604020777368420351
861f98997ffffff,604038194400329727
861ea0327ffffff,604021124321247231
861e9a237ffffff,604020707977854975
861f8a767ffffff,604037222932414463
861ea339fffffff,604021332492943359
861e9920fffffff,604020638587289599
861e9d2afffffff,604020916149551103
861ea246fffffff,604021267263127551
861f9bb07ffffff,604038406732775423
861e8e14fffffff,604019879451820031
861ea3497ffffff,604021336653692927
861ea041fffffff,604021128481996799
861e8b0d7ffffff,604019671280123903
861ea650fffffff,604021544825389055
861f99ab7ffffff,604038267951644671
861e8c647ffffff,604019763353485311
861e834dfffffff,604019138838396927
861e9b89fffffff,604020804211965951
86386d76fffffff,604475034852917247
861ea5a2fffffff,604021498117619711
861eb1c0fffffff,604022330804404223
861e9d8efffffff,604020942993096703
863f2415fffffff,604593137595187199
863f261afffffff,604593276376317951
863f35407ffffff,604594317234798591
861e8b61fffffff,604019693962919935
861f9b027ffffff,604038360025006079
861e80467ffffff,604018930666700799
861e885a7ffffff,604019485791223807
861e8e697ffffff,604019902134616063
861ea0967ffffff,604021151164792831
861e8552fffffff,604019277619527679
861ea29b7ffffff,604021289945923583
861e84507ffffff,604019208228962303
861e8148fffffff,604019000057266175
861ea4a07ffffff,604021428727054335
861ea6a57ffffff,604021567508185087
861e8a0afffffff,604019601889558527
861f98a8fffffff,604038198561079295
861f9aadfffffff,604038337342210047
861ea54e7ffffff,604021475434823679
861e9b357ffffff,604020781529169919
863f26c8fffffff,604593323084087295
861eb16c7ffffff,604022308121608191
86386d227ffffff,604475012170121215
861eb5767ffffff,604022585683869695
861f8b887ffffff,604037296483729407
861e8805fffffff,604019463108427775
861ed6c8fffffff,604024875572527103
861e9d3a7ffffff,604020920310300671
863f25c67ffffff,604593253693521919
861e9a32fffffff,604020712138604543
861e8600fffffff,604019324327297023
861e840b7ffffff,604019189706915839
861ea45b7ffffff,604021410205007871
861ea0517ffffff,604021132642746367
861ea2567ffffff,604021271423877119
861ea358fffffff,604021340814442495
861e80017ffffff,604018912144654335
861ea6607ffffff,604021548986138623
861e8a1a7ffffff,604019606050308095
861e8e247ffffff,604019883612569599
861e9a427ffffff,604020716299354111
861e8308fffffff,604019120316350463
861f98b87ffffff,604038202721828863
861f99bafffffff,604038272112394239
861e9b44fffffff,604020785689919487
863f24d37ffffff,604593188463706111
861e850dfffffff,604019259097481215
861eb4837ffffff,604022520454053887
861eb585fffffff,604022589844619263
861ed6d87ffffff,604024879733276671
863f25d5fffffff,604593257854271487
86386d31fffffff,604475016330870783
861e86107ffffff,604019328488046591
861e88157ffffff,604019467269177343
863f26d87ffffff,604593327244836863
861eb380fffffff,604022451063488511
861e841afffffff,604019193867665407
861ea46afffffff,604021414365757439
861ea265fffffff,604021275584626687
861e8010fffffff,604018916305403903
861e8a29fffffff,604019610211057663
861ea3687ffffff,604021344975192063
861e83187ffffff,604019124477100031
861eb18b7ffffff,604022316443107327
861f9bcf7ffffff,604038415054274559
861e9a51fffffff,604020720460103679
861f99ca7ffffff,604038276273143807
861e8b2c7ffffff,604019679601623039
861ea060fffffff,604021136803495935
861e81137ffffff,604018985695969279
861eb5957ffffff,604022594005368831
861eb492fffffff,604022524614803455
863f34087ffffff,604594233482936319
861e9b547ffffff,604020789850669055
863f350afffffff,604594302873501695
863f20d8fffffff,604592915062194175
861e994f7ffffff,604020651069538303
861f9accfffffff,604038345663709183
861ea47a7ffffff,604021418526507007
861ea2757ffffff,604021279745376255
861e842a7ffffff,604019198028414975
861e80207ffffff,604018920466153471
861e8e437ffffff,604019891934068735
861e8a397ffffff,604019614371807231
861e9a617ffffff,604020724620853247
861eb19afffffff,604022320603856895
861eb5a4fffffff,604022598166118399
861ea0707ffffff,604021140964245503
861f99d9fffffff,604038280433893375
861f98d77ffffff,604038211043327999
863f351a7ffffff,604594307034251263
861e82257ffffff,604019059247284223
861e8122fffffff,604018989856718847
861e862f7ffffff,604019336809545727
861ea68efffffff,604021561468387327
861e8439fffffff,604019202189164543
861eb1aa7ffffff,604022324764606463
861ea284fffffff,604021283906125823
861e8e52fffffff,604019896094818303
861e83377ffffff,604019132798599167
861ea489fffffff,604021422687256575
861e8b4b7ffffff,604019687923122175
861ea58c7ffffff,604021492077821951
861e8c4dfffffff,604019757313687551
863f34277ffffff,604594241804435455
861e9a70fffffff,604020728781602815
861eb5b47ffffff,604022602326867967
861e9b737ffffff,604020798172168191
861e8234fffffff,604019063408033791
863f26047ffffff,604593270336520191
861f8bc67ffffff,604037313126727679
861e8a48fffffff,604019618532556799
861e81327ffffff,604018994017468415
861ea2947ffffff,604021288066875391
861e8e627ffffff,604019900255567871
861eb1b9fffffff,604022328925356031
861e8b5afffffff,604019692083871743
861e8141fffffff,604018998178217983
863f3436fffffff,604594245965185023
861ea08f7ffffff,604021149285744639
861e84497ffffff,604019206349914111
861ea4997ffffff,604021426848006143
861e88537ffffff,604019483912175615
863f240efffffff,604593135716139007
861e8346fffffff,604019136959348735
861f8bd5fffffff,604037317287477247
861e8a587ffffff,604019622693306367
861e9b82fffffff,604020802332917759
861eb4c17ffffff,604022537097052159
861ea4a8fffffff,604021431008755711
861ea6adfffffff,604021569789886463
861e855b7ffffff,604019279901229055
861e8e71fffffff,604019904416317439
861f9905fffffff,604038223525576703
861e81517ffffff,604019002338967551
861e8458fffffff,604019210510663679
861f98037ffffff,604038154135011327
861e9d977ffffff,604020945274798079
861e83567ffffff,604019141120098303
861e8b6a7ffffff,604019696244621311
861ea5ab7ffffff,604021500399321087
861e8862fffffff,604019488072925183
861e804efffffff,604018932948402175
863f3548fffffff,604594319516499967
861e16487ffffff,604011646939037695
861f9b0afffffff,604038362306707455
861e8c6cfffffff,604019765635186687
861eb1c97ffffff,604022333086105599
861eb4d0fffffff,604022541257801727
861f9a087ffffff,604038292916142079
863f26237ffffff,604593278658019327
863f34467ffffff,604594250125934591
861e9c94fffffff,604020875884232703
861ea4b87ffffff,604021435169505279
861ea2b37ffffff,604021296388374527
861e8e817ffffff,604019908577067007
861e8160fffffff,604019006499717119
861e84687ffffff,604019214671413247
861e8a777ffffff,604019631014805503
861e9da6fffffff,604020949435547647
861f99157ffffff,604038227686326271
861e8b79fffffff,604019700405370879
863f35587ffffff,604594323677249535
861f9812fffffff,604038158295760895
861e856afffffff,604019284061978623
861f9b1a7ffffff,604038366467457023
861ea5bafffffff,604021504560070655
861e88727ffffff,604019492233674751
861e8365fffffff,604019145280847871
861ea0ae7ffffff,604021157607243775
86386984fffffff,604474763733106687
863f2632fffffff,604593282818768895
861e9ba1fffffff,604020810654416895
861eb1d8fffffff,604022337246855167
861f9e21fffffff,604038574639153151
863f3455fffffff,604594254286684159
861ea5ca7ffffff,604021508720820223
861f9924fffffff,604038231847075839
861e8a86fffffff,604019635175555071
861ea6ccfffffff,604021578111385599
861ea2c2fffffff,604021300549124095
861e806dfffffff,604018941269901311
861e9db67ffffff,604020953596297215
861f98227ffffff,604038162456510463
861e857a7ffffff,604019288222728191
861e8e90fffffff,604019912737816575
861e81707ffffff,604019010660466687
861e8b897ffffff,604019704566120447
861f9a277ffffff,604038301237641215
861f8b01fffffff,604037260379160575
863f26427ffffff,604593286979518463
861e83757ffffff,604019149441597439
861ea3c57ffffff,604021369939689471
863869947ffffff,604474767893856255
861f9b29fffffff,604038370628206591
861ed6427ffffff,604024839467958271
863f34657ffffff,604594258447433727
861e9bb17ffffff,604020814815166463
861e99ac7ffffff,604020676034035711
861f9d2efffffff,604038509409337343
861e8384fffffff,604019153602347007
861ea5d9fffffff,604021512881569791
861e84877ffffff,604019222992912383
861ea0cd7ffffff,604021165928742911
861e8a967ffffff,604019639336304639
861f99347ffffff,604038236007825407
861e8ea07ffffff,604019916898566143
861ea2d27ffffff,604021304709873663
861f9831fffffff,604038166617260031
861ea4d77ffffff,604021443491004415
863f244cfffffff,604593152359137279
861f9a36fffffff,604038305398390783
861e8589fffffff,604019292383477759
861e8b98fffffff,604019708726870015
863f2651fffffff,604593291140268031
861f8b117ffffff,604037264539910143
861e868c7ffffff,604019361774043135
861f9b397ffffff,604038374788956159
863f3474fffffff,604594262608183295
861ea3d4fffffff,604021374100439039
861ed651fffffff,604024843628707839
861f8a0efffffff,604037195149344767
863f35777ffffff,604594331998748671
86386dadfffffff,604475049616867327
861e808cfffffff,604018949591400447
861e83947ffffff,604019157763096575
861e8496fffffff,604019227153661951
861eb104fffffff,604022280338538495
861e8aa5fffffff,604019643497054207
863f34847ffffff,604594266768932863
861f98417ffffff,604038170778009599
861e85997ffffff,604019296544227327
861e8ba87ffffff,604019712887619583
863869b37ffffff,604474776215355391
861e9acdfffffff,604020753746100223
861f9d4dfffffff,604038517730836479
861e818f7ffffff,604019018981965823
861f8b20fffffff,604037268700659711
861f9b48fffffff,604038378949705727
863f26617ffffff,604593295301017599
861e9dd57ffffff,604020961917796351
861eb50efffffff,604022557900799999
861eb1147ffffff,604022284499288063
861e8ab57ffffff,604019647657803775
861e84a67ffffff,604019231314411519
861f99537ffffff,604038244329324543
861f8a2dfffffff,604037203470843903
861f9850fffffff,604038174938759167
861f9b587ffffff,604038383110455295
861eb0aefffffff,604022257253089279
861e894d7ffffff,604019551021039615
861eb5bb7ffffff,604022604205916159
861eb3b67ffffff,604022465424785407
861e8c54fffffff,604019759192735743
863f24067ffffff,604593133434437631
861e81397ffffff,604018995896516607
861f8bcd7ffffff,604037315005775871
861e9b7a7ffffff,604020800051216383
861ea5937ffffff,604021493956870143
863f342e7ffffff,604594243683483647
863f260b7ffffff,604593272215568383
861ea086fffffff,604021147004043263
861ea490fffffff,604021424566304767
861e8e59fffffff,604019897973866495
861e884afffffff,604019481630474239
861e8036fffffff,604018926505951231
861e8440fffffff,604019204068212735
861e85437ffffff,604019273458778111
861eb1b17ffffff,604022326643654655
861e8b527ffffff,604019689802170367
861ea695fffffff,604021563347435519
863f35967ffffff,604594340320247807
861e86ab7ffffff,604019370095542271
863f2670fffffff,604593299461767167
861e82a17ffffff,604019092533280767
861f8b307ffffff,604037272861409279
861e85a8fffffff,604019300704976895
861e8ecefffffff,604019929380814847
861f9962fffffff,604038248490074111
861ea4037ffffff,604021386582687743
861e83b37ffffff,604019166084595711
861f98607ffffff,604038179099508735
861ea6087ffffff,604021525363818495
861e84b5fffffff,604019235475161087
863f34a37ffffff,604594275090431999
861e8ac4fffffff,604019651818553343
861e8bc77ffffff,604019721209118719
861eb52dfffffff,604022566222299135
863f247b7ffffff,604593164841385983
861e86bafffffff,604019374256291839
861ea505fffffff,604021455973253119
863f26807ffffff,604593303622516735
861e82b0fffffff,604019096694030335
861ea300fffffff,604021317192122367
861e8cc9fffffff,604019790599684095
861f9c6a7ffffff,604038456661770239
861e85b87ffffff,604019304865726463
861f9d6cfffffff,604038526052335615
863f30997ffffff,604593997528170495
861f9a657ffffff,604038317880639487
861e84c57ffffff,604019239635910655
861ea20dfffffff,604021251962306559
861e80bb7ffffff,604018962073649151
861ea412fffffff,604021390743437311
861eb1337ffffff,604022292820787199
861f99727ffffff,604038252650823679
861e8ad47ffffff,604019655979302911
861f8b4f7ffffff,604037281182908415
863f248afffffff,604593169002135551
861e83c2fffffff,604019170245345279
861ea5157ffffff,604021460134002687
861e8bd6fffffff,604019725369868287
863f34b2fffffff,604594279251181567
861ea008fffffff,604021113181175807
861e88cf7ffffff,604019517198172159
861f9b777ffffff,604038391431954431
861f9c79fffffff,604038460822519807
861f8a4cfffffff,604037211792343039
861ea3107ffffff,604021321352871935
861e8cd97ffffff,604019794760433663
863f258d7ffffff,604593238392700927
861f9a74fffffff,604038322041389055
861e84d4fffffff,604019243796660223
861ea6277ffffff,604021533685317631
861ea4227ffffff,604021394904186879
861f9b86fffffff,604038395592703999
863f249a7ffffff,604593173162885119
861ea0187ffffff,604021117341925375
861e85d77ffffff,604019313187225599
861e81cd7ffffff,604019035624964095
861e83d27ffffff,604019174406094847
861e80cafffffff,604018966234398719
861e9a097ffffff,604020700998533119
861eb142fffffff,604022296981536767
861f9a847ffffff,604038326202138623
861f9981fffffff,604038256811573247
863f34c27ffffff,604594283411931135
863f35c4fffffff,604594352802496511
863f30b87ffffff,604594005849669631
861e9d10fffffff,604020909170229247
861ea524fffffff,604021464294752255
863f20907ffffff,604592895600623615
861eb54cfffffff,604022574543798271
861ea431fffffff,604021399064936447
861ea636fffffff,604021537846067199
861f9b967ffffff,604038399753453567
861ea22cfffffff,604021260283805695
861f8b6e7ffffff,604037289504407551
861e80da7ffffff,604018970395148287
863f35d47ffffff,604594356963246079
861f988efffffff,604038191581757439
863f34d1fffffff,604594287572680703
863f24a9fffffff,604593177323634687
861e9a18fffffff,604020705159282687
861eb1527ffffff,604022301142286335
861f99917ffffff,604038260972322815
863f26aefffffff,604593316104765439
861e9d207ffffff,604020913330978815
861ea5347ffffff,604021468455501823
861ea32f7ffffff,604021329674371071
861e12c9fffffff,604011406823522303
861e9b1b7ffffff,604020774549848063
861ea4417ffffff,604021403225686015
861e8e0a7ffffff,604019876633247743
861f9ba5fffffff,604038403914203135
861e8a007ffffff,604019599070986239
861ea6467ffffff,604021542006816767
861e8b02fffffff,604019668461551615
861f9aa37ffffff,604038334523637759
863f24b97ffffff,604593181484384255
861e9b2afffffff,604020778710597631
861f99a0fffffff,604038265133072383
861e9a287ffffff,604020709320032255
861eb161fffffff,604022305303035903
861e9925fffffff,604020639929466879
861ea0377ffffff,604021125663424511
861f8a7b7ffffff,604037224274591743
861e12d97ffffff,604011410984271871
861e8400fffffff,604019186888343551
861e8e19fffffff,604019880793997311
861ea450fffffff,604021407386435583
861f9bb57ffffff,604038408074952703
861ea5537ffffff,604021476777000959
861ea655fffffff,604021546167566335
861ea34e7ffffff,604021337995870207
861f9ab2fffffff,604038338684387327
861ea046fffffff,604021129824174079
861e8b127ffffff,604019672622301183
861f98adfffffff,604038199903256575
861e85037ffffff,604019256278908927
863f24c8fffffff,604593185645133823
861eb1717ffffff,604022309463785471
863f26cdfffffff,604593324426264575
861f99b07ffffff,604038269293821951
861e9b3a7ffffff,604020782871347199
861e880afffffff,604019464450605055
86386d277ffffff,604475013512298495
861f8b8d7ffffff,604037297825906687
861e99357ffffff,604020644090216447
861ed6cdfffffff,604024876914704383
863f25cb7ffffff,604593255035699199
861e8605fffffff,604019325669474303
861eb57b7ffffff,604022587026046975
861e84107ffffff,604019191049093119
861ea4607ffffff,604021411547185151
861e80067ffffff,604018913486831615
861e8e297ffffff,604019884954746879
861ea6657ffffff,604021550328315903
861eb180fffffff,604022313624535039
861ea0567ffffff,604021133984923647
861ea25b7ffffff,604021272766054399
861e8108fffffff,604018982877396991
861e8b21fffffff,604019676783050751
861e9a477ffffff,604020717641531391
861e9b49fffffff,604020787032096767
861e830dfffffff,604019121658527743
861f9bc4fffffff,604038412235702271
861e8512fffffff,604019260439658495
863f24d87ffffff,604593189805883391
863f25dafffffff,604593259196448767
861e881a7ffffff,604019468611354623
861e86157ffffff,604019329830223871
861eb4887ffffff,604022521796231167
861ea562fffffff,604021480937750527
863f35007ffffff,604594300054929407
86386d36fffffff,604475017673048063
861e9944fffffff,604020648250966015
861eb385fffffff,604022452405665791
861eb58afffffff,604022591186796543
861ea26afffffff,604021276926803967
861e8a2efffffff,604019611553234943
861e8015fffffff,604018917647581183
861ea674fffffff,604021554489065471
861e8e38fffffff,604019889115496447
861f9bd47ffffff,604038416396451839
861ea36d7ffffff,604021346317369343
861eb1907ffffff,604022317785284607
861e8b317ffffff,604019680943800319
861f98ccfffffff,604038208224755711
861e81187ffffff,604018987038146559
861f99cf7ffffff,604038277615321087
861e9b597ffffff,604020791192846335
861ea5727ffffff,604021485098500095
861e9a56fffffff,604020721802280959
861e8624fffffff,604019333990973439
861e8829fffffff,604019472772104191
863f340d7ffffff,604594234825113599
861ea065fffffff,604021138145673215
861f8aa9fffffff,604037236756840447
861eb59a7ffffff,604022595347546111
861eb3957ffffff,604022456566415359
861ea6847ffffff,604021558649815039
861e842f7ffffff,604019199370592255
861ea27a7ffffff,604021281087553535
861e80257ffffff,604018921808330751
861e8b40fffffff,604019685104549887
861e8e487ffffff,604019893276246015
861ea581fffffff,604021489259249663
861e832cfffffff,604019129980026879
861e9b68fffffff,604020795353595903
861e9a667ffffff,604020725963030527
861e8c437ffffff,604019754495115263
861ea0757ffffff,604021142306422783
861e86347ffffff,604019338151723007
861e88397ffffff,604019476932853759
861eb5a9fffffff,604022599508295679
861e8531fffffff,604019268761157631
861e822a7ffffff,604019060589461503
861eb3a4fffffff,604022460727164927
861eb1af7ffffff,604022326106783743
861ea289fffffff,604021285248303103
861e8b507ffffff,604019689265299455
861ea48efffffff,604021424029433855
861e85417ffffff,604019272921907199
861e8034fffffff,604018925969080319
861e8848fffffff,604019481093603327
861e9a75fffffff,604020730123780095
861ea5917ffffff,604021493419999231
861ea084fffffff,604021146467172351
861e9b787ffffff,604020799514345471
863f26097ffffff,604593271678697471
863f342c7ffffff,604594243146612735
863f24047ffffff,604593132897566719
861e8c52fffffff,604019758655864831
861e8a4dfffffff,604019619874734079
861f8bcb7ffffff,604037314468904959
861eb3b47ffffff,604022464887914495
861eb5b97ffffff,604022603669045247
861e894b7ffffff,604019550484168703
861e81377ffffff,604018995359645695
861e99737ffffff,604020660733214719
861e8239fffffff,604019064750211071
861eb0acfffffff,604022256716218367
861ea6a37ffffff,604021566971314175
861e8e677ffffff,604019901597745151
861ea2997ffffff,604021289409052671
861e8550fffffff,604019277082656767
861e844e7ffffff,604019207692091391
861ea0947ffffff,604021150627921919
861e8146fffffff,604018999520395263
861e88587ffffff,604019485254352895
863f2618fffffff,604593275839447039
861e80447ffffff,604018930129829887
861f9b007ffffff,604038359488135167
861e9d8cfffffff,604020942456225791
861e9965fffffff,604020657109336063
861eb3a6fffffff,604022461264035839
861e822c7ffffff,604019061126332415
861e883b7ffffff,604019477469724671
861e8a407ffffff,604019616250855423
861ea0777ffffff,604021142843293695
861e86367ffffff,604019338688593919
861e8c457ffffff,604019755031986175
861e9a687ffffff,604020726499901439
861e8129fffffff,604018991735767039
861e9b6afffffff,604020795890466815
861e832efffffff,604019130516897791
861e8e4a7ffffff,604019893813116927
861ea4817ffffff,604021420405555199
861e8b42fffffff,604019685641420799
861e80277ffffff,604018922345201663
861eb1a1fffffff,604022322482905087
861ea6867ffffff,604021559186685951
861e84317ffffff,604019199907463167
861e8c627ffffff,604019762816614399
861ea5a0fffffff,604021497580748799
861f8bdafffffff,604037318629654527
86386d74fffffff,604475034316046335
861eb4c67ffffff,604022538439229439
861ea6b2fffffff,604021571132063743
861ea4adfffffff,604021432350932991
861e8e76fffffff,604019905758494719
861ea2a8fffffff,604021293569802239
861f990afffffff,604038224867753983
861f98087ffffff,604038155477188607
861e8a6cfffffff,604019628196233215
861e81567ffffff,604019003681144831
861e85607ffffff,604019281243406335
861e8b6f7ffffff,604019697586798591
861eb1ce7ffffff,604022334428282879
861ea5b07ffffff,604021501741498367
861e8c71fffffff,604019766977363967
861e164d7ffffff,604011648281214975
863f354dfffffff,604594320858677247
861e835b7ffffff,604019142462275583
863f24237ffffff,604593141219065855
861eb4d5fffffff,604022542599979007
861f9a0d7ffffff,604038294258319359
861e12437ffffff,604011370718953471
861e99927ffffff,604020669054713855
861ea2b87ffffff,604021297730551807
861ea6c27ffffff,604021575292813311
861e846d7ffffff,604019216013590527
861e8165fffffff,604019007841894399
861e8e867ffffff,604019909919244287
861e80637ffffff,604018938451329023
861ea0b37ffffff,604021158949421055
861f991a7ffffff,604038229028503551
861e88777ffffff,604019493575852031
861f9e26fffffff,604038575981330431
861e836afffffff,604019146623025151
863f2432fffffff,604593145379815423
861e99a1fffffff,604020673215463423
861f9d247ffffff,604038506590765055
861e9ba6fffffff,604020811996594175
861f9929fffffff,604038233189253119
861ea4ccfffffff,604021440672432127
861ea0c2fffffff,604021163110170623
861ea6d1fffffff,604021579453562879
861ea5cf7ffffff,604021510062997503
861e8072fffffff,604018942612078591
861f98277ffffff,604038163798687743
861e8e95fffffff,604019914079993855
861e81757ffffff,604019012002643967
861ea3ca7ffffff,604021371281866751
863f24427ffffff,604593149540564991
861f9b2efffffff,604038371970383871
861e8b8e7ffffff,604019705908297727
861e9dbb7ffffff,604020954938474495
861e8681fffffff,604019358955470847
861f9a2c7ffffff,604038302579818495
863f26477ffffff,604593288321695743
861e837a7ffffff,604019150783774719
861e9bb67ffffff,604020816157343743
861f8b06fffffff,604037261721337855
861f9e367ffffff,604038580142079999
861f8a047ffffff,604037192330772479
861e99b17ffffff,604020677376212991
861ea0d27ffffff,604021167270920191
861e848c7ffffff,604019224335089663
861e80827ffffff,604018946772828159
861f99397ffffff,604038237350002687
861e8a9b7ffffff,604019640678481919
861e8389fffffff,604019154944524287
861ea2d77ffffff,604021306052050943
861ea3d9fffffff,604021375442616319
861e8ea57ffffff,604019918240743423
863f2656fffffff,604593292482445311
861f9836fffffff,604038167959437311
863f2451fffffff,604593153701314559
861e86917ffffff,604019363116220415
861f8b167ffffff,604037265882087423
861e858efffffff,604019293725655039
861f9d437ffffff,604038514912264191
861e9ac37ffffff,604020750927527935
861e82877ffffff,604019085553958911
861eb5047ffffff,604022555082227711
861e8091fffffff,604018950933577727
861e8aaafffffff,604019644839231487
861f9948fffffff,604038241510752255
861e83997ffffff,604019159105273855
861f98467ffffff,604038172120186879
861eb109fffffff,604022281680715775
861e8eb4fffffff,604019922401492991
863f34897ffffff,604594268111110143
861e86a0fffffff,604019367276969983
861e8bad7ffffff,604019714229796863
863f24617ffffff,604593157862064127
861f8a237ffffff,604037200652271615
861f8b25fffffff,604037270042836991
863869b87ffffff,604474777557532671
861e8296fffffff,604019089714708479
861f9d52fffffff,604038519073013759
861e9bd57ffffff,604020824478842879
861e84ab7ffffff,604019232656588799
861e8ec47ffffff,604019926562242559
861e8aba7ffffff,604019648999981055
861e83a8fffffff,604019163266023423
861e80a17ffffff,604018955094327295
861f99587ffffff,604038245671501823
863f3498fffffff,604594272271859711
861e86b07ffffff,604019371437719551
861f9855fffffff,604038176280936447
861eb1197ffffff,604022285841465343
863f2470fffffff,604593162022813695
861e82a67ffffff,604019093875458047
863f359b7ffffff,604594341662425087
861eb5237ffffff,604022563403726847
861f8a32fffffff,604037204813021183
863f308efffffff,604593994709598207
861f8b357ffffff,604037274203586559
863f2675fffffff,604593300803944447
861f9e64fffffff,604038592624328703
861ea4087ffffff,604021387924865023
861ea2037ffffff,604021249143734271
861e83b87ffffff,604019167426772991
861e84bafffffff,604019236817338367
861ea60d7ffffff,604021526705995775
861f98657ffffff,604038180441686015
861e8bcc7ffffff,604019722551295999
861e80b0fffffff,604018959255076863
863f24807ffffff,604593166183563263
861f8b44fffffff,604037278364336127
863f34a87ffffff,604594276432609279
861eb128fffffff,604022290002214911
861ea50afffffff,604021457315430399
861e8ac9fffffff,604019653160730623
863f26857ffffff,604593304964694015
861e82b5fffffff,604019098036207615
861eb532fffffff,604022567564476415
863f2582fffffff,604593235574128639
861f9c6f7ffffff,604038458003947519
861e8ccefffffff,604019791941861375
861ea305fffffff,604021318534299647
861eb0267ffffff,604022220611649535
861f9d71fffffff,604038527394512895
861f8a427ffffff,604037208973770751
861e88c4fffffff,604019514379599871
861f9e747ffffff,604038596785078271
861ea212fffffff,604021253304483839
861e84ca7ffffff,604019240978087935
861f9874fffffff,604038184602435583
861f99777ffffff,604038253993000959
861eb1387ffffff,604022294162964479
861ea51a7ffffff,604021461476179967
861e85ccfffffff,604019310368653311
861e80c07ffffff,604018963415826431
861f8b547ffffff,604037282525085695
861e81c2fffffff,604019032806391807
863f25927ffffff,604593239734878207
861e8ad97ffffff,604019657321480191
861ea00dfffffff,604021114523353087
863f2694fffffff,604593309125443583
861e9d067ffffff,604020906351656959
861ea3157ffffff,604021322695049215
861e88d47ffffff,604019518540349439
861e9b017ffffff,604020767570526207
861f8a51fffffff,604037213134520319
861eb035fffffff,604022224772399103
861ea62c7ffffff,604021535027494911
861e84d9fffffff,604019245138837503
861ea4277ffffff,604021396246364159
861ea2227ffffff,604021257465233407
861e83d77ffffff,604019175748272127
863f35c9fffffff,604594354144673791
861e81d27ffffff,604019036967141375
861f9986fffffff,604038258153750527
863f34c77ffffff,604594284754108415
861e9a0e7ffffff,604020702340710399
861f98847ffffff,604038188763185151
861f8a617ffffff,604037217295269887
863f26a47ffffff,604593313286193151
861e9d15fffffff,604020910512406527
861f9a897ffffff,604038327544315903
861ea529fffffff,604021465636929535
861e9b10fffffff,604020771731275775
861ea436fffffff,604021400407113727
861ea231fffffff,604021261625982975
861f9b9b7ffffff,604038401095630847
863f35d97ffffff,604594358305423359
861f8b737ffffff,604037290846584831
863f34d6fffffff,604594288914857983
861e9b207ffffff,604020775892025343
861eb1577ffffff,604022302484463615
861ea5397ffffff,604021469797679103
863f24aefffffff,604593178665811967
861e9d257ffffff,604020914673156095
861eb5617ffffff,604022580046725119
861f99967ffffff,604038262314500095
861f8a70fffffff,604037221456019455
861f9ea2fffffff,604038609267326975
863f25b17ffffff,604593248056377343
86386d0d7ffffff,604475006532976639
861f9a98fffffff,604038331705065471
861ea4467ffffff,604021404567863295
861e8e0f7ffffff,604019877975425023
861e8a057ffffff,604019600413163519
861ea2417ffffff,604021265786732543
861f9baafffffff,604038405256380415
861eb166fffffff,604022306645213183
861f9aa87ffffff,604038335865815039
861f98a37ffffff,604038197084684287
861f99a5fffffff,604038266475249663
861ea548fffffff,604021473958428671
861e9a2d7ffffff,604020710662209535
861ea64b7ffffff,604021543348994047
861e9d34fffffff,604020918833905663
861eb570fffffff,604022584207474687
861e8c0a7ffffff,604019739194294271
861e88007ffffff,604019461632032767
861ed6c37ffffff,604024874096132095
863f25c0fffffff,604593252217126911
863f26c37ffffff,604593321607692287
861e992afffffff,604020641271644159
861e8405fffffff,604019188230520831
861ea455fffffff,604021408728612863
861e8a14fffffff,604019604573913087
861f9bba7ffffff,604038409417129983
861ea250fffffff,604021269947482111
861e83037ffffff,604019118839955455
861ea5587ffffff,604021478119178239
861ea3537ffffff,604021339338047487
861eb1767ffffff,604022310805962751
861e8b177ffffff,604019673964478463
863f24cdfffffff,604593186987311103
861ea65afffffff,604021547509743615
861e85087ffffff,604019257621086207
861f98b2fffffff,604038201245433855
861f99b57ffffff,604038270635999231
863f25d07ffffff,604593256377876479
86386d2c7ffffff,604475014854475775
861eb3977ffffff,604022457103286271
863f3511fffffff,604594304752549887
861ea5747ffffff,604021485635371007
861f99d17ffffff,604038278152191999
861eb499fffffff,604022526493851647
863f340f7ffffff,604594235361984511
861e9b5b7ffffff,604020791729717247
861e8626fffffff,604019334527844351
861e9a58fffffff,604020722339151871
861e8b337ffffff,604019681480671231
861e811a7ffffff,604018987575017471
861f98cefffffff,604038208761626623
861eb1927ffffff,604022318322155519
861ea36f7ffffff,604021346854240255
861f9bd67ffffff,604038416933322751
861e8e3afffffff,604019889652367359
861ea676fffffff,604021555025936383
861e8a30fffffff,604019612090105855
861e8421fffffff,604019195746713599
861ea26cfffffff,604021277463674879
861ea471fffffff,604021416244805631
861e8c19fffffff,604019743355043839
861eb5807ffffff,604022588368224255
861e84157ffffff,604019192391270399
861ea2607ffffff,604021274108231679
861e8a247ffffff,604019608734662655
861ea4657ffffff,604021412889362431
861ea05b7ffffff,604021135327100927
861e8312fffffff,604019123000705023
861eb185fffffff,604022314966712319
861e8e2e7ffffff,604019886296924159
861e800b7ffffff,604018914829008895
861ea66a7ffffff,604021551670493183
861e9a4c7ffffff,604020718983708671
861f9bc9fffffff,604038413577879551
861e810dfffffff,604018984219574271
863f3402fffffff,604594232006541311
861e9b4efffffff,604020788374274047
861f99c4fffffff,604038274796748799
861ea362fffffff,604021343498797055
861f98c27ffffff,604038205406183423
861e8b26fffffff,604019678125228031
863f20d37ffffff,604592913585799167
861f9dcefffffff,604038552359010303
861e8c297ffffff,604019747515793407
861e9949fffffff,604020649593143295
861eb48d7ffffff,604022523138408447
861f9ac77ffffff,604038344187314175
861ea474fffffff,604021417050111999
861e8424fffffff,604019196552019967
861e83227ffffff,604019127161454591
861e801afffffff,604018918989758463
861eb1957ffffff,604022319127461887
861ea679fffffff,604021555831242751
861f9bd97ffffff,604038417738629119
863f34127ffffff,604594236167290879
861ea06afffffff,604021139487850495
861ea3727ffffff,604021347659546623
861f98d1fffffff,604038209566932991
861e8b367ffffff,604019682285977599
861ea5777ffffff,604021486440677375
861f99d47ffffff,604038278957498367
861f8aaefffffff,604037238099017727
861f8bb17ffffff,604037307489583103
861e882efffffff,604019474114281471
861f9ad6fffffff,604038348348063743
861eb1a4fffffff,604022323288211455
861ea6897ffffff,604021559991992319
861e84347ffffff,604019200712769535
861e802a7ffffff,604018923150508031
861ea4847ffffff,604021421210861567
861e8331fffffff,604019131322204159
861e8b45fffffff,604019686446727167
861e8e4d7ffffff,604019894618423295
861ea07a7ffffff,604021143648600063
861e8c487ffffff,604019755837292543
861ea586fffffff,604021490601426943
861e812cfffffff,604018992541073407
861e9b6dfffffff,604020796695773183
863f3421fffffff,604594240328040447
861e9a6b7ffffff,604020727305207807
861eb5aefffffff,604022600850472959
861f8bc0fffffff,604037311650332671
861e8a437ffffff,604019617056161791
861e822f7ffffff,604019061931638783
861e9968fffffff,604020657914642431
861ea698fffffff,604021564152741887
861ea28efffffff,604021286590480383
861eb1b47ffffff,604022327448961023
861e8039fffffff,604018927311257599
861e8b557ffffff,604019690607476735
861ea089fffffff,604021147809349631
861e884dfffffff,604019482435780607
861e85467ffffff,604019274264084479
863f24097ffffff,604593134239743999
861e9a7afffffff,604020731465957375
863f34317ffffff,604594244488790015
861e8a52fffffff,604019621216911359
861e9d827ffffff,604020939637653503
861ea5967ffffff,604021494762176511
863f260e7ffffff,604593273020874751
861e83417ffffff,604019135482953727
861e99787ffffff,604020662075391999
861f8bd07ffffff,604037315811082239
861ea3917ffffff,604021355981045759
861ea6a87ffffff,604021568313491455
861ea4a37ffffff,604021429532360703
861ea0997ffffff,604021151970099199
861e84537ffffff,604019209034268671
861e8e6c7ffffff,604019902939922431
861e8555fffffff,604019278424834047
861f99007ffffff,604038222049181695
863f2418fffffff,604593138400493567
861e8a627ffffff,604019625377660927
863f35437ffffff,604594318040104959
861e8b64fffffff,604019694768226303
861e9d91fffffff,604020943798403071
861e8350fffffff,604019139643703295
861f9b057ffffff,604038360830312447
861f9a02fffffff,604038291439747071
861e9b8cfffffff,604020805017272319
861e8c677ffffff,604019764158791679
861e80497ffffff,604018931472007167
861e1642fffffff,604011645462642687
861ea5a5fffffff,604021498922926079
861f9e0cfffffff,604038569002008575
861e815b7ffffff,604019005023322111
861e8462fffffff,604019213195018239
861ea4b2fffffff,604021433693110271
861f980d7ffffff,604038156819365887
861ea2adfffffff,604021294911979519
861e8b747ffffff,604019698928975871
861f9b14fffffff,604038364991062015
861e886cfffffff,604019490757279743
863f3552fffffff,604594322200854527
861e8a71fffffff,604019629538410495
861e9da17ffffff,604020947959152639
861ea0a8fffffff,604021156130848767
861e85657ffffff,604019282585583615
861e83607ffffff,604019143804452863
861e8058fffffff,604018935632756735
861eb1d37ffffff,604022335770460159
861f9a127ffffff,604038295600496639
861ea5b57ffffff,604021503083675647
863f24287ffffff,604593142561243135
861e8c76fffffff,604019768319541247
863f34507ffffff,604594252810289151
861e99977ffffff,604020670396891135
861e84727ffffff,604019217355767807
861e8a817ffffff,604019633699160063
861ea6c77ffffff,604021576634990591
861e8e8b7ffffff,604019911261421567
861e816afffffff,604019009184071679
861ea5c4fffffff,604021507244425215
861ea4c27ffffff,604021437853859839
861e9db0fffffff,604020952119902207
861e80687ffffff,604018939793506303
861f9b247ffffff,604038369151811583
861ea0b87ffffff,604021160291598335
861e99a6fffffff,604020674557640703
861f9a21fffffff,604038299761246207
861e8574fffffff,604019286746333183
8638698efffffff,604474766417461247
861f9d297ffffff,604038507932942335
863f35627ffffff,604594326361604095
861e9aa97ffffff,604020743948206079
861ea6d6fffffff,604021580795740159
861e8481fffffff,604019221516517375
861f992efffffff,604038234531430399
861e8a90fffffff,604019637859909631
861ea2ccfffffff,604021303233478655
861f982c7ffffff,604038165140865023
861ea5d47ffffff,604021511405174783
861e8e9afffffff,604019915422171135
861e817a7ffffff,604019013344821247
863f24477ffffff,604593150882742271
861ea4d1fffffff,604021442014609407
861e8686fffffff,604019360297648127
861ea3cf7ffffff,604021372624044031
861f9a317ffffff,604038303921995775
861e8b937ffffff,604019707250475007
861e9bbb7ffffff,604020817499521023
861e99b67ffffff,604020678718390271
861e16717ffffff,604011657944891391
861e85847ffffff,604019290907082751
863f264c7ffffff,604593289663873023
863f3571fffffff,604594330522353663
861f9e3b7ffffff,604038581484257279
861f8a097ffffff,604037193672949759
861e80877ffffff,604018948115005439
861e84917ffffff,604019225677266943
861e838efffffff,604019156286701567
861ea0d77ffffff,604021168613097471
861e8aa07ffffff,604019642020659199
861e8eaa7ffffff,604019919582920703
863f2456fffffff,604593155043491839
861e86967ffffff,604019364458397695
861f8b1b7ffffff,604037267224264703
861e8189fffffff,604019017505570815
861f9b437ffffff,604038377473310719
861f9d487ffffff,604038516254441471
861e8ba2fffffff,604019711411224575
863f35817ffffff,604594334683103231
861e9ac87ffffff,604020752269705215
861f9c45fffffff,604038446863876095
861f8a18fffffff,604037197833699327
861ea1d9fffffff,604021238003662847
861e889b7ffffff,604019503239528447
863869adfffffff,604474774738960383
861eb5097ffffff,604022556424404991
861e8096fffffff,604018952275755007
861f994dfffffff,604038242852929535
861e84a0fffffff,604019229838016511
861e8eb9fffffff,604019923743670271
861eb10efffffff,604022283022893055
863f348e7ffffff,604594269453287423
861e86a5fffffff,604019368619147263
861f984b7ffffff,604038173462364159
861f8a287ffffff,604037201994448895
861f9b52fffffff,604038381634060287
861f8b2afffffff,604037271385014271
861e81997ffffff,604019021666320383
863f24667ffffff,604593159204241407
863f3590fffffff,604594338843852799
863f30847ffffff,604593991891025919
861e8bb27ffffff,604019715571974143
863f266b7ffffff,604593297985372159
861ea602fffffff,604021523887423487
861e83adfffffff,604019164608200703
861e8ec97ffffff,604019927904419839
861e84b07ffffff,604019233998766079
861e8bc1fffffff,604019719732723711
861e80a67ffffff,604018956436504575
861e86b57ffffff,604019372779896831
861ea5007ffffff,604021454496858111
861f985afffffff,604038177623113727
861eb5287ffffff,604022564745904127
863f2475fffffff,604593163364990975
861f8b3a7ffffff,604037275545763839
863f267afffffff,604593302146121727
861f9c64fffffff,604038455185375231
861e8cc47ffffff,604019789123289087
861f9b627ffffff,604038385794809855
861f9d677ffffff,604038524575940607
861e81a8fffffff,604019025827069951
861e82ab7ffffff,604019095217635327
861ea40d7ffffff,604021389267042303
861ea6127ffffff,604021528048173055
861f996cfffffff,604038251174428671
861e8ed8fffffff,604019932065169407
861ea2087ffffff,604021250485911551
861f986a7ffffff,604038181783863295
861f8b49fffffff,604037279706513407
861e85c27ffffff,604019307550081023
861e8bd17ffffff,604019723893473279
861e80b5fffffff,604018960597254143
861e9946fffffff,604020648787836927
863f35027ffffff,604594300591800319
861f9ac47ffffff,604038343382007807
861eb58cfffffff,604022591723667455
863f20d07ffffff,604592912780492799
861eb48a7ffffff,604022522333102079
861e86177ffffff,604019330367094783
861e8514fffffff,604019260976529407
86386d38fffffff,604475018209918975
863f24da7ffffff,604593190342754303
861e9a497ffffff,604020718178402303
861f99c1fffffff,604038273991442431
861e810afffffff,604018983414267903
861f9bc6fffffff,604038412772573183
861e80087ffffff,604018914023702527
861eb182fffffff,604022314161405951
861ea6677ffffff,604021550865186815
861e8e2b7ffffff,604019885491617791
861e8a217ffffff,604019607929356287
861ea0587ffffff,604021134521794559
861ea4627ffffff,604021412084056063
861e84127ffffff,604019191585964031
863f24857ffffff,604593167525740543
863f34ad7ffffff,604594277774786559
861e8acefffffff,604019654502907903
861eb12dfffffff,604022291344392191
861ea0037ffffff,604021111704780799
861e88c9fffffff,604019515721777151
861ea30afffffff,604021319876476927
863f268a7ffffff,604593306306871295
863f30a37ffffff,604594000212525055
861e82bafffffff,604019099378384895
861f8a477ffffff,604037210315948031
861e86c4fffffff,604019376940646399
861f9b71fffffff,604038389955559423
861f9a6f7ffffff,604038320564994047
861ea621fffffff,604021532208922623
861e84cf7ffffff,604019242320265215
861f9879fffffff,604038185944612863
863f2494fffffff,604593171686490111
861f9b817ffffff,604038394116308991
861e85d1fffffff,604019311710830591
861e80c57ffffff,604018964758003711
861ea012fffffff,604021115865530367
861e83ccfffffff,604019172929699839
861f8b597ffffff,604037283867262975
861e88d97ffffff,604019519882526719
863f25977ffffff,604593241077055487
863f30b2fffffff,604594004373274623
861ea31a7ffffff,604021324037226495
863f2699fffffff,604593310467620863
861e9b067ffffff,604020768912703487
861e86d47ffffff,604019381101395967
861ea6317ffffff,604021536369672191
861f9b90fffffff,604038398277058559
861e80d4fffffff,604018968918753279
861f8b68fffffff,604037288028012543
861ea42c7ffffff,604021397588541439
861ea2277ffffff,604021258807410687
861f98897ffffff,604038190105362431
861f8a667ffffff,604037218637447167
861e81d77ffffff,604019038309318655
863f26a97ffffff,604593314628370431
863f35cefffffff,604594355486851071
863f24a47ffffff,604593175847239679
861eb14cfffffff,604022299665891327
861ea329fffffff,604021328197976063
861f9a8e7ffffff,604038328886493183
863f34cc7ffffff,604594286096285695
861ea0227ffffff,604021120026279935
861ea52efffffff,604021466979106815
863f209a7ffffff,604592898284978175
861e9a137ffffff,604020703682887679
861e9b15fffffff,604020773073453055
861e9d1afffffff,604020911854583807
861e8e04fffffff,604019875156852735
861f9ba07ffffff,604038402437808127
861f8b787ffffff,604037292188762111
861ea236fffffff,604021262968160255
861ea640fffffff,604021540530421759
863f26b8fffffff,604593318789119999
861e9b257ffffff,604020777234202623
861eb5667ffffff,604022581388902399
861f8a75fffffff,604037222798196735
861f9898fffffff,604038194266111999
861ea031fffffff,604021124187029503
861ea3397ffffff,604021332358725631
861e9a22fffffff,604020707843637247
861f999b7ffffff,604038263656677375
861e99207ffffff,604020638453071871
861e9d2a7ffffff,604020916015333375
861ea44b7ffffff,604021405910040575
861e8e147ffffff,604019879317602303
861ea2467ffffff,604021267128909823
861ea0417ffffff,604021128347779071
861ea348fffffff,604021336519475199
861e8b0cfffffff,604019671145906175
861ea6507ffffff,604021544691171327
861e8a0a7ffffff,604019601755340799
861f98a87ffffff,604038198426861567
861f99aafffffff,604038267817426943
861f9aad7ffffff,604038337207992319
863f24c37ffffff,604593184168738815
861ea54dfffffff,604021475300605951
86386d21fffffff,604475012035903487
861eb575fffffff,604022585549651967
861e9b34fffffff,604020781394952191
863f26c87ffffff,604593322949869567
861ed6c87ffffff,604024875438309375
861e88057ffffff,604019462974210047
861f9eb77ffffff,604038614770253823
861e8c0f7ffffff,604019740536471551
861e9a327ffffff,604020712004386815
861e9d39fffffff,604020920176082943
861e86007ffffff,604019324193079295
861e840afffffff,604019189572698111
861ea45afffffff,604021410070790143
861ea255fffffff,604021271289659391
861ea050fffffff,604021132508528639
861e8000fffffff,604018912010436607
861ea3587ffffff,604021340680224767
861e8a19fffffff,604019605916090367
861e9a41fffffff,604020716165136383
863f24d2fffffff,604593188329488383
861e83087ffffff,604019120182132735
861f99ba7ffffff,604038271978176511
861e850d7ffffff,604019258963263487
861e9b447ffffff,604020785555701759
861eb17b7ffffff,604022312148140031
861e81037ffffff,604018981401001983
861eb5857ffffff,604022589710401535
861eb482fffffff,604022520319836159
863f25d57ffffff,604593257720053759
86386d317ffffff,604475016196653055
861ea46a7ffffff,604021414231539711
861e841a7ffffff,604019193733447679
861ea2657ffffff,604021275450408959
861e80107ffffff,604018916171186175
861e8e337ffffff,604019887639101439
861e8a297ffffff,604019610076839935
861ea66f7ffffff,604021553012670463
861eb18afffffff,604022316308889599
861f99c9fffffff,604038276138926079
861f98c77ffffff,604038206748360703
861f9bcefffffff,604038414920056831
861ea0607ffffff,604021136669278207
861e9a517ffffff,604020720325885951
861eb594fffffff,604022593871151103
861e8112fffffff,604018985561751551
861eb4927ffffff,604022524480585727
863f350a7ffffff,604594302739283967
861e994efffffff,604020650935320575
863f20d87ffffff,604592914927976447
86386936fffffff,604474742795141119
861f9acc7ffffff,604038345529491455
861ea479fffffff,604021418392289279
861ea274fffffff,604021279611158527
861e8429fffffff,604019197894197247
861e8a38fffffff,604019614237589503
861e8e42fffffff,604019891799851007
861e83277ffffff,604019128503631871
861e8b3b7ffffff,604019683628154879
861e9a60fffffff,604020724486635519
863f34177ffffff,604594237509468159
861e9b637ffffff,604020793877200895
861eb19a7ffffff,604022320469639167
861eb5a47ffffff,604022598031900671
861f98d6fffffff,604038210909110271
861f99d97ffffff,604038280299675647
861ea3777ffffff,604021349001723903
861e8224fffffff,604019059113066495
863f3519fffffff,604594306900033535
861e81227ffffff,604018989722501119
861e862efffffff,604019336675327999
861ea68e7ffffff,604021561334169599
861e84397ffffff,604019202054946815
861ea2847ffffff,604021283771908095
861e802f7ffffff,604018924492685311
861eb1a9fffffff,604022324630388735
861e8e527ffffff,604019895960600575
861e8336fffffff,604019132664381439
861ea4897ffffff,604021422553038847
861e8b4afffffff,604019687788904447
863f3426fffffff,604594241670217727
861e8c4d7ffffff,604019757179469823
861e88437ffffff,604019479617208319
861e9a707ffffff,604020728647385087
861e9b72fffffff,604020798037950463
861f8bc5fffffff,604037312992509951
861e82347ffffff,604019063273816063
861e8131fffffff,604018993883250687
861e8a487ffffff,604019618398339071
861e996dfffffff,604020659256819711
861eb0a77ffffff,604022255239823359
861e854b7ffffff,604019275606261759
861e8b5a7ffffff,604019691949654015
861eb1b97ffffff,604022328791138303
861e8e61fffffff,604019900121350143
861e81417ffffff,604018998044000255
863f34367ffffff,604594245830967295
861e8448fffffff,604019206215696383
861ea498fffffff,604021426713788415
861ea59b7ffffff,604021496104353791
861ea08efffffff,604021149151526911
861e9d877ffffff,604020940979830783
863f240e7ffffff,604593135581921279
861e8852fffffff,604019483777957887
861e83467ffffff,604019136825131007
863f26137ffffff,604593274363052031
861f8bd57ffffff,604037317153259519
861e9b827ffffff,604020802198700031
861eb0b6fffffff,604022259400572927
861eb4c0fffffff,604022536962834431
861ea6ad7ffffff,604021569655668735
861ea4a87ffffff,604021430874537983
861e855afffffff,604019279767011327
861e8e717ffffff,604019904282099711
861ea2a37ffffff,604021292093407231
861f99057ffffff,604038223391358975
861e84587ffffff,604019210376445951
861e8150fffffff,604019002204749823
861e8a677ffffff,604019626719838207
861f9802fffffff,604038154000793599
861e9d96fffffff,604020945140580351
861e88627ffffff,604019487938707455
863f35487ffffff,604594319382282239
861e8355fffffff,604019140985880575
861e8b69fffffff,604019696110403583
861e804e7ffffff,604018932814184447
861ea5aafffffff,604021500265103359
861f9b0a7ffffff,604038362172489727
861eb1c8fffffff,604022332951887871
861e8c6c7ffffff,604019765500968959
861e9b91fffffff,604020806359449599
861e9c947ffffff,604020875750014975
861eb4d07ffffff,604022541123583999
861ea2b2fffffff,604021296254156799
861e8a76fffffff,604019630880587775
861e8e80fffffff,604019908442849279
861e81607ffffff,604019006365499391
861f9914fffffff,604038227552108543
861e9da67ffffff,604020949301329919
861e8b797ffffff,604019700271153151
861e856a7ffffff,604019283927760895
861f98127ffffff,604038158161543167
861ea5ba7ffffff,604021504425852927
861e8871fffffff,604019492099457023
861f9a177ffffff,604038296942673919
861e83657ffffff,604019145146630143
861f9b19fffffff,604038366333239295
863f26327ffffff,604593282684551167
861e9ba17ffffff,604020810520199167
861ea0adfffffff,604021157473026047
863869847ffffff,604474763598888959
861f9e217ffffff,604038574504935423
861eb1d87ffffff,604022337112637439
861f8b8f7ffffff,604037298362777599
861e99377ffffff,604020644627087359
86386d297ffffff,604475014049169407
861e880cfffffff,604019464987475967
861e85057ffffff,604019256815779839
861f99b27ffffff,604038269830692863
861e9a39fffffff,604020714017652735
863f24cafffffff,604593186182004735
861eb1737ffffff,604022310000656383
861e8b147ffffff,604019673159172095
861ea3507ffffff,604021338532741119
861ea5557ffffff,604021477313871871
861e83007ffffff,604019118034649087
861e8a11fffffff,604019603768606719
861f9ab4fffffff,604038339221258239
861ea048fffffff,604021130361044991
861ea452fffffff,604021407923306495
861f9bb77ffffff,604038408611823615
861ea24dfffffff,604021269142175743
861e8402fffffff,604019187425214463
863f242d7ffffff,604593143903420415
863f34557ffffff,604594254152466431
861e84777ffffff,604019218697945087
861e8a867ffffff,604019635041337343
861ea6cc7ffffff,604021577977167871
861f99247ffffff,604038231712858111
861ea5c9fffffff,604021508586602495
861f9821fffffff,604038162322292735
861ea4c77ffffff,604021439196037119
861ea2c27ffffff,604021300414906367
861e806d7ffffff,604018941135683583
861e9db5fffffff,604020953462079487
861e8579fffffff,604019288088510463
861e8e907ffffff,604019912603598847
861e8b88fffffff,604019704431902719
861f9a26fffffff,604038301103423487
861f8b017ffffff,604037260244942847
861e8374fffffff,604019149307379711
861ea3c4fffffff,604021369805471743
863f2641fffffff,604593286845300735
861f9b297ffffff,604038370493988863
863f3464fffffff,604594258313215999
861e9bb0fffffff,604020814680948735
861f9d2e7ffffff,604038509275119615
861ed641fffffff,604024839333740543
861e83847ffffff,604019153468129279
861ea5d97ffffff,604021512747352063
861e8486fffffff,604019222858694655
861e8a95fffffff,604019639202086911
861ea0ccfffffff,604021165794525183
861ea2d1fffffff,604021304575655935
861f98317ffffff,604038166483042303
861ea4d6fffffff,604021443356786687
863f244c7ffffff,604593152224919551
861e85897ffffff,604019292249260031
861f9a367ffffff,604038305264173055
861e8b987ffffff,604019708592652287
861f9b38fffffff,604038374654738431
863f26517ffffff,604593291006050303
861f8b10fffffff,604037264405692415
861ea3d47ffffff,604021373966221311
861ed6517ffffff,604024843494490111
863f34747ffffff,604594262473965567
863869a37ffffff,604474771920388095
861f8a0e7ffffff,604037195015127039
861e808c7ffffff,604018949457182719
861e84967ffffff,604019227019444223
861e8aa57ffffff,604019643362836479
861eb1047ffffff,604022280204320767
861f99437ffffff,604038240034357247
861e8eaf7ffffff,604019920925097983
861f9840fffffff,604038170643791871
861e8598fffffff,604019296410009599
863869b2fffffff,604474776081137663
861f9d4d7ffffff,604038517596618751
861e9acd7ffffff,604020753611882495
861e869b7ffffff,604019365800574975
861f9b487ffffff,604038378815487999
861f8b207ffffff,604037268566441983
861e9dd4fffffff,604020961783578623
861e818efffffff,604019018847748095
863f2660fffffff,604593295166799871
863f35867ffffff,604594336025280511
861eb50e7ffffff,604022557766582271
861e83a37ffffff,604019161789628415
861e84a5fffffff,604019231180193791
861e8ab4fffffff,604019647523586047
863f34937ffffff,604594270795464703
861f9952fffffff,604038244195106815
861f8a2d7ffffff,604037203336626175
861f98507ffffff,604038174804541439
863f246b7ffffff,604593160546418687
861e82a0fffffff,604019092399063039
861e86aafffffff,604019369961324543
863f26707ffffff,604593299327549439
861e8bb77ffffff,604019716914151423
863f3595fffffff,604594340186030079
861e85a87ffffff,604019300570759167
861ea402fffffff,604021386448470015
861e8ece7ffffff,604019929246597119
861f99627ffffff,604038248355856383
861e80ab7ffffff,604018957778681855
861e83b2fffffff,604019165950377983
861e84b57ffffff,604019235340943359
861eb1237ffffff,604022288525819903
863f34a2fffffff,604594274956214271
861e8ac47ffffff,604019651684335615
861e8bc6fffffff,604019721074900991
861eb52d7ffffff,604022566088081407
863f247afffffff,604593164707168255
861e86ba7ffffff,604019374122074111
861ea5057ffffff,604021455839035391
861f9c69fffffff,604038456527552511
861ea3007ffffff,604021317057904639
861e8cc97ffffff,604019790465466367
861e82b07ffffff,604019096559812607
863f3098fffffff,604593997393952767
861f9b677ffffff,604038387136987135
861f9a64fffffff,604038317746421759
861e81adfffffff,604019027169247231
861e84c4fffffff,604019239501692927
861ea20d7ffffff,604021251828088831
861ea6177ffffff,604021529390350335
861eb132fffffff,604022292686569471
861f9971fffffff,604038252516605951
861e80bafffffff,604018961939431423
861f986f7ffffff,604038183126040575
861ea4127ffffff,604021390609219583
863f248a7ffffff,604593168867917823
861f8b4efffffff,604037281048690687
861e85c77ffffff,604019308892258303
861e83c27ffffff,604019170111127551
861e8bd67ffffff,604019725235650559
863f34b27ffffff,604594279116963839
861ea514fffffff,604021459999784959
861ea0087ffffff,604021113046958079
863f268f7ffffff,604593307649048575
861f9b76fffffff,604038391297736703
861e88cefffffff,604019517063954431
861f9c797ffffff,604038460688302079
861f8a4c7ffffff,604037211658125311
861e8cd8fffffff,604019794626215935
863f258cfffffff,604593238258483199
863f35b4fffffff,604594348507529215
861e9d00fffffff,604020904875261951
861f9a747ffffff,604038321907171327
861e84d47ffffff,604019243662442495
861ea626fffffff,604021533551099903
861f9b867ffffff,604038395458486271
861ea421fffffff,604021394769969151
863f2499fffffff,604593173028667391
861e85d6fffffff,604019313053007871
861e81ccfffffff,604019035490746367
861e83d1fffffff,604019174271877119
861e80ca7ffffff,604018966100180991
861e9a08fffffff,604020700864315391
861eb1427ffffff,604022296847319039
863f35c47ffffff,604594352668278783
861f99817ffffff,604038256677355519
863f34c1fffffff,604594283277713407
861e9b0b7ffffff,604020770254880767
861ea5247ffffff,604021464160534527
861e9d107ffffff,604020909036011519
861ea4317ffffff,604021398930718719
861ea6367ffffff,604021537711849471
861f9b95fffffff,604038399619235839
861ea22c7ffffff,604021260149587967
861f8b6dfffffff,604037289370189823
861e80d9fffffff,604018970260930559
861f988e7ffffff,604038191447539711
863f24a97ffffff,604593177189416959
861eb151fffffff,604022301008068607
861f9990fffffff,604038260838105087
861f8a6b7ffffff,604037219979624447
863f26ae7ffffff,604593315970547711
863f34d17ffffff,604594287438462975
861e9a187ffffff,604020705025064959
861e12c97ffffff,604011406689304575
861ea32efffffff,604021329540153343
861eae4a7ffffff,604022092836372479
861e9b1afffffff,604020774415630335
861f9a937ffffff,604038330228670463
861ea440fffffff,604021403091468287
861e8e09fffffff,604019876499030015
861f9ba57ffffff,604038403779985407
861e8b027ffffff,604019668327333887
861ea645fffffff,604021541872599039
861f9aa2fffffff,604038334389420031
861ea5437ffffff,604021472482033663
861e9b2a7ffffff,604020778576379903
861f99a07ffffff,604038264998854655
863f24b8fffffff,604593181350166527
861eb1617ffffff,604022305168818175
861e99257ffffff,604020639795249151
861f8a7afffffff,604037224140374015
861e9d2f7ffffff,604020917357510655
861eb56b7ffffff,604022582731079679
861e12d8fffffff,604011410850054143
861ea036fffffff,604021125529206783
861eae59fffffff,604022096997122047
863f25bb7ffffff,604593250740731903
861e84007ffffff,604019186754125823
861e8e197ffffff,604019880659779583
861f9bb4fffffff,604038407940734975
861ea4507ffffff,604021407252217855
861ea34dfffffff,604021337861652479
861ea24b7ffffff,604021268471087103
861ea6557ffffff,604021546033348607
861ea552fffffff,604021476642783231
861e8b11fffffff,604019672488083455
861ea0467ffffff,604021129689956351
861e8a0f7ffffff,604019603097518079
861f9ab27ffffff,604038338550169599
861eb170fffffff,604022309329567743
861f98ad7ffffff,604038199769038847
861e9b39fffffff,604020782737129471
863f24c87ffffff,604593185510916095
861e8502fffffff,604019256144691199
863f26cd7ffffff,604593324292046847
861e880a7ffffff,604019464316387327
86386d26fffffff,604475013378080767
861e9934fffffff,604020643955998719
861f8b8cfffffff,604037297691688959
861ed6cd7ffffff,604024876780486655
861eb57afffffff,604022586891829247
861e9a377ffffff,604020713346564095
861e86057ffffff,604019325535256575
861ea664fffffff,604021550194098175
861e8005fffffff,604018913352613887
861e8e28fffffff,604019884820529151
861ea055fffffff,604021133850705919
861eb1807ffffff,604022313490317311
861ea25afffffff,604021272631836671
861f9bc47ffffff,604038412101484543
861e81087ffffff,604018982743179263
861e8b217ffffff,604019676648833023
861e9a46fffffff,604020717507313663
861e9b497ffffff,604020786897879039
861e830d7ffffff,604019121524310015
861e85127ffffff,604019260305440767
861e8819fffffff,604019468477136895
863f25da7ffffff,604593259062231039
861e8614fffffff,604019329696006143
861ea5627ffffff,604021480803532799
86386d367ffffff,604475017538830335
861e99447ffffff,604020648116748287
861eb3857ffffff,604022452271448063
861eb58a7ffffff,604022591052578815
861f9ac1fffffff,604038342710919167
861ea26a7ffffff,604021276792586239
861ea46f7ffffff,604021415573716991
861e8a2e7ffffff,604019611419017215
861ea6747ffffff,604021554354847743
861e8e387ffffff,604019888981278719
861e80157ffffff,604018917513363455
861ea36cfffffff,604021346183151615
861ed6c07ffffff,604024873290825727
861e12db7ffffff,604011411521142783
863f26c07ffffff,604593320802385919
861e9d31fffffff,604020918028599295
861ea0397ffffff,604021126200295423
861e9b2cfffffff,604020779247468543
861ea545fffffff,604021473153122303
861eb56dfffffff,604022583402168319
861e9a2a7ffffff,604020709856903167
861f99a2fffffff,604038265669943295
861f98a07ffffff,604038196279377919
861ea6487ffffff,604021542543687679
861e8b04fffffff,604019668998422527
863f24bb7ffffff,604593182021255167
861ea340fffffff,604021334371991551
861f9aa57ffffff,604038335060508671
861e8a027ffffff,604019599607857151
861e8e0c7ffffff,604019877170118655
861ea4437ffffff,604021403762556927
861f98cc7ffffff,604038208090537983
861f99cefffffff,604038277481103359
861e8b30fffffff,604019680809582591
861eb4977ffffff,604022525822763007
863f340cfffffff,604594234690895871
861e9a567ffffff,604020721668063231
861e9b58fffffff,604020791058628607
861e86247ffffff,604019333856755711
861ea0657ffffff,604021138011455487
861e88297ffffff,604019472637886463
861ea571fffffff,604021484964282367
861eb394fffffff,604022456432197631
861f8aa97ffffff,604037236622622719
863f350f7ffffff,604594304081461247
861eb599fffffff,604022595213328383
861ea279fffffff,604021280953335807
861e842efffffff,604019199236374527
861e8024fffffff,604018921674113023
861e8b407ffffff,604019684970332159
861ea5817ffffff,604021489125031935
861e9b687ffffff,604020795219378175
861e9a65fffffff,604020725828812799
861e832c7ffffff,604019129845809151
861e8c42fffffff,604019754360897535
861e81277ffffff,604018991064678399
861ea074fffffff,604021142172205055
861f8bbb7ffffff,604037310173937663
861e8838fffffff,604019476798636031
861eb5a97ffffff,604022599374077951
861f8ab8fffffff,604037240783372287
861e85317ffffff,604019268626939903
861e99637ffffff,604020656438247423
861e8229fffffff,604019060455243775
861eb3a47ffffff,604022460592947199
861ea6937ffffff,604021562676346879
861eb1aefffffff,604022325972566015
861e8e577ffffff,604019897302777855
861ea2897ffffff,604021285114085375
861ea48e7ffffff,604021423895216127
861e80347ffffff,604018925834862591
861e8540fffffff,604019272787689471
861e88487ffffff,604019480959385599
861ea0847ffffff,604021146332954623
861e9a757ffffff,604020729989562367
861ea590fffffff,604021493285781503
863f2608fffffff,604593271544479743
861f8bcafffffff,604037314334687231
861e8c527ffffff,604019758521647103
861eb5b8fffffff,604022603534827519
861e8a4d7ffffff,604019619740516351
861e8136fffffff,604018995225427967
861e894afffffff,604019550349950975
86386d64fffffff,604475030021079039
861ea6a2fffffff,604021566837096447
861ea298fffffff,604021289274834943
861e8e66fffffff,604019901463527423
861e85507ffffff,604019276948439039
861e844dfffffff,604019207557873663
861e81467ffffff,604018999386177535
863f24137ffffff,604593136924098559
863f26187ffffff,604593275705229311
863f343b7ffffff,604594247173144575
861e9d8c7ffffff,604020942322008063
861ea5a07ffffff,604021497446531071
861e8c61fffffff,604019762682396671
861ea39b7ffffff,604021358665400319
861e834b7ffffff,604019138167308287
861f8bda7ffffff,604037318495436799
86386d747ffffff,604475034181828607
861e9b877ffffff,604020803540877311
861ea6b27ffffff,604021570997846015
861ea4ad7ffffff,604021432216715263
861e8e767ffffff,604019905624276991
861ea2a87ffffff,604021293435584511
861f990a7ffffff,604038224733536255
861e8155fffffff,604019003546927103
861e8a6c7ffffff,604019628062015487
861ea0a37ffffff,604021154654453759
861e88677ffffff,604019489280884735
861e8b6efffffff,604019697452580863
861e80537ffffff,604018934156361727
861eb1cdfffffff,604022334294065151
861e8c717ffffff,604019766843146239
863f354d7ffffff,604594320724459519
861e835afffffff,604019142328057855
861f9b0f7ffffff,604038363514667007
861e164cfffffff,604011648146997247
861eb4d57ffffff,604022542465761279
861f9a0cfffffff,604038294124101631
861ea6c1fffffff,604021575158595583
861e846cfffffff,604019215879372799
861e8e85fffffff,604019909785026559
861e8062fffffff,604018938317111295
861e81657ffffff,604019007707676671
861f9919fffffff,604038228894285823
861f98177ffffff,604038159503720447
861ea0b2fffffff,604021158815203327
861e856f7ffffff,604019285269938175
861e9dab7ffffff,604020950643507199
861e8876fffffff,604019493441634303
863f24327ffffff,604593145245597695
861f9e267ffffff,604038575847112703
863f26377ffffff,604593284026728447
861e836a7ffffff,604019146488807423
861e9ba67ffffff,604020811862376447
861e99a17ffffff,604020673081245695
861f99297ffffff,604038233055035391
861ea0c27ffffff,604021162975952895
861ea6d17ffffff,604021579319345151
861ea4cc7ffffff,604021440538214399
861e8a8b7ffffff,604019636383514623
861ea2c77ffffff,604021301757083647
861ea5cefffffff,604021509928779775
861e80727ffffff,604018942477860863
861f9826fffffff,604038163664470015
861ea3c9fffffff,604021371147649023
861e8e957ffffff,604019913945776127
861e8174fffffff,604019011868426239
861e8b8dfffffff,604019705774079999
863f2441fffffff,604593149406347263
861e9dbafffffff,604020954804256767
861f9b2e7ffffff,604038371836166143
863f2646fffffff,604593288187478015
861e86817ffffff,604019358821253119
861f8b067ffffff,604037261587120127
861e9bb5fffffff,604020816023126015
861e99b0fffffff,604020677241995263
861e8379fffffff,604019150649556991
861f9e35fffffff,604038580007862271
861ea0d1fffffff,604021167136702463
861e8a9afffffff,604019640544264191
861e8081fffffff,604018946638610431
861f9938fffffff,604038237215784959
861ea2d6fffffff,604021305917833215
861e83897ffffff,604019154810306559
861ea3d97ffffff,604021375308398591
861e8690fffffff,604019362982002687
861f98367ffffff,604038167825219583
861e8ea4fffffff,604019918106525695
863f26567ffffff,604593292348227583
863f24517ffffff,604593153567096831
861f8b15fffffff,604037265747869695
861e858e7ffffff,604019293591437311
861f9a3b7ffffff,604038306606350335
861f9d42fffffff,604038514778046463
861e167b7ffffff,604011660629245951
861e8286fffffff,604019085419741183
861ed6567ffffff,604024844836667391
861e9ac2fffffff,604020750793310207
861e849b7ffffff,604019228361621503
861e8aaa7ffffff,604019644705013759
861e80917ffffff,604018950799359999
861e8398fffffff,604019158971056127
861f99487ffffff,604038241376534527
861f9845fffffff,604038171985969151
861e8eb47ffffff,604019922267275263
863f3488fffffff,604594267976892415
861eb1097ffffff,604022281546498047
861e86a07ffffff,604019367142752255
861f8a22fffffff,604037200518053887
861e8bacfffffff,604019714095579135
863f2460fffffff,604593157727846399
863f358b7ffffff,604594337367457791
861f8b257ffffff,604037269908619263
861e9bd4fffffff,604020824344625151
861e82967ffffff,604019089580490751
861f9d527ffffff,604038518938796031
861f9b4d7ffffff,604038380157665279
861e84aafffffff,604019232522371071
861e8ab9fffffff,604019648865763327
861e83a87ffffff,604019163131805695
861e80a0fffffff,604018954960109567
863f34987ffffff,604594272137641983
861eb118fffffff,604022285707247615
863f24707ffffff,604593161888595967
861f98557ffffff,604038176146718719
861e82a5fffffff,604019093741240319
861eb522fffffff,604022563269509119
863f359afffffff,604594341528207359
861f8a327ffffff,604037204678803455
863f26757ffffff,604593300669726719
863f308e7ffffff,604593994575380479
861f9e647ffffff,604038592490110975
861ea202fffffff,604021249009516543
861f99677ffffff,604038249698033663
861e84ba7ffffff,604019236683120639
861e8ed37ffffff,604019930588774399
861ea60cfffffff,604021526571778047
861f9864fffffff,604038180307468287
861e80b07ffffff,604018959120859135
861f8b447ffffff,604037278230118399
861eb1287ffffff,604022289867997183
861ea50a7ffffff,604021457181212671
863f2684fffffff,604593304830476287
861e8ac97ffffff,604019653026512895
861e82b57ffffff,604019097901989887
863f25827ffffff,604593235439910911
861eb5327ffffff,604022567430258687
861f9c6efffffff,604038457869729791
861ea3057ffffff,604021318400081919
861f8a41fffffff,604037208839553023
861e8cce7ffffff,604019791807643647
861e88c47ffffff,604019514245382143
861eb025fffffff,604022220477431807
861f9d717ffffff,604038527260295167
861f9a69fffffff,604038319088599039
861ea2127ffffff,604021253170266111
861f9976fffffff,604038253858783231
861ea4177ffffff,604021391951396863
861e84c9fffffff,604019240843870207
861f98747ffffff,604038184468217855
861e8bdb7ffffff,604019726577827839
861e83c77ffffff,604019171453304831
861e85cc7ffffff,604019310234435583
863f248f7ffffff,604593170210095103
863f34b77ffffff,604594280459141119
861ea519fffffff,604021461341962239
861e8ad8fffffff,604019657187262463
861e81c27ffffff,604019032672174079
861ea00d7ffffff,604021114389135359
863f2591fffffff,604593239600660479
863f26947ffffff,604593308991225855
861e9b00fffffff,604020767436308479
861ea314fffffff,604021322560831487
861e9d05fffffff,604020906217439231
861e84d97ffffff,604019245004619775
861ea221fffffff,604021257331015679
861ea426fffffff,604021396112146431
861e83d6fffffff,604019175614054399
863f35c97ffffff,604594354010456063
861f9b8b7ffffff,604038396800663551
861f8b637ffffff,604037286551617535
861e80cf7ffffff,604018967442358271
861e81d1fffffff,604019036832923647
861eb1477ffffff,604022298189496319
863f34c6fffffff,604594284619890687
861e9a0dfffffff,604020702206492671
861ea3317ffffff,604021330211241983
861ea029fffffff,604021122039545855
861f9890fffffff,604038192118628351
861ea5367ffffff,604021468992372735
861f99937ffffff,604038261509193727
861e9a1afffffff,604020705696153599
861e9d227ffffff,604020913867849727
861f9a95fffffff,604038330899759103
863f35d67ffffff,604594357500116991
861eb1547ffffff,604022301679157247
863f26b0fffffff,604593316641636351
861f8b707ffffff,604037290041278463
861f8a6dfffffff,604037220650713087
861f9b987ffffff,604038400290324479
861ea22efffffff,604021260820676607
861ea638fffffff,604021538382938111
861f99867ffffff,604038258019532799
861f8a60fffffff,604037217161052159
861e9d157ffffff,604020910378188799
861f9a88fffffff,604038327410098175
861ea5297ffffff,604021465502711807
861e9b107ffffff,604020771597058047
861ea4367ffffff,604021400272895999
861ea63b7ffffff,604021539054026751
861ea2317ffffff,604021261491765247
861f9b9afffffff,604038400961413119
863f35d8fffffff,604594358171205631
863f34d67ffffff,604594288780640255
863f26b37ffffff,604593317312724991
861eb156fffffff,604022302350245887
861f8b72fffffff,604037290712367103
861f9995fffffff,604038262180282367
861e9d24fffffff,604020914538938367
861eb560fffffff,604022579912507391
863f24ae7ffffff,604593178531594239
861ea538fffffff,604021469663461375
861f8a707ffffff,604037221321801727
86386d0cfffffff,604475006398758911
861f98937ffffff,604038192789716991
861f9a987ffffff,604038331570847743
861ea445fffffff,604021404433645567
861e8e0efffffff,604019877841207295
861e8a04fffffff,604019600278945791
861ea240fffffff,604021265652514815
861f9baa7ffffff,604038405122162687
861ea3437ffffff,604021335043080191
861e8b077ffffff,604019669669511167
861ea5487ffffff,604021473824210943
861eb1667ffffff,604022306510995455
861ea64afffffff,604021543214776319
861f99a57ffffff,604038266341031935
861e9b2f7ffffff,604020779918557183
861e9a2cfffffff,604020710527991807
861e9d347ffffff,604020918699687935
861f98a2fffffff,604038196950466559
861e8c09fffffff,604019739060076543
861eb5707ffffff,604022584073256959
863f26c2fffffff,604593321473474559
863f25c07ffffff,604593252082909183
861e84057ffffff,604019188096303103
861ea4557ffffff,604021408594395135
861ea04b7ffffff,604021131032133631
861e8a147ffffff,604019604439695359
861e8302fffffff,604019118705737727
861f9bb9fffffff,604038409282912255
861ea2507ffffff,604021269813264383
861f9ab77ffffff,604038339892346879
861ea65a7ffffff,604021547375525887
861ea352fffffff,604021339203829759
861e8b16fffffff,604019673830260735
863f24cd7ffffff,604593186853093375
861eb175fffffff,604022310671745023
861f98b27ffffff,604038201111216127
861f99b4fffffff,604038270501781503
861e8c197ffffff,604019743220826111
861e880f7ffffff,604019465658564607
863f20c37ffffff,604592909290831871
861e8414fffffff,604019192257052671
861ea464fffffff,604021412755144703
861ea05afffffff,604021135192883199
861e83127ffffff,604019122866487295
861eb1857ffffff,604022314832494591
861e8e2dfffffff,604019886162706431
861e800afffffff,604018914694791167
861ea669fffffff,604021551536275455
861f9bc97ffffff,604038413443661823
861ea3627ffffff,604021343364579327
861e810d7ffffff,604018984085356543
863f34027ffffff,604594231872323583
861e9b4e7ffffff,604020788240056319
861f98c1fffffff,604038205271965695
861f99c47ffffff,604038274662531071
861e85177ffffff,604019261647618047
861e8b267ffffff,604019677991010303
86386d3b7ffffff,604475018881007615
861f9ac6fffffff,604038344053096447
863f20d2fffffff,604592913451581439
861eb58f7ffffff,604022592394756095
861ea5677ffffff,604021482145710079
861e99497ffffff,604020649458925567
861eb48cfffffff,604022523004190719
861ea26f7ffffff,604021278134763519
861ea4747ffffff,604021416915894271
861e84247ffffff,604019196417802239
861e8a337ffffff,604019612761194495
861e801a7ffffff,604018918855540735
861eb194fffffff,604022318993244159
861e8321fffffff,604019127027236863
861ea6797ffffff,604021555697025023
861f9bd8fffffff,604038417604411391
861ea06a7ffffff,604021139353632767
861ea371fffffff,604021347525328895
863f3411fffffff,604594236033073151
861e8b35fffffff,604019682151759871
861e9a5b7ffffff,604020723010240511
861f98d17ffffff,604038209432715263
861ea576fffffff,604021486306459647
861f8aae7ffffff,604037237964799999
861e882e7ffffff,604019473980063743
861eb1a47ffffff,604022323153993727
861ea688fffffff,604021559857774591
861e8029fffffff,604018923016290303
861e8b457ffffff,604019686312509439
861e8e4cfffffff,604019894484205567
861e83317ffffff,604019131187986431
861ea079fffffff,604021143514382335
861e9b6d7ffffff,604020796561555455
861e9a6afffffff,604020727170990079
861ea5867ffffff,604021490467209215
863f34217ffffff,604594240193822719
861e812c7ffffff,604018992406855679
861e8a42fffffff,604019616921944063
861eb5ae7ffffff,604022600716255231
861f8bc07ffffff,604037311516114943
861e822efffffff,604019061797421055
861ea3817ffffff,604021351686078463
861e9865fffffff,604020588389859327
861e99687ffffff,604020657780424703
861e8638fffffff,604019339359682559
861ea6987ffffff,604021564018524159
861ea28e7ffffff,604021286456262655
861e8b54fffffff,604019690473259007
861e80397ffffff,604018927177039871
861ea0897ffffff,604021147675131903
861e84437ffffff,604019204739301375
861e884d7ffffff,604019482301562879
861e8545fffffff,604019274129866751
861e9a7a7ffffff,604020731331739647
863f2408fffffff,604593134105526271
863f3430fffffff,604594244354572287
861ea4937ffffff,604021425237393407
861ea595fffffff,604021494627958783
861e8a527ffffff,604019621082693631
861e9d81fffffff,604020939503435775
861e8c577ffffff,604019759863824383
861e8340fffffff,604019135348735999
863f260dfffffff,604593272886657023
861eb4bb7ffffff,604022535486439423
861e8452fffffff,604019208900050943
861ea4a2fffffff,604021429398142975
861e814b7ffffff,604019000728354815
861ea098fffffff,604021151835881471
861e85557ffffff,604019278290616319
863f24187ffffff,604593138266275839
861e8a61fffffff,604019625243443199
861f9b04fffffff,604038360696094719
861e8b647ffffff,604019694634008575
863f3542fffffff,604594317905887231
861e83507ffffff,604019139509485567
861e9d917ffffff,604020943664185343
861f9a027ffffff,604038291305529343
861e8048fffffff,604018931337789439
861eb1c37ffffff,604022331475492863
861e9b8c7ffffff,604020804883054591
861ea5a57ffffff,604021498788708351
861e16427ffffff,604011645328424959
861e8c66fffffff,604019764024573951
861e9a89fffffff,604020735492489215
861f9e0c7ffffff,604038568867790847
861ea6b77ffffff,604021572340023295
861e84627ffffff,604019213060800511
861f980cfffffff,604038156685148159
861ea4b27ffffff,604021433558892543
861ea2ad7ffffff,604021294777761791
861e815afffffff,604019004889104383
861e8e7b7ffffff,604019906966454271
861f990f7ffffff,604038226075713535
861f9b147ffffff,604038364856844287
863f35527ffffff,604594322066636799
861e886c7ffffff,604019490623062015
861e8a717ffffff,604019629404192767
861e9da0fffffff,604020947824934911
861ea0a87ffffff,604021155996631039
861eb1d2fffffff,604022335636242431
861f9a11fffffff,604038295466278911
861e80587ffffff,604018935498539007
861e8564fffffff,604019282451365887
861e8c767ffffff,604019768185323519
861f9d197ffffff,604038503637975039
861e1651fffffff,604011649489174527
861ea5b4fffffff,604021502949457919
861e9996fffffff,604020670262673407
861ea6c6fffffff,604021576500772863
861e8a80fffffff,604019633564942335
861e8471fffffff,604019217221550079
861ea5c47ffffff,604021507110207487
861e8e8afffffff,604019911127203839
861e816a7ffffff,604019009049853951
861ea4c1fffffff,604021437719642111
861e9db07ffffff,604020951985684479
861e8b837ffffff,604019702955507711
861e99a67ffffff,604020674423422975
861e85747ffffff,604019286612115455
861f9a217ffffff,604038299627028479
861e9bab7ffffff,604020813204553727
861e836f7ffffff,604019147830984703
861f9e2b7ffffff,604038577189289983
861f9d28fffffff,604038507798724607
863f24377ffffff,604593146587774975
8638698e7ffffff,604474766283243519
861e9aa8fffffff,604020743813988351
861e84817ffffff,604019221382299647
861ea6d67ffffff,604021580661522431
861f992e7ffffff,604038234397212671
861ea0c77ffffff,604021164318130175
861e8a907ffffff,604019637725691903
861e8179fffffff,604019013210603519
861ea2cc7ffffff,604021303099260927
861e80777ffffff,604018943820038143
861e8e9a7ffffff,604019915287953407
863f2446fffffff,604593150748524543
861f8b0b7ffffff,604037262929297407
861e86867ffffff,604019360163430399
861f9b337ffffff,604038373178343423
861ea4d17ffffff,604021441880391679
861ea3cefffffff,604021372489826303
861f9a30fffffff,604038303787778047
861e99b5fffffff,604020678584172543
861e8b92fffffff,604019707116257279
863f35717ffffff,604594330388135935
861e9bbafffffff,604020817365303295
861f9e3afffffff,604038581350039551
861f8a08fffffff,604037193538732031
861e1670fffffff,604011657810673663
861e888b7ffffff,604019498944561151
863f346efffffff,604594260997570559
861e838e7ffffff,604019156152483839
861e8490fffffff,604019225543049215
861e8086fffffff,604018947980787711
861ea0d6fffffff,604021168478879743
861e8ea9fffffff,604019919448702975
861f983b7ffffff,604038169167396863
863f24567ffffff,604593154909274111
861e8695fffffff,604019364324179967
861f8b1afffffff,604037267090046975
861e85937ffffff,604019294933614591
863f20927ffffff,604592896137494527
861ea321fffffff,604021326050492415
861ea526fffffff,604021464831623167
861e9d12fffffff,604020909707100159
863f30ba7ffffff,604594006386540543
863f35c6fffffff,604594353339367423
861f98817ffffff,604038187957878783
861e9b0dfffffff,604020770925969407
861f9a867ffffff,604038326739009535
861e9a0b7ffffff,604020701535404031
863f34c47ffffff,604594283948802047
863f26a17ffffff,604593312480886783
861eb144fffffff,604022297518407679
861f8b60fffffff,604037285880528895
861e80ccfffffff,604018966771269631
861e81cf7ffffff,604019036161835007
861f9b88fffffff,604038396129574911
861ea01a7ffffff,604021117878796287
861e83d47ffffff,604019174942965759
861ea4247ffffff,604021395441057791
861e85d97ffffff,604019313724096511
861ea6297ffffff,604021534222188543
861e84d6fffffff,604019244333531135
861e81897ffffff,604019017371353087
861ed65b7ffffff,604024846178844671
863f265b7ffffff,604593293690404863
861e8ba27ffffff,604019711277006847
861f9b42fffffff,604038377339092991
861f8a187ffffff,604037197699481599
861ea1d97ffffff,604021237869445119
863f3580fffffff,604594334548885503
863869ad7ffffff,604474774604742655
861eb508fffffff,604022556290187263
861e80967ffffff,604018952141537279
861e8aaf7ffffff,604019646047191039
861f994d7ffffff,604038242718711807
861e84a07ffffff,604019229703798783
861e8eb97ffffff,604019923609452543
861eb10e7ffffff,604022282888675327
863f348dfffffff,604594269319069695
861f984afffffff,604038173328146431
861e86a57ffffff,604019368484929535
861f9b527ffffff,604038381499842559
863f35907ffffff,604594338709635071
861f8b2a7ffffff,604037271250796543
861e8bb1fffffff,604019715437756415
861e8198fffffff,604019021532102655
861f9d577ffffff,604038520280973311
863f2465fffffff,604593159070023679
863f266afffffff,604593297851154431
861ea6027ffffff,604021523753205759
861e8ec8fffffff,604019927770202111
861e83ad7ffffff,604019164473982975
861e8bc17ffffff,604019719598505983
861e80a5fffffff,604018956302286847
861e86b4fffffff,604019372645679103
863f24757ffffff,604593163230773247
861f985a7ffffff,604038177488895999
861f8b39fffffff,604037275411546111
863f267a7ffffff,604593302011903999
863f30937ffffff,604593995917557759
861f8a377ffffff,604037206020980735
861e82aafffffff,604019095083417599
861f9c647ffffff,604038455051157503
861f9d66fffffff,604038524441722879
861e81a87ffffff,604019025692852223
861f9b61fffffff,604038385660592127
861f996c7ffffff,604038251040210943
861ea40cfffffff,604021389132824575
861e8ed87ffffff,604019931930951679
861ea611fffffff,604021527913955327
861f9869fffffff,604038181649645567
861e85c1fffffff,604019307415863295
861e80b57ffffff,604018960463036415
863f34acfffffff,604594277640568831
861f8b497ffffff,604037279572295679
861e8bd0fffffff,604019723759255551
863f2484fffffff,604593167391522815
861e8ace7ffffff,604019654368690175
861eb12d7ffffff,604022291210174463
861ea002fffffff,604021111570563071
861e88c97ffffff,604019515587559423
861ea50f7ffffff,604021458523389951
861ea30a7ffffff,604021319742259199
861eb5377ffffff,604022568772435967
863f2689fffffff,604593306172653567
863f25877ffffff,604593236782088191
863f30a2fffffff,604594000078307327
861f9a6efffffff,604038320430776319
861e82ba7ffffff,604019099244167167
861e86c47ffffff,604019376806428671
861f9b717ffffff,604038389821341695
861ea2177ffffff,604021254512443391
861e84cefffffff,604019242186047487
861ea6217ffffff,604021532074704895
863f24947ffffff,604593171552272383
861f9b80fffffff,604038393982091263
861e85d17ffffff,604019311576612863
861f98797ffffff,604038185810395135
861e80c4fffffff,604018964623785983
861ea0127ffffff,604021115731312639
861f8b58fffffff,604037283733045247
861e83cc7ffffff,604019172795482111
861e81c77ffffff,604019034014351359
861ea319fffffff,604021323903008767
861e88d8fffffff,604019519748308991
863f30b27ffffff,604594004239056895
863f2596fffffff,604593240942837759
861e9b05fffffff,604020768778485759
861e9a037ffffff,604020699387920383
863f26997ffffff,604593310333403135
861eb546fffffff,604022572933185535
861ea630fffffff,604021536235454463
861f9b907ffffff,604038398142840831
861f8b687ffffff,604037287893794815
861e80d47ffffff,604018968784535551
861ea226fffffff,604021258673192959
861f8a65fffffff,604037218503229439
863f35ce7ffffff,604594355352633343
861f9888fffffff,604038189971144703
861e81d6fffffff,604019038175100927
861eb14c7ffffff,604022299531673599
861f9a8dfffffff,604038328752275455
861ea3297ffffff,604021328063758335
863f26a8fffffff,604593314494152703
861f998b7ffffff,604038259361710079
861ea52e7ffffff,604021466844889087
861ea021fffffff,604021119892062207
861e9a12fffffff,604020703548669951
861e9b157ffffff,604020772939235327
861e9d1a7ffffff,604020911720366079
861ea43b7ffffff,604021401615073279
861e8e047ffffff,604019875022635007
861ea2367ffffff,604021262833942527
863f24b37ffffff,604593179873771519
861ea6407ffffff,604021540396204031
863f26b87ffffff,604593318654902271
861eb565fffffff,604022581254684671
861e9b24fffffff,604020777099984895
861f98987ffffff,604038194131894271
861f8a757ffffff,604037222663979007
861ea0317ffffff,604021124052811775
861f999afffffff,604038263522459647
861e9a227ffffff,604020707709419519
861ea338fffffff,604021332224507903
863f34db7ffffff,604594290122817535
861f9ea77ffffff,604038610475286527
861e12d37ffffff,604011409373659135
861ea44afffffff,604021405775822847
861ea245fffffff,604021266994692095
861ea3487ffffff,604021336385257471
861ea040fffffff,604021128213561343
861f9baf7ffffff,604038406464339967
861e8b0c7ffffff,604019671011688447
861f99aa7ffffff,604038267683209215
863f24c2fffffff,604593184034521087
861f9aacfffffff,604038337073774591
861e8a09fffffff,604019601621123071
861ea54d7ffffff,604021475166388223
861eb5757ffffff,604022585415434239
86386d217ffffff,604475011901685759
861e9b347ffffff,604020781260734463
861eb16b7ffffff,604022307853172735
861e9a31fffffff,604020711870169087
861f9eb6fffffff,604038614636036095
861e8c0efffffff,604019740402253823
861e8804fffffff,604019462839992319
861e992f7ffffff,604020642479603711
861e9d397ffffff,604020920041865215
861e840a7ffffff,604019189438480383
861ea45a7ffffff,604021409936572415
861ea0507ffffff,604021132374310911
861e80007ffffff,604018911876218879
861ea2557ffffff,604021271155441663
861e8e237ffffff,604019883344134143
861f99b9fffffff,604038271843958783
861e8a197ffffff,604019605781872639
861e9a417ffffff,604020716030918655
863f24d27ffffff,604593188195270655
861eb17afffffff,604022312013922303
861f98b77ffffff,604038202453393407
861eb584fffffff,604022589576183807
861eb4827ffffff,604022520185618431
861e850cfffffff,604019258829045759
861e8102fffffff,604018981266784255
863f25d4fffffff,604593257585836031
86386d30fffffff,604475016062435327
863f26d77ffffff,604593326976401407
861ea469fffffff,604021414097321983
861ea264fffffff,604021275316191231
861e8419fffffff,604019193599229951
861e8a28fffffff,604019609942622207
861e83177ffffff,604019124208664575
861ea66efffffff,604021552878452735
861e8e32fffffff,604019887504883711
861e8b2b7ffffff,604019679333187583
861eb18a7ffffff,604022316174671871
861f98c6fffffff,604038206614142975
861f99c97ffffff,604038276004708351
861f9bce7ffffff,604038414785839103
863f34077ffffff,604594233214500863
861e9a50fffffff,604020720191668223
861ea3677ffffff,604021344706756607
861eb5947ffffff,604022593736933375
861e81127ffffff,604018985427533823
861eb491fffffff,604022524346367999
863f3509fffffff,604594302605066239
861e9b537ffffff,604020789582233599
863869367ffffff,604474742660923391
861e994e7ffffff,604020650801102847
861e8214fffffff,604019054818099199
861ea4797ffffff,604021418258071551
861ea2747ffffff,604021279476940799
861e84297ffffff,604019197759979519
861e8e427ffffff,604019891665633279
861e8326fffffff,604019128369414143
861e8a387ffffff,604019614103371775
863f3416fffffff,604594237375250431
861e9a607ffffff,604020724352417791
861eb199fffffff,604022320335421439
861e8b3afffffff,604019683493937151
861e9b62fffffff,604020793742983167
861ea06f7ffffff,604021140695810047
861f98d67ffffff,604038210774892543
861f99d8fffffff,604038280165457919
861e8121fffffff,604018989588283391
863f35197ffffff,604594306765815807
861e82247ffffff,604019058978848767
861ea376fffffff,604021348867506175
861e862e7ffffff,604019336541110271
861e8438fffffff,604019201920729087
861ea68dfffffff,604021561199951871
861eb1a97ffffff,604022324496171007
861e802efffffff,604018924358467583
861e83367ffffff,604019132530163711
861e8e51fffffff,604019895826382847
861ea488fffffff,604021422418821119
861e8b4a7ffffff,604019687654686719
861ea58b7ffffff,604021491809386495
863f34267ffffff,604594241535999999
861e8c4cfffffff,604019757045252095
861e8842fffffff,604019479482990591
863f26037ffffff,604593270068084735
861eb5b37ffffff,604022602058432511
861f8bc57ffffff,604037312858292223
861e9b727ffffff,604020797903732735
861e853b7ffffff,604019271311294463
861e81317ffffff,604018993749032959
861eb0a6fffffff,604022255105605631
861eb1b8fffffff,604022328656920575
861ea2937ffffff,604021287798439935
861e854afffffff,604019275472044031
861e8b59fffffff,604019691815436287
861e8e617ffffff,604019899987132415
861e8140fffffff,604018997909782527
861ea08e7ffffff,604021149017309183
861f9a76fffffff,604038322578259967
861e9d037ffffff,604020905546350591
863f30aafffffff,604594002225790975
863f35b77ffffff,604594349178617855
863f258f7ffffff,604593238929571839
861f8a4efffffff,604037212329213951
863f2691fffffff,604593308320137215
861ea3127ffffff,604021321889742847
861e88d17ffffff,604019517735043071
861f8b517ffffff,604037281719779327
861ea00afffffff,604021113718046719
863f248cfffffff,604593169539006463
861ea5177ffffff,604021460670873599
863f34b4fffffff,604594279788052479
861e83c4fffffff,604019170782216191
861e8ad67ffffff,604019656516173823
861f9871fffffff,604038183797129215
861e8bd8fffffff,604019725906739199
861e85c9fffffff,604019309563346943
861ea619fffffff,604021530061438975
861eb1357ffffff,604022293357658111
861f99747ffffff,604038253187694591
861ea414fffffff,604021391280308223
861e84c77ffffff,604019240172781567
861e84487ffffff,604019206081478655
863f3435fffffff,604594245696749567
861ea4987ffffff,604021426579570687
861ea59afffffff,604021495970136063
861e9d86fffffff,604020940845613055
863f240dfffffff,604593135447703551
863f2612fffffff,604593274228834303
861e8a577ffffff,604019622424870911
861e88527ffffff,604019483643740159
861e8345fffffff,604019136690913279
861e9b81fffffff,604020802064482303
861f8bd4fffffff,604037317019041791
861eb0b67ffffff,604022259266355199
861eb4c07ffffff,604022536828616703
861ea6acfffffff,604021569521451007
861e8e70fffffff,604019904147881983
861e855a7ffffff,604019279632793599
861f9904fffffff,604038223257141247
861ea2a2fffffff,604021291959189503
861e81507ffffff,604019002070532095
861e8a66fffffff,604019626585620479
861e9d967ffffff,604020945006362623
861f98027ffffff,604038153866575871
861e8861fffffff,604019487804489727
861e83557ffffff,604019140851662847
861ea5aa7ffffff,604021500130885631
861e8b697ffffff,604019695976185855
861e804dfffffff,604018932679966719
861f9a077ffffff,604038292647706623
861eb1c87ffffff,604022332817670143
861f9b09fffffff,604038362038271999
861e16477ffffff,604011646670602239
863f26227ffffff,604593278389583871
861e84677ffffff,604019214402977791
861ea2b27ffffff,604021296119939071
861ea4b77ffffff,604021434901069823
861e8e807ffffff,604019908308631551
861e8a767ffffff,604019630746370047
861f9811fffffff,604038158027325439
861f99147ffffff,604038227417890815
861e8b78fffffff,604019700136935423
861e8569fffffff,604019283793543167
861e9da5fffffff,604020949167112191
861ea5b9fffffff,604021504291635199
861e8c7b7ffffff,604019769527500799
861e88717ffffff,604019491965239295
863f35577ffffff,604594323408814079
861f9a16fffffff,604038296808456191
861e8364fffffff,604019145012412415
861f9b197ffffff,604038366199021567
861ea0ad7ffffff,604021157338808319
861f9e20fffffff,604038574370717695
863f2631fffffff,604593282550333439
863f3454fffffff,604594254018248703
861e9ba0fffffff,604020810385981439
861e8476fffffff,604019218563727359
861e8a85fffffff,604019634907119615
861ea5c97ffffff,604021508452384767
861ea4c6fffffff,604021439061819391
861e816f7ffffff,604019010392031231
861e806cfffffff,604018941001465855
861f98217ffffff,604038162188075007
861ea2c1fffffff,604021300280688639
861e85797ffffff,604019287954292735
861e9db57ffffff,604020953327861759
861e8b887ffffff,604019704297684991
861f9a267ffffff,604038300969205759
861e83747ffffff,604019149173161983
861f8b00fffffff,604037260110725119
861f9b28fffffff,604038370359771135
861ea3c47ffffff,604021369671254015
863f26417ffffff,604593286711083007
861f9d2dfffffff,604038509140901887
863f34647ffffff,604594258178998271
861ed6417ffffff,604024839199522815
861e9bb07ffffff,604020814546731007
863869937ffffff,604474767625420799
861e9aadfffffff,604020745156165631
861e9cb2fffffff,604020883937296383
861ea5d8fffffff,604021512613134335
861e84867ffffff,604019222724476927
861e8a957ffffff,604019639067869183
861ea0cc7ffffff,604021165660307455
861ea6db7ffffff,604021582003699711
861f99337ffffff,604038235739389951
861ea2d17ffffff,604021304441438207
861f9830fffffff,604038166348824575
861ea4d67ffffff,604021443222568959
863f2650fffffff,604593290871832575
861f9a35fffffff,604038305129955327
861e8588fffffff,604019292115042303
861f9b387ffffff,604038374520520703
861f8b107ffffff,604037264271474687
863869a2fffffff,604474771786170367
861f8a0dfffffff,604037194880909311
861e868b7ffffff,604019361505607679
861ed650fffffff,604024843360272383
861e99bafffffff,604020679926349823
861e9dc4fffffff,604020957488611327
861e8495fffffff,604019226885226495
861e83937ffffff,604019157494661119
861e8aa4fffffff,604019643228618751
863f34837ffffff,604594266500497407
861f9942fffffff,604038239900139519
861e8eaefffffff,604019920790880255
861f98407ffffff,604038170509574143
861e85987ffffff,604019296275791871
863869b27ffffff,604474775946919935
861e869afffffff,604019365666357247
861e9accfffffff,604020753477664767
863f245b7ffffff,604593156251451391
861f9d4cfffffff,604038517462401023
861eb50dfffffff,604022557632364543
861e818e7ffffff,604019018713530367
861e8ba77ffffff,604019712619184127
861e9dd47ffffff,604020961649360895
863f26607ffffff,604593295032582143
861e9bcf7ffffff,604020822868230143
861e8290fffffff,604019088104095743
861e83a2fffffff,604019161655410687
861e84a57ffffff,604019231045976063
861e809b7ffffff,604018953483714559
861e8ab47ffffff,604019647389368319
861eb1137ffffff,604022284230852607
861f99527ffffff,604038244060889087
861f8a2cfffffff,604037203202408447
863f3492fffffff,604594270661246975
861e86aa7ffffff,604019369827106815
861f9b577ffffff,604038382842019839
861f8b2f7ffffff,604037272592973823
863f246afffffff,604593160412200959
861e82a07ffffff,604019092264845311
863f35957ffffff,604594340051812351
861e8bb6fffffff,604019716779933695
861f9a54fffffff,604038313451454463
861f9961fffffff,604038248221638655
861ea6077ffffff,604021525095383039
861ea4027ffffff,604021386314252287
861e8ecdfffffff,604019929112379391
861e83b27ffffff,604019165816160255
861e80aafffffff,604018957644464127
861eb122fffffff,604022288391602175
861e84b4fffffff,604019235206725631
863f34a27ffffff,604594274821996543
861e8bc67ffffff,604019720940683263
861eb52cfffffff,604022565953863679
863f247a7ffffff,604593164572950527
861ea504fffffff,604021455704817663
861e86b9fffffff,604019373987856383
861f9c697ffffff,604038456393334783
861e8cc8fffffff,604019790331248639
861f9b66fffffff,604038387002769407
861e81ad7ffffff,604019027035029503
863f30987ffffff,604593997259735039
861f9a647ffffff,604038317612204031
861e84c47ffffff,604019239367475199
861ea616fffffff,604021529256132607
861ea20cfffffff,604021251693871103
861ea411fffffff,604021390475001855
861e80ba7ffffff,604018961805213695
861eb1327ffffff,604022292552351743
861f99717ffffff,604038252382388223
861f986efffffff,604038182991822847
861f8b4e7ffffff,604037280914472959
861e8bd5fffffff,604019725101432831
863f2489fffffff,604593168733700095
863f34b1fffffff,604594278982746111
861e8ad37ffffff,604019655710867455
861e83c1fffffff,604019169976909823
861ea5147ffffff,604021459865567231
861e85c6fffffff,604019308758040575
863f268efffffff,604593307514830847
861ea30f7ffffff,604021321084436479
861e88ce7ffffff,604019516929736703
861f9b767ffffff,604038391163518975
861f9d7b7ffffff,604038529944649727
861f9c78fffffff,604038460554084351
863f258c7ffffff,604593238124265471
863f35b47ffffff,604594348373311487
861e9d007ffffff,604020904741044223
861ea6267ffffff,604021533416882175
861ea4217ffffff,604021394635751423
861f9b85fffffff,604038395324268543
863f24997ffffff,604593172894449663
861ea0177ffffff,604021117073489919
861e85d67ffffff,604019312918790143
861e81cc7ffffff,604019035356528639
861e83d17ffffff,604019174137659391
861e80c9fffffff,604018965965963263
861f9980fffffff,604038256543137791
861e9a087ffffff,604020700730097663
861eb141fffffff,604022296713101311
863f30b77ffffff,604594005581234175
863f34c17ffffff,604594283143495679
861e9b0afffffff,604020770120663039
861f9a837ffffff,604038325933703167
861f8a5b7ffffff,604037215684657151
861ea635fffffff,604021537577631743
861ea430fffffff,604021398796500991
861f9b957ffffff,604038399485018111
861f8b6d7ffffff,604037289235972095
863f35d37ffffff,604594356694810623
861f988dfffffff,604038191313321983
861e80d97ffffff,604018970126712831
861ea5337ffffff,604021468187066367
863f34d0fffffff,604594287304245247
861f8a6afffffff,604037219845406719
863f24a8fffffff,604593177055199231
861eb1517ffffff,604022300873850879
861f99907ffffff,604038260703887359
861f9a92fffffff,604038330094452735
863f26adfffffff,604593315836329983
861ea32e7ffffff,604021329405935615
861eae49fffffff,604022092702154751
86386d077ffffff,604475004922363903
861e9b1a7ffffff,604020774281412607
861ea4407ffffff,604021402957250559
861ea23b7ffffff,604021264176119807
861e8e097ffffff,604019876364812287
861f9ba4fffffff,604038403645767679
861e8b01fffffff,604019668193116159
861ea6457ffffff,604021541738381311
861f9aa27ffffff,604038334255202303
861ea542fffffff,604021472347815935
863f24b87ffffff,604593181215948799
861e9b29fffffff,604020778442162175
861eb160fffffff,604022305034600447
861e9924fffffff,604020639661031423
861eb56afffffff,604022582596861951
861e9a277ffffff,604020709051596799
861e9d2efffffff,604020917223292927
861ea0367ffffff,604021125394989055
861f9a677ffffff,604038318417510399
863f309b7ffffff,604593998065041407
861e85ba7ffffff,604019305402597375
861f9d6efffffff,604038526589206527
863f26827ffffff,604593304159387647
861ea302fffffff,604021317728993279
861f9c6c7ffffff,604038457198641151
861e82b2fffffff,604019097230901247
861e88c1fffffff,604019513574293503
861f8b41fffffff,604037277559029759
861eb125fffffff,604022289196908543
861e8ac6fffffff,604019652355424255
863f34a57ffffff,604594275627302911
861e80adfffffff,604018958449770495
861f98627ffffff,604038179636379647
861ea60a7ffffff,604021525900689407
861e8bc97ffffff,604019721745989631
861e83b57ffffff,604019166621466623
861e8ed0fffffff,604019929917685759
861ea2007ffffff,604021248338427903
861ea4057ffffff,604021387119558655
861f9964fffffff,604038249026945023
861f8a7a7ffffff,604037224006156287
861e12d87ffffff,604011410715836415
861eae597ffffff,604022096862904319
861e8e18fffffff,604019880525561855
861f9bb47ffffff,604038407806517247
861ea24afffffff,604021268336869375
861ea654fffffff,604021545899130879
861ea5527ffffff,604021476508565503
861ea34d7ffffff,604021337727434751
861e8a0efffffff,604019602963300351
861e8b117ffffff,604019672353865727
861ea045fffffff,604021129555738623
861f99af7ffffff,604038269025386495
861f9ab1fffffff,604038338415951871
861eb1707ffffff,604022309195350015
861f98acfffffff,604038199634821119
861e85027ffffff,604019256010473471
861e8809fffffff,604019464182169599
861e9b397ffffff,604020782602911743
863f26ccfffffff,604593324157829119
86386d267ffffff,604475013243863039
861e99347ffffff,604020643821780991
861e8604fffffff,604019325401038847
861f8b8c7ffffff,604037297557471231
863f25ca7ffffff,604593254767263743
861e9a36fffffff,604020713212346367
861eb57a7ffffff,604022586757611519
861e840f7ffffff,604019190780657663
861ea6647ffffff,604021550059880447
861e80057ffffff,604018913218396159
861e8e287ffffff,604019884686311423
861ea0557ffffff,604021133716488191
863f24d77ffffff,604593189537447935
861e830cfffffff,604019121390092287
861ea25a7ffffff,604021272497618943
861e9b48fffffff,604020786763661311
861e8511fffffff,604019260171223039
861e8b20fffffff,604019676514615295
861e9a467ffffff,604020717373095935
861e88197ffffff,604019468342919167
86386d35fffffff,604475017404612607
861e86147ffffff,604019329561788415
861eb4877ffffff,604022521527795711
861eb384fffffff,604022452137230335
861f9dc8fffffff,604038550748397567
863f25d9fffffff,604593258928013311
861ea269fffffff,604021276658368511
861ea46efffffff,604021415439499263
861e8a2dfffffff,604019611284799487
861e8014fffffff,604018917379145727
861f9bd37ffffff,604038416128016383
861eb18f7ffffff,604022317516849151
861ea36c7ffffff,604021346048933887
861e8b307ffffff,604019680675364863
861e9a55fffffff,604020721533845503
861f99ce7ffffff,604038277346885631
863f340c7ffffff,604594234556678143
861e9b587ffffff,604020790924410879
861eb496fffffff,604022525688545279
861ea5717ffffff,604021484830064639
861e81177ffffff,604018986769711103
861e8828fffffff,604019472503668735
861f8aa8fffffff,604037236488404991
861f8bab7ffffff,604037305878970367
861ea064fffffff,604021137877237759
861eb3947ffffff,604022456297979903
861e85217ffffff,604019264331972607
861eb5997ffffff,604022595079110655
861ea6837ffffff,604021558381379583
861e842e7ffffff,604019199102156799
861ea2797ffffff,604021280819118079
861e8e477ffffff,604019893007810559
861e80247ffffff,604018921539895295
861e9a657ffffff,604020725694595071
861ea580fffffff,604021488990814207
861e8c427ffffff,604019754226679807
861ea0747ffffff,604021142037987327
861e8126fffffff,604018990930460671
861eb5a8fffffff,604022599239860223
861e86337ffffff,604019337883287551
861e88387ffffff,604019476664418303
861f98db7ffffff,604038212117069823
861f8ab87ffffff,604037240649154559
861f8bbafffffff,604037310039719935
861eb1ae7ffffff,604022325838348287
861ea692fffffff,604021562542129151
861ea288fffffff,604021284979867647
861e8e56fffffff,604019897168560127
861ea48dfffffff,604021423760998399
861e85407ffffff,604019272653471743
861e8b4f7ffffff,604019688996863999
861e833b7ffffff,604019133872340991
863f24037ffffff,604593132629131263
861e9a74fffffff,604020729855344639
861ea5907ffffff,604021493151563775
863f26087ffffff,604593271410262015
861e8c51fffffff,604019758387429375
861e9b777ffffff,604020799245910015
863f342b7ffffff,604594242878177279
861e8a4cfffffff,604019619606298623
861eb5b87ffffff,604022603400609791
861f8bca7ffffff,604037314200469503
861eb3b37ffffff,604022464619479039
861ea38b7ffffff,604021354370433023
861e81367ffffff,604018995091210239
861e894a7ffffff,604019550215733247
861e8238fffffff,604019064481775615
861ea6a27ffffff,604021566702878719
861ea2987ffffff,604021289140617215
861ea0937ffffff,604021150359486463
861e8e667ffffff,604019901329309695
861e8145fffffff,604018999251959807
861e844d7ffffff,604019207423655935
863f2412fffffff,604593136789880831
863f343afffffff,604594247038926847
861e88577ffffff,604019484985917439
861e8c617ffffff,604019762548178943
861e80437ffffff,604018929861394431
861e834afffffff,604019138033090559
861f8bd9fffffff,604037318361219071
861ea39afffffff,604021358531182591
861e8959fffffff,604019554376482815
861e9b86fffffff,604020803406659583
861ea6b1fffffff,604021570863628287
861ea4acfffffff,604021432082497535
861e8e75fffffff,604019905490059263
861f9909fffffff,604038224599318527
861f98077ffffff,604038155208753151
861e81557ffffff,604019003412709375
861e8052fffffff,604018934022143999
861e8b6e7ffffff,604019697318363135
861f9b0efffffff,604038363380449279
861e8866fffffff,604019489146667007
861e835a7ffffff,604019142193840127
861eb1cd7ffffff,604022334159847423
861ea5af7ffffff,604021501473062911
861ea0a2fffffff,604021154520236031
861e8c70fffffff,604019766708928511
863f354cfffffff,604594320590241791
861e9d9b7ffffff,604020946348539903
861e164c7ffffff,604011648012779519
861eb4d4fffffff,604022542331543551
861f9a0c7ffffff,604038293989883903
861e12427ffffff,604011370450518015
861e89697ffffff,604019558537232383
863f24227ffffff,604593140950630399
861ea6c17ffffff,604021575024377855
861e846c7ffffff,604019215745155071
861ea2b77ffffff,604021297462116351
861e8e857ffffff,604019909650808831
861e80627ffffff,604018938182893567
861e8164fffffff,604019007573458943
861f9816fffffff,604038159369502719
861f99197ffffff,604038228760068095
861ea0b27ffffff,604021158680985599
861e8a7b7ffffff,604019632088547327
861e9daafffffff,604020950509289471
861e856efffffff,604019285135720447
861f9e25fffffff,604038575712894975
861e88767ffffff,604019493307416575
861e99a0fffffff,604020672947027967
863f2431fffffff,604593145111379967
861e1251fffffff,604011374611267583
863f2636fffffff,604593283892510719
861e9ba5fffffff,604020811728158719
861e8369fffffff,604019146354589695
861f9928fffffff,604038232920817663
861ea2c6fffffff,604021301622865919
861ea6d0fffffff,604021579185127423
861e8a8afffffff,604019636249296895
861ea0c1fffffff,604021162841735167
861ea5ce7ffffff,604021509794562047
861ea3c97ffffff,604021371013431295
861e8071fffffff,604018942343643135
861f98267ffffff,604038163530252287
861e8e94fffffff,604019913811558399
861e81747ffffff,604019011734208511
861e8b8d7ffffff,604019705639862271
863f24417ffffff,604593149272129535
861e9dba7ffffff,604020954670039039
861e8680fffffff,604019358687035391
863f26467ffffff,604593288053260287
861f9b2dfffffff,604038371701948415
861f8b05fffffff,604037261452902399
861e9bb57ffffff,604020815888908287
861e99b07ffffff,604020677107777535
861e83797ffffff,604019150515339263
861f9a2b7ffffff,604038302311383039
861f9e357ffffff,604038579873644543
861f8a037ffffff,604037192062337023
861e848b7ffffff,604019224066654207
861ea0d17ffffff,604021167002484735
861e8a9a7ffffff,604019640410046463
861e80817ffffff,604018946504392703
861f99387ffffff,604038237081567231
861e8388fffffff,604019154676088831
861ea2d67ffffff,604021305783615487
861f9835fffffff,604038167691001855
861ea4db7ffffff,604021444564746239
861ea3d8fffffff,604021375174180863
861e8ea47ffffff,604019917972307967
863f2450fffffff,604593153432879103
861e86907ffffff,604019362847784959
863f2655fffffff,604593292214009855
861f8b157ffffff,604037265613651967
861e858dfffffff,604019293457219583
861f9a3afffffff,604038306472132607
863f357b7ffffff,604594333072490495
861f9d427ffffff,604038514643828735
861e167afffffff,604011660495028223
861ed655fffffff,604024844702449663
861e9ac27ffffff,604020750659092479
861e9bc4fffffff,604020820049657855
861e82867ffffff,604019085285523455
861e849afffffff,604019228227403775
861e8090fffffff,604018950665142271
861e8aa9fffffff,604019644570796031
861e83987ffffff,604019158836838399
861f98457ffffff,604038171851751423
861eb108fffffff,604022281412280319
863f34887ffffff,604594267842674687
863869b77ffffff,604474777289097215
863f24607ffffff,604593157593628671
861f8a227ffffff,604037200383836159
861e8bac7ffffff,604019713961361407
861e81937ffffff,604019020055707647
863f358afffffff,604594337233240063
861e9bd47ffffff,604020824210407423
861f9c4f7ffffff,604038449414012927
861f9d51fffffff,604038518804578303
861f8b24fffffff,604037269774401535
861e8295fffffff,604019089446273023
861eb512fffffff,604022558974541823
861e8ec37ffffff,604019926293807103
863f246dfffffff,604593161217507327
861e85aafffffff,604019301241847807
861f8b327ffffff,604037273398280191
861e82a37ffffff,604019093070151679
863f2672fffffff,604593299998638079
861eb5207ffffff,604022562598420479
861e86ad7ffffff,604019370632413183
863f35987ffffff,604594340857118719
861f9b5a7ffffff,604038383647326207
861f9852fffffff,604038175475630079
861e8bb9fffffff,604019717585240063
863f3495fffffff,604594271466553343
861f99557ffffff,604038244866195455
861e8ab77ffffff,604019648194674687
861eb1167ffffff,604022285036158975
861e8ec17ffffff,604019925756936191
861e84a87ffffff,604019231851282431
861e83a5fffffff,604019162460717055
861e84aa7ffffff,604019232388153343
861e8ab97ffffff,604019648731545599
861e80a07ffffff,604018954825891839
861f9854fffffff,604038176012500991
861eb1187ffffff,604022285573029887
861f99577ffffff,604038245403066367
861e82a57ffffff,604019093607022591
863f359a7ffffff,604594341393989631
861e86af7ffffff,604019371169284095
861eb5227ffffff,604022563135291391
861f8a31fffffff,604037204544585727
861f9d617ffffff,604038522965327871
863f2674fffffff,604593300535508991
861f9966fffffff,604038249563815935
861ea4077ffffff,604021387656429567
861ea2027ffffff,604021248875298815
861e84b9fffffff,604019236548902911
861e8bcb7ffffff,604019722282860543
861ea60c7ffffff,604021526437560319
861f98647ffffff,604038180173250559
861e8ed2fffffff,604019930454556671
861e83b77ffffff,604019167158337535
863f34a77ffffff,604594276164173823
861e8ac8fffffff,604019652892295167
861e82b4fffffff,604019097767772159
861ea509fffffff,604021457046994943
863f26847ffffff,604593304696258559
861e8ccdfffffff,604019791673425919
861eb531fffffff,604022567296040959
861f9c6e7ffffff,604038457735512063
861f8a417ffffff,604037208705335295
863f2581fffffff,604593235305693183
861ea304fffffff,604021318265864191
861eb0257ffffff,604022220343214079
861ea211fffffff,604021253036048383
861ea416fffffff,604021391817179135
861eb1377ffffff,604022293894529023
861e84c97ffffff,604019240709652479
861f99767ffffff,604038253724565503
861e8bdafffffff,604019726443610111
861e83c6fffffff,604019171319087103
861ea5197ffffff,604021461207744511
863f248efffffff,604593170075877375
863f34b6fffffff,604594280324923391
861e81c1fffffff,604019032537956351
861e8ad87ffffff,604019657053044735
861f8b537ffffff,604037282256650239
861e88d37ffffff,604019518271913983
863f25917ffffff,604593239466442751
861ea00cfffffff,604021114254917631
861e9b007ffffff,604020767302090751
861f8a50fffffff,604037212866084863
861ea3147ffffff,604021322426613759
861e9d057ffffff,604020906083221503
861eb034fffffff,604022224503963647
861e84d8fffffff,604019244870402047
861ea62b7ffffff,604021534759059455
861e85db7ffffff,604019314260967423
861ea4267ffffff,604021395977928703
861ea2217ffffff,604021257196797951
861e83d67ffffff,604019175479836671
861f9b8afffffff,604038396666445823
861e80cefffffff,604018967308140543
861e81d17ffffff,604019036698705919
863f35c8fffffff,604594353876238335
861eb146fffffff,604022298055278591
861f8b62fffffff,604037286417399807
861f9985fffffff,604038257885315071
863f26a37ffffff,604593313017757695
861e9a0d7ffffff,604020702072274943
863f34c67ffffff,604594284485672959
861f8a607ffffff,604037217026834431
861e9d14fffffff,604020910243971071
861f98837ffffff,604038188494749695
861f9a887ffffff,604038327275880447
861ea528fffffff,604021465368494079
861ea63afffffff,604021538919809023
861ea435fffffff,604021400138678271
861f9b9a7ffffff,604038400827195391
861ea230fffffff,604021261357547519
863f35d87ffffff,604594358036987903
863f26b2fffffff,604593317178507263
861f8b727ffffff,604037290578149375
861eb1567ffffff,604022302216028159
863f34d5fffffff,604594288646422527
861f99957ffffff,604038262046064639
861e9d247ffffff,604020914404720639
861ea5387ffffff,604021469529243647
861eb5607ffffff,604022579778289663
863f24adfffffff,604593178397376511
861ea3337ffffff,604021330748112895
86386d0c7ffffff,604475006264541183
861ea4457ffffff,604021404299427839
861e8e0e7ffffff,604019877706989567
861e8a047ffffff,604019600144728063
861ea2407ffffff,604021265518297087
861f9aa77ffffff,604038335597379583
861ea342fffffff,604021334908862463
861f9ba9fffffff,604038404987944959
861e8b06fffffff,604019669535293439
861ea64a7ffffff,604021543080558591
861f99a4fffffff,604038266206814207
861f98a27ffffff,604038196816248831
861e9b2efffffff,604020779784339455
861e9a2c7ffffff,604020710393774079
861eb165fffffff,604022306376777727
861ea03b7ffffff,604021126737166335
861e8c097ffffff,604019738925858815
863f26c27ffffff,604593321339256831
861e9929fffffff,604020641003208703
861e8404fffffff,604019187962085375
861ea454fffffff,604021408460177407
861ea04afffffff,604021130897915903
861f9ab6fffffff,604038339758129151
861e83027ffffff,604019118571519999
861f9bb97ffffff,604038409148694527
861ea5577ffffff,604021477850742783
863f24ccfffffff,604593186718875647
861ea3527ffffff,604021339069612031
861e8b167ffffff,604019673696043007
861eb1757ffffff,604022310537527295
861ea659fffffff,604021547241308159
861f98b1fffffff,604038200976998399
861f99b47ffffff,604038270367563775
861e85077ffffff,604019257352650751
861e880efffffff,604019465524346879
861e8c18fffffff,604019743086608383
86386d2b7ffffff,604475014586040319
861ed6d1fffffff,604024877988446207
861e84147ffffff,604019192122834943
861ea4647ffffff,604021412620926975
861ea05a7ffffff,604021135058665471
861e8a237ffffff,604019608466227199
861eb184fffffff,604022314698276863
861e8e2d7ffffff,604019886028488703
861e8311fffffff,604019122732269567
861e800a7ffffff,604018914560573439
861e9b4dfffffff,604020788105838591
861ea6697ffffff,604021551402057727
861ea361fffffff,604021343230361599
861f9bc8fffffff,604038413309444095
861e810cfffffff,604018983951138815
861e8b25fffffff,604019677856792575
863f3401fffffff,604594231738105855
861e9a4b7ffffff,604020718715273215
861f98c17ffffff,604038205137747967
861e8516fffffff,604019261513400319
863f20d27ffffff,604592913317363711
86386d3afffffff,604475018746789887
861eb58efffffff,604022592260538367
861f9ac67ffffff,604038343918878719
861f9dcdfffffff,604038552090574847
861ea566fffffff,604021482011492351
861e9948fffffff,604020649324707839
861eb48c7ffffff,604022522869972991
861ea26efffffff,604021278000545791
861e8a32fffffff,604019612626976767
861eb1947ffffff,604022318859026431
861ea678fffffff,604021555562807295
861e83217ffffff,604019126893019135
861e8019fffffff,604018918721323007
861f9bd87ffffff,604038417470193663
861ea069fffffff,604021139219415039
861ea3717ffffff,604021347391111167
861e9a5afffffff,604020722876022783
861e8b357ffffff,604019682017542143
863f34117ffffff,604594235898855423
861f98d0fffffff,604038209298497535
861ea5767ffffff,604021486172241919
861f99d37ffffff,604038278689062911
861f8aadfffffff,604037237830582271
861e882dfffffff,604019473845846015
861f8bb07ffffff,604037307221147647
861e8628fffffff,604019335064715263
861f9ad5fffffff,604038348079628287
861e84337ffffff,604019200444334079
861ea6887ffffff,604021559723556863
861e80297ffffff,604018922882072575
861e8330fffffff,604019131053768703
861e8e4c7ffffff,604019894349987839
861e8b44fffffff,604019686178291711
861ea4837ffffff,604021420942426111
861ea0797ffffff,604021143380164607
861ea585fffffff,604021490332991487
863f3420fffffff,604594240059604991
861e9a6a7ffffff,604020727036772351
861e9b6cfffffff,604020796427337727
861eb5adfffffff,604022600582037503
861e8c477ffffff,604019755568857087
861e8a427ffffff,604019616787726335
861e822e7ffffff,604019061663203327
861e86387ffffff,604019339225464831
861ea28dfffffff,604021286322044927
861e8038fffffff,604018927042822143
861e8b547ffffff,604019690339041279
861eb1b37ffffff,604022327180525567
861e8442fffffff,604019204605083647
861ea088fffffff,604021147540914175
861e85457ffffff,604019273995649023
861e884cfffffff,604019482167345151
863f24087ffffff,604593133971308543
861ea492fffffff,604021425103175679
863f34307ffffff,604594244220354559
861e9a79fffffff,604020731197521919
861ea5957ffffff,604021494493741055
861f8bcf7ffffff,604037315542646783
861e813b7ffffff,604018996433387519
863f260d7ffffff,604593272752439295
861e8a51fffffff,604019620948475903
861e9d817ffffff,604020939369218047
861e83407ffffff,604019135214518271
861e8c56fffffff,604019759729606655
861e894f7ffffff,604019551557910527
861ea6a77ffffff,604021568045055999
861e84527ffffff,604019208765833215
861ea4a27ffffff,604021429263925247
861ea0987ffffff,604021151701663743
861e814afffffff,604019000594137087
861e8e6b7ffffff,604019902671486975
861e8554fffffff,604019278156398591
863f35427ffffff,604594317771669503
861e8a617ffffff,604019625109225471
861e9d90fffffff,604020943529967615
861f9b047ffffff,604038360561876991
861eb1c2fffffff,604022331341275135
861f9a01fffffff,604038291171311615
861e1641fffffff,604011645194207231
861e80487ffffff,604018931203571711
861e8c667ffffff,604019763890356223
861ea5a4fffffff,604021498654490623
861e9986fffffff,604020665967706111
861ea6b6fffffff,604021572205805567
861ea4b1fffffff,604021433424674815
861e815a7ffffff,604019004754886655
861e8e7afffffff,604019906832236543
861f980c7ffffff,604038156550930431
861f990efffffff,604038225941495807
861e8461fffffff,604019212926582783
861f8b22fffffff,604037269237530623
861f9c4d7ffffff,604038448877142015
861f9b4afffffff,604038379486576639
861e9dd77ffffff,604020962454667263
863f3588fffffff,604594336696369151
863f26637ffffff,604593295837888511
861e81917ffffff,604019019518836735
863869b57ffffff,604474776752226303
861f8a207ffffff,604037199846965247
861e8baa7ffffff,604019713424490495
861f98437ffffff,604038171314880511
861e859b7ffffff,604019297081098239
863f34867ffffff,604594267305803775
861e8eb1fffffff,604019921596186623
861f9945fffffff,604038240705445887
861eb106fffffff,604022280875409407
861e83967ffffff,604019158299967487
861e808efffffff,604018950128271359
861e8498fffffff,604019227690532863
861e8b737ffffff,604019698660540415
861ea2acfffffff,604021294643544063
863f3551fffffff,604594321932419071
861e8a70fffffff,604019629269975039
861e9da07ffffff,604020947690717183
861eb1d27ffffff,604022335502024703
861f9a117ffffff,604038295332061183
861e85647ffffff,604019282317148159
861e8c75fffffff,604019768051105791
861ea5b47ffffff,604021502815240191
861e16517ffffff,604011649354956799
861e9b9b7ffffff,604020808909586431
861e99967ffffff,604020670128455679
861ea6c67ffffff,604021576366555135
861e8a807ffffff,604019633430724607
861e8169fffffff,604019008915636223
861e84717ffffff,604019217087332351
861e8e8a7ffffff,604019910992986111
861e80677ffffff,604018939525070847
861ea4c17ffffff,604021437585424383
861e887b7ffffff,604019494649593855
861f9b237ffffff,604038368883376127
861f9a20fffffff,604038299492810751
861ea0b77ffffff,604021160023162879
861e8b82fffffff,604019702821289983
861e9baafffffff,604020813070335999
861e99a5fffffff,604020674289205247
861e836efffffff,604019147696766975
861f9e2afffffff,604038577055072255
861f9d287ffffff,604038507664506879
863f2436fffffff,604593146453557247
863f35617ffffff,604594326093168639
861e9aa87ffffff,604020743679770623
861f992dfffffff,604038234262994943
861e8480fffffff,604019221248081919
861ea6d5fffffff,604021580527304703
861f982b7ffffff,604038164872429567
861ea5d37ffffff,604021511136739327
861e8076fffffff,604018943685820415
861ea0c6fffffff,604021164183912447
861e8e99fffffff,604019915153735679
861e81797ffffff,604019013076385791
863f24467ffffff,604593150614306815
861f9b32fffffff,604038373044125695
861ea4d0fffffff,604021441746173951
861f8b0afffffff,604037262795079679
861e8685fffffff,604019360029212671
861ea3ce7ffffff,604021372355608575
861e85837ffffff,604019290638647295
861f9a307ffffff,604038303653560319
861e8b927ffffff,604019706982039551
861ed64b7ffffff,604024841883877375
861e9bba7ffffff,604020817231085567
861e99b57ffffff,604020678449954815
863f264b7ffffff,604593289395437567
861f8a087ffffff,604037193404514303
861e16707ffffff,604011657676455935
863f3570fffffff,604594330253918207
863f346e7ffffff,604594260863352831
861e80867ffffff,604018947846569983
861ea0d67ffffff,604021168344662015
861e84907ffffff,604019225408831487
861e838dfffffff,604019156018266111
861e8ea97ffffff,604019919314485247
861f983afffffff,604038169033179135
863f2455fffffff,604593154775056383
861e86957ffffff,604019364189962239
861ea2db7ffffff,604021307125792767
861f8b1a7ffffff,604037266955829247
863f265afffffff,604593293556187135
861e8592fffffff,604019294799396863
861e8188fffffff,604019017237135359
861e8ba1fffffff,604019711142789119
861f9b427ffffff,604038377204875263
861ed65afffffff,604024846044626943
861f9d477ffffff,604038515986006015
863f35807ffffff,604594334414667775
861e889a7ffffff,604019502971092991
863869acfffffff,604474774470524927
861e9ac77ffffff,604020752001269759
861e9bc9fffffff,604020821391835135
861eb5087ffffff,604022556155969535
861e8095fffffff,604018952007319551
861f994cfffffff,604038242584494079
861e8aaefffffff,604019645912973311
861e8eb8fffffff,604019923475234815
861eb10dfffffff,604022282754457599
863f348d7ffffff,604594269184851967
861e86a4fffffff,604019368350711807
861f984a7ffffff,604038173193928703
861f8b29fffffff,604037271116578815
861f8a277ffffff,604037201726013439
861f9b51fffffff,604038381365624831
861e8bb17ffffff,604019715303538687
861e81987ffffff,604019021397884927
863f24657ffffff,604593158935805951
863f30837ffffff,604593991622590463
863f266a7ffffff,604593297716936703
861e84af7ffffff,604019233730330623
861e83acfffffff,604019164339765247
861e8ec87ffffff,604019927635984383
861ea601fffffff,604021523618988031
861e8bc0fffffff,604019719464288255
861e80a57ffffff,604018956168069119
861e86b47ffffff,604019372511461375
861eb5277ffffff,604022564477468671
861f9859fffffff,604038177354678271
863f3092fffffff,604593995783340031
861f8b397ffffff,604037275277328383
863f2474fffffff,604593163096555519
861f8a36fffffff,604037205886763007
863f2679fffffff,604593301877686271
861e82aa7ffffff,604019094949199871
861f9b617ffffff,604038385526374399
861ea40c7ffffff,604021388998606847
861ea2077ffffff,604021250217476095
861ea6117ffffff,604021527779737599
861f98697ffffff,604038181515427839
861e85c17ffffff,604019307281645567
861f8b48fffffff,604037279438077951
863f34ac7ffffff,604594277506351103
861e8bd07ffffff,604019723625037823
863f24847ffffff,604593167257305087
861eb12cfffffff,604022291075956735
861e80b4fffffff,604018960328818687
861ea0027ffffff,604021111436345343
861e8acdfffffff,604019654234472447
861eb536fffffff,604022568638218239
861ea309fffffff,604021319608041471
861e88c8fffffff,604019515453341695
861ea50efffffff,604021458389172223
863f26897ffffff,604593306038435839
863f30a27ffffff,604593999944089599
863f2586fffffff,604593236647870463
861f9b70fffffff,604038389687123967
861e82b9fffffff,604019099109949439
861f9a6e7ffffff,604038320296558591
861ea620fffffff,604021531940487167
861e84ce7ffffff,604019242051829759
861ea216fffffff,604021254378225663
861f9878fffffff,604038185676177407
861f997b7ffffff,604038255066742783
861f9b807ffffff,604038393847873535
861e80c47ffffff,604018964489568255
861e85d0fffffff,604019311442395135
861ea011fffffff,604021115597094911
861f8b587ffffff,604037283598827519
861e88d87ffffff,604019519614091263
861ea3197ffffff,604021323768791039
861e81c6fffffff,604019033880133631
863f25967ffffff,604593240808620031
863f30b1fffffff,604594004104839167
861e9a02fffffff,604020699253702655
861e9b057ffffff,604020768644268031
863f2698fffffff,604593310199185407
861f8a55fffffff,604037214208262143
861e86d37ffffff,604019380832960511
861ea6307ffffff,604021536101236735
861ea42b7ffffff,604021397320105983
861ea2267ffffff,604021258538975231
863f24a37ffffff,604593175578804223
863f35cdfffffff,604594355218415615
861e83db7ffffff,604019176822013951
861f98887ffffff,604038189836926975
861f8a657ffffff,604037218369011711
861e81d67ffffff,604019038040883199
863f26a87ffffff,604593314359934975
861f998afffffff,604038259227492351
861f9a8d7ffffff,604038328618057727
861ea328fffffff,604021327929540607
861e9b14fffffff,604020772805017599
861ea0217ffffff,604021119757844479
863f20997ffffff,604592898016542719
863f34cb7ffffff,604594285827850239
86386d01fffffff,604475003445968895
861e9a127ffffff,604020703414452223
861ea43afffffff,604021401480855551
861ea235fffffff,604021262699724799
863f24b2fffffff,604593179739553791
861f8b777ffffff,604037291920326655
861e9b247ffffff,604020776965767167
861eb5657ffffff,604022581120466943
861f8a74fffffff,604037222529761279
861e9a21fffffff,604020707575201791
863f34dafffffff,604594289988599807
861f9ea6fffffff,604038610341068799
861ea030fffffff,604021123918594047
861f999a7ffffff,604038263388241919
861ea3387ffffff,604021332090290175
861eb15b7ffffff,604022303558205439
861ea44a7ffffff,604021405641605119
861e8e137ffffff,604019879049166847
861ea2457ffffff,604021266860474367
861ea0407ffffff,604021128079343615
861f9baefffffff,604038406330122239
861f99a9fffffff,604038267548991487
861ea64f7ffffff,604021544422735871
861f9aac7ffffff,604038336939556863
863f24c27ffffff,604593183900303359
861e8a097ffffff,604019601486905343
861f98a77ffffff,604038198158426111
861eb574fffffff,604022585281216511
861ea54cfffffff,604021475032170495
86386d20fffffff,604475011767468031
861eb16afffffff,604022307718955007
861e9a317ffffff,604020711735951359
863f26c77ffffff,604593322681434111
861e992efffffff,604020642345385983
861e9d38fffffff,604020919907647487
861f9eb67ffffff,604038614501818367
861e8c0e7ffffff,604019740268036095
861e88047ffffff,604019462705774591
861ea459fffffff,604021409802354687
861e8409fffffff,604019189304262655
861ea254fffffff,604021271021223935
861e8b1b7ffffff,604019675038220287
861e83077ffffff,604019119913697279
861e8e22fffffff,604019883209916415
861e8a18fffffff,604019605647654911
861e9a40fffffff,604020715896700927
861f99b97ffffff,604038271709741055
861ea3577ffffff,604021340411789311
863f24d1fffffff,604593188061052927
861eb17a7ffffff,604022311879704575
861e850c7ffffff,604019258694828031
861e9b437ffffff,604020785287266303
861eb5847ffffff,604022589441966079
861e81027ffffff,604018981132566527
861f98b6fffffff,604038202319175679
863f25d47ffffff,604593257451618303
861eb481fffffff,604022520051400703
863f26d6fffffff,604593326842183679
86386d307ffffff,604475015928217599
861e8204fffffff,604019050523131903
861ea4697ffffff,604021413963104255
861ea2647ffffff,604021275181973503
861e84197ffffff,604019193465012223
861e82847ffffff,604019084748652543
861e9bc2fffffff,604020819512786943
861e9ac07ffffff,604020750122221567
861e8181fffffff,604019015358087167
861f9a38fffffff,604038305935261695
863869a5fffffff,604474772591476735
863f35797ffffff,604594332535619583
861ea3d6fffffff,604021374637309951
861f9d407ffffff,604038514106957823
861f8b137ffffff,604037265076781055
863f3476fffffff,604594263145054207
861f9b3b7ffffff,604038375325827071
861e868e7ffffff,604019362310914047
861e8b9afffffff,604019709263740927
863f244efffffff,604593152896008191
861ea4d97ffffff,604021444027875327
861f99367ffffff,604038236544696319
861e8ea27ffffff,604019917435437055
861ea2d47ffffff,604021305246744575
861ea0cf7ffffff,604021166465613823
861e8a987ffffff,604019639873175551
861e8386fffffff,604019154139217919
861e84897ffffff,604019223529783295
861e8316fffffff,604019124074446847
861e8a287ffffff,604019609808404479
861ea66e7ffffff,604021552744235007
861e8e327ffffff,604019887370665983
861e800f7ffffff,604018915902750719
861eb189fffffff,604022316040454143
861f98c67ffffff,604038206479925247
861e8b2afffffff,604019679198969855
863f3406fffffff,604594233080283135
861f99c8fffffff,604038275870490623
861e9a507ffffff,604020720057450495
861f9bcdfffffff,604038414651621375
861ea366fffffff,604021344572538879
861e8111fffffff,604018985293316095
863f35097ffffff,604594302470848511
861eb4917ffffff,604022524212150271
861e9b52fffffff,604020789448015871
861e994dfffffff,604020650666885119
861f8aa37ffffff,604037235012009983
861e88237ffffff,604019471027273727
863f20d77ffffff,604592914659540991
861ea478fffffff,604021418123853823
861e8428fffffff,604019197625761791
861e83267ffffff,604019128235196415
861e8e41fffffff,604019891531415551
863f34167ffffff,604594237241032703
861e8b3a7ffffff,604019683359719423
861e9b627ffffff,604020793608765439
861eb1997ffffff,604022320201203711
861f98d5fffffff,604038210640674815
861f99d87ffffff,604038280031240191
861e81217ffffff,604018989454065663
861eb5a37ffffff,604022597763465215
861ea57b7ffffff,604021487514419199
861ea06efffffff,604021140561592319
861ea3767ffffff,604021348733288447
863f3518fffffff,604594306631598079
861e852b7ffffff,604019267016327167
861e862dfffffff,604019336406892543
861e84387ffffff,604019201786511359
861ea68d7ffffff,604021561065734143
861ea2837ffffff,604021283503472639
861eb1a8fffffff,604022324361953279
861e802e7ffffff,604018924224249855
861e8e517ffffff,604019895692165119
861e8335fffffff,604019132395945983
861ea4887ffffff,604021422284603391
861ea58afffffff,604021491675168767
861e8b49fffffff,604019687520468991
863f3425fffffff,604594241401782271
861e8c4c7ffffff,604019756911034367
861e88427ffffff,604019479348772863
861e9a6f7ffffff,604020728378949631
863f2602fffffff,604593269933867007
861e9b71fffffff,604020797769515007
861eb5b2fffffff,604022601924214783
861e8a477ffffff,604019618129903615
861f8bc4fffffff,604037312724074495
861e8130fffffff,604018993614815231
861e82337ffffff,604019063005380607
861eb0a67ffffff,604022254971387903
861e853afffffff,604019271177076735
861e996cfffffff,604020658988384255
861ea292fffffff,604021287664222207
861eb1b87ffffff,604022328522702847
861e854a7ffffff,604019275337826303
861e8b597ffffff,604019691681218559
861e8e60fffffff,604019899852914687
861e81407ffffff,604018997775564799
861ea08dfffffff,604021148883091455
863f34357ffffff,604594245562531839
861ea59a7ffffff,604021495835918335
861e9d867ffffff,604020940711395327
861e8851fffffff,604019483509522431
863f240d7ffffff,604593135313485823
861e8a56fffffff,604019622290653183
863f26127ffffff,604593274094616575
861e83457ffffff,604019136556695551
861e9b817ffffff,604020801930264575
861f8bd47ffffff,604037316884824063
861eb0b5fffffff,604022259132137471
861ea6ac7ffffff,604021569387233279
861e8559fffffff,604019279498575871
861e8e707ffffff,604019904013664255
861e84577ffffff,604019210108010495
861ea4a77ffffff,604021430606102527
861ea2a27ffffff,604021291824971775
861f99047ffffff,604038223122923519
861e8a667ffffff,604019626451402751
861f9801fffffff,604038153732358143
861e88617ffffff,604019487670271999
861e9d95fffffff,604020944872144895
861e8c6b7ffffff,604019765232533503
861e8354fffffff,604019140717445119
861ea5a9fffffff,604021499996667903
861e8b68fffffff,604019695841968127
863f35477ffffff,604594319113846783
861f9a06fffffff,604038292513488895
861e804d7ffffff,604018932545748991
861f9b097ffffff,604038361904054271
861e1646fffffff,604011646536384511
863f3444fffffff,604594249723281407
861e9b90fffffff,604020806091014143
861e8466fffffff,604019214268760063
861ea2b1fffffff,604021295985721343
861ea4b6fffffff,604021434766852095
861e8a75fffffff,604019630612152319
861f98117ffffff,604038157893107711
861e85697ffffff,604019283659325439
861e8b787ffffff,604019700002717695
861ea5b97ffffff,604021504157417471
861e9da57ffffff,604020949032894463
861e8c7afffffff,604019769393283071
861e8870fffffff,604019491831021567
861e83647ffffff,604019144878194687
861eb1d77ffffff,604022336844201983
861f9b18fffffff,604038366064803839
861f9a167ffffff,604038296674238463
863f3556fffffff,604594323274596351
863f26317ffffff,604593282416115711
861e9ba07ffffff,604020810251763711
861ea0acfffffff,604021157204590591
863f34547ffffff,604594253884030975
861f9e207ffffff,604038574236499967
863869837ffffff,604474763330453503
861e84767ffffff,604019218429509631
861e8a857ffffff,604019634772901887
861f99237ffffff,604038231444422655
861ea5c8fffffff,604021508318167039
861e8e8f7ffffff,604019912335163391
861ea4c67ffffff,604021438927601663
861e816efffffff,604019010257813503
861e806c7ffffff,604018940867248127
861ea6cb7ffffff,604021577708732415
861f9820fffffff,604038162053857279
861e9db4fffffff,604020953193644031
861ea2c17ffffff,604021300146470911
861e8578fffffff,604019287820075007
861f9a25fffffff,604038300834988031
861f8b007ffffff,604037259976507391
861f9b287ffffff,604038370225553407
863f2640fffffff,604593286576865279
861f9d2d7ffffff,604038509006684159
86386992fffffff,604474767491203071
861ed640fffffff,604024839065305087
861e99aafffffff,604020675631382527
861e9cb27ffffff,604020883803078655
861ea5d87ffffff,604021512478916607
861e8485fffffff,604019222590259199
861e83837ffffff,604019153199693823
861ea6dafffffff,604021581869481983
861e8a94fffffff,604019638933651455
861ea2d0fffffff,604021304307220479
861f9932fffffff,604038235605172223
861ea4d5fffffff,604021443088351231
861f98307ffffff,604038166214606847
861ea3d37ffffff,604021373697785855
861e85887ffffff,604019291980824575
863f26507ffffff,604593290737614847
863f244b7ffffff,604593151956484095
861f9a357ffffff,604038304995737599
861e868afffffff,604019361371389951
863869a27ffffff,604474771651952639
861e8b977ffffff,604019708324216831
861ed6507ffffff,604024843226054655
861f8a0d7ffffff,604037194746691583
863f34737ffffff,604594262205530111
861e16757ffffff,604011659018633215
861e9dc47ffffff,604020957354393599
861ea0db7ffffff,604021169686839295
861e8392fffffff,604019157360443391
861e84957ffffff,604019226751008767
861e808b7ffffff,604018949188747263
861e8aa47ffffff,604019643094401023
861eb1037ffffff,604022279935885311
861f99427ffffff,604038239765921791
861e8eae7ffffff,604019920656662527
863f3482fffffff,604594266366279679
863f245afffffff,604593156117233663
861e869a7ffffff,604019365532139519
861f9d4c7ffffff,604038517328183295
863869b1fffffff,604474775812702207
861e9acc7ffffff,604020753343447039
861e818dfffffff,604019018579312639
861eb50d7ffffff,604022557498146815
861f9b477ffffff,604038378547052543
861e8ba6fffffff,604019712484966399
863f35857ffffff,604594335756845055
861e9bcefffffff,604020822734012415
861e83a27ffffff,604019161521192959
861e809afffffff,604018953349496831
861e84a4fffffff,604019230911758335
861eb112fffffff,604022284096634879
861f9951fffffff,604038243926671359
861f984f7ffffff,604038174536105983
861f8a2c7ffffff,604037203068190719
863f34927ffffff,604594270527029247
863f246a7ffffff,604593160277983231
861f9b56fffffff,604038382707802111
861f8b2efffffff,604037272458756095
861e86a9fffffff,604019369692889087
863f3594fffffff,604594339917594623
861e8bb67ffffff,604019716645715967
861f9a547ffffff,604038313317236735
861ea606fffffff,604021524961165311
861ea401fffffff,604021386180034559
861f99617ffffff,604038248087420927
861e83b1fffffff,604019165681942527
861e8ecd7ffffff,604019928978161663
861e80aa7ffffff,604018957510246399
861eb1227ffffff,604022288257384447
861e84b47ffffff,604019235072507903
861e8bc5fffffff,604019720806465535
863f34a1fffffff,604594274687778815
861e8ac37ffffff,604019651415900159
861eb52c7ffffff,604022565819645951
861ea5047ffffff,604021455570599935
863f2479fffffff,604593164438732799
861e86b97ffffff,604019373853638655
861f9c68fffffff,604038456259117055
861e82af7ffffff,604019096291377151
861f9b667ffffff,604038386868551679
861f9d6b7ffffff,604038525649682431
861e8cc87ffffff,604019790197030911
861ea6167ffffff,604021529121914879
861ea20c7ffffff,604021251559653375
861e80b9fffffff,604018961670995967
861f9970fffffff,604038252248170495
861ea4117ffffff,604021390340784127
861f986e7ffffff,604038182857605119
861eb131fffffff,604022292418134015
861f8b4dfffffff,604037280780255231
863f24897ffffff,604593168599482367
861e9bb37ffffff,604020815352037375
861e16697ffffff,604011655797407743
861f8a017ffffff,604037191525466111
861f9a297ffffff,604038301774512127
861e99ae7ffffff,604020676570906623
863f34677ffffff,604594258984304639
863869967ffffff,604474768430727167
863f26447ffffff,604593287516389375
861ea3c77ffffff,604021370476560383
861e9db87ffffff,604020954133168127
861e83777ffffff,604019149978468351
861e8e92fffffff,604019913274687487
861e81727ffffff,604019011197337599
861e8b8b7ffffff,604019705102991359
861f98247ffffff,604038162993381375
861e8479fffffff,604019219369033727
861ea5cc7ffffff,604021509257691135
861f9926fffffff,604038232383946751
861ea4c9fffffff,604021439867125759
861ea6cefffffff,604021578648256511
861e8a88fffffff,604019635712425983
861ea2c4fffffff,604021301085995007
861e8ad2fffffff,604019655576649727
861e8bd57ffffff,604019724967215103
863f34b17ffffff,604594278848528383
861e85c67ffffff,604019308623822847
861e83c17ffffff,604019169842692095
861ea0077ffffff,604021112778522623
863f268e7ffffff,604593307380613119
861e88cdfffffff,604019516795518975
861f8a4b7ffffff,604037211389689855
861ea30efffffff,604021320950218751
861f9b75fffffff,604038391029301247
861f9c787ffffff,604038460419866623
861f9d7afffffff,604038529810431999
863f30a77ffffff,604594001286266879
861f9a737ffffff,604038321638735871
861e84d37ffffff,604019243394007039
861ea625fffffff,604021533282664447
861ea420fffffff,604021394501533695
861f9b857ffffff,604038395190050815
863f2498fffffff,604593172760231935
861e85d5fffffff,604019312784572415
861e83d0fffffff,604019174003441663
863f35c37ffffff,604594352399843327
861ea016fffffff,604021116939272191
861e80c97ffffff,604018965831745535
861f99807ffffff,604038256408920063
863f259b7ffffff,604593242150797311
861eb1417ffffff,604022296578883583
863f34c0fffffff,604594283009277951
861f9a82fffffff,604038325799485439
861ea5237ffffff,604021463892099071
861e9b0a7ffffff,604020769986445311
863f30b6fffffff,604594005447016447
861f8a5afffffff,604037215550439423
861ea6357ffffff,604021537443414015
861ea4307ffffff,604021398662283263
861ea22b7ffffff,604021259881152511
861f9b94fffffff,604038399350800383
861f8b6cfffffff,604037289101754367
861e81db7ffffff,604019039383060479
863f35d2fffffff,604594356560592895
861e80d8fffffff,604018969992495103
861f988d7ffffff,604038191179104255
861eb150fffffff,604022300739633151
863f24a87ffffff,604593176920981503
863f34d07ffffff,604594287170027519
861f8a6a7ffffff,604037219711188991
861ea532fffffff,604021468052848639
861ea32dfffffff,604021329271717887
863f26ad7ffffff,604593315702112255
861e9b19fffffff,604020774147194879
861f9a927ffffff,604038329960235007
861eae497ffffff,604022092567937023
86386d06fffffff,604475004788146175
861e9a177ffffff,604020704756629503
861e8e08fffffff,604019876230594559
861ea23afffffff,604021264041902079
861f9ba47ffffff,604038403511549951
861e8b017ffffff,604019668058898431
861ea644fffffff,604021541604163583
861f9aa1fffffff,604038334120984575
861ea5427ffffff,604021472213598207
861e9b297ffffff,604020778307944447
861eb1607ffffff,604022304900382719
861e99247ffffff,604020639526813695
861f8a79fffffff,604037223871938559
861e9d2e7ffffff,604020917089075199
861eb56a7ffffff,604022582462644223
861e9a26fffffff,604020708917379071
861ea035fffffff,604021125260771327
863f25ba7ffffff,604593250472296447
861ea44f7ffffff,604021406983782399
861e8e187ffffff,604019880391344127
861ea6547ffffff,604021545764913151
861ea24a7ffffff,604021268202651647
861ea0457ffffff,604021129421520895
861ea34cfffffff,604021337593217023
861e8a0e7ffffff,604019602829082623
861ea551fffffff,604021476374347775
861e8b10fffffff,604019672219647999
863f24c77ffffff,604593185242480639
861f99aefffffff,604038268891168767
861f9ab17ffffff,604038338281734143
861e9b38fffffff,604020782468694015
861f98ac7ffffff,604038199500603391
861e8501fffffff,604019255876255743
861e88097ffffff,604019464047951871
86386d25fffffff,604475013109645311
863f26cc7ffffff,604593324023611391
861eb579fffffff,604022586623393791
861e8c137ffffff,604019741610213375
861ed6cc7ffffff,604024876512051199
861e9a367ffffff,604020713078128639
861e86047ffffff,604019325266821119
861e840efffffff,604019190646439935
861e8004fffffff,604018913084178431
863f24d6fffffff,604593189403230207
861ea259fffffff,604021272363401215
861f9bc37ffffff,604038411833049087
861ea054fffffff,604021133582270463
861e9a45fffffff,604020717238878207
861e830c7ffffff,604019121255874559
861e85117ffffff,604019260037005311
861e8b207ffffff,604019676380397567
861e9b487ffffff,604020786629443583
861e81077ffffff,604018982474743807
861e8818fffffff,604019468208701439
863f25d97ffffff,604593258793795583
86386d357ffffff,604475017270394879
861eb3847ffffff,604022452003012607
861eb486fffffff,604022521393577983
861ea5617ffffff,604021480535097343
861f9ac0fffffff,604038342442483711
861ea2697ffffff,604021276524150783
861ea46e7ffffff,604021415305281535
861e8a2d7ffffff,604019611150581759
861e80147ffffff,604018917244927999
861eb18efffffff,604022317382631423
861ea6737ffffff,604021554086412287
861f9bd2fffffff,604038415993798655
861e8e377ffffff,604019888712843263
861f99cdfffffff,604038277212667903
861e9a557ffffff,604020721399627775
861eb4967ffffff,604022525554327551
861ea570fffffff,604021484695846911
861ea0647ffffff,604021137743020031
861e88287ffffff,604019472369451007
861f98cb7ffffff,604038207822102527
861f8aa87ffffff,604037236354187263
861e86237ffffff,604019333588320255
861eb598fffffff,604022594944892927
861f8baafffffff,604037305744752639
861e8116fffffff,604018986635493375
863f350e7ffffff,604594303813025791
861ea682fffffff,604021558247161855
861e842dfffffff,604019198967939071
861ea278fffffff,604021280684900351
861e8e46fffffff,604019892873592831
861ea37b7ffffff,604021350075465727
861e9a64fffffff,604020725560377343
861ea5807ffffff,604021488856596479
861e9b677ffffff,604020794950942719
861e832b7ffffff,604019129577373695
861e8c41fffffff,604019754092462079
863f341b7ffffff,604594238583209983
861e8632fffffff,604019337749069823
861f98dafffffff,604038211982852095
861e81267ffffff,604018990796242943
861eb5a87ffffff,604022599105642495
861f8bba7ffffff,604037309905502207
861e85307ffffff,604019268358504447
861e99627ffffff,604020656169811967
861e8228fffffff,604019060186808319
861eb3a37ffffff,604022460324511743
861ea6927ffffff,604021562407911423
861e8e567ffffff,604019897034342399
861eb1adfffffff,604022325704130559
861ea2887ffffff,604021284845649919
861e80337ffffff,604018925566427135
861ea48d7ffffff,604021423626780671
861ea0837ffffff,604021146064519167
861e8b4efffffff,604019688862646271
861e833afffffff,604019133738123263
861e88477ffffff,604019480690950143
861e9a747ffffff,604020729721126911
863f2402fffffff,604593132494913535
861e9b76fffffff,604020799111692287
863f342afffffff,604594242743959551
861f8bc9fffffff,604037314066251775
861e8c517ffffff,604019758253211647
861e8a4c7ffffff,604019619472080895
861e8135fffffff,604018994956992511
861eb3b2fffffff,604022464485261311
861e8949fffffff,604019550081515519
861ea38afffffff,604021354236215295
861e9971fffffff,604020660330561535
861e82387ffffff,604019064347557887
861ea6a1fffffff,604021566568660991
861e8e65fffffff,604019901195091967
861ea092fffffff,604021150225268735
861e854f7ffffff,604019276680003583
861e81457ffffff,604018999117742079
861e844cfffffff,604019207289438207
863f24127ffffff,604593136655663103
863f26177ffffff,604593275436793855
863f343a7ffffff,604594246904709119
861e8042fffffff,604018929727176703
861e8856fffffff,604019484851699711
861e8c60fffffff,604019762413961215
861e9d8b7ffffff,604020942053572607
861e834a7ffffff,604019137898872831
861f8bd97ffffff,604037318227001343
861ea39a7ffffff,604021358396964863
861e89597ffffff,604019554242265087
861e9b867ffffff,604020803272441855
861ea6b17ffffff,604021570729410559
861ea4ac7ffffff,604021431948279807
861e8e757ffffff,604019905355841535
861f99097ffffff,604038224465100799
861ea2a77ffffff,604021293167149055
861f9806fffffff,604038155074535423
861e8154fffffff,604019003278491647
861e80527ffffff,604018933887926271
861eb1ccfffffff,604022334025629695
861e8a6b7ffffff,604019627793580031
861e9d9afffffff,604020946214322175
861f9b0e7ffffff,604038363246231551
861ea0a27ffffff,604021154386018303
861e88667ffffff,604019489012449279
861e8b6dfffffff,604019697184145407
863f354c7ffffff,604594320456024063
861e8c707ffffff,604019766574710783
861e8359fffffff,604019142059622399
861eb4d47ffffff,604022542197325823
861ea5aefffffff,604021501338845183
863f2421fffffff,604593140816412671
861e9b95fffffff,604020807433191423
861ea6c0fffffff,604021574890160127
861e8e84fffffff,604019909516591103
861e8061fffffff,604018938048675839
861ea2b6fffffff,604021297327898623
861e81647ffffff,604019007439241215
861f9918fffffff,604038228625850367
861f98167ffffff,604038159235284991
861e8a7afffffff,604019631954329599
861ea0b1fffffff,604021158546767871
861e8875fffffff,604019493173198847
861e9daa7ffffff,604020950375071743
861e856e7ffffff,604019285001502719
861f9e257ffffff,604038575578677247
861e165b7ffffff,604011652039311359
863f24317ffffff,604593144977162239
861e99a07ffffff,604020672812810239
861f9a1b7ffffff,604038298016415743
861f9a19fffffff,604038297613762559
861eb1dafffffff,604022337783726079
86386986fffffff,604474764269977599
861e1659fffffff,604011651636658175
861e9da8fffffff,604020949972418559
861e8a797ffffff,604019631551676415
861e88747ffffff,604019492770545663
861e856cfffffff,604019284598849535
861ea0b07ffffff,604021158144114687
861f99177ffffff,604038228223197183
863f355a7ffffff,604594324214120447
861f9814fffffff,604038158832631807
861e8162fffffff,604019007036588031
861e80607ffffff,604018937646022655
861e8e837ffffff,604019909113937919
861e846a7ffffff,604019215208284159
861ea2b57ffffff,604021296925245439
861ea4ba7ffffff,604021435706376191
861f9d22fffffff,604038506188111871
861e12517ffffff,604011374477049855
863f26367ffffff,604593283758292991
861e9ba57ffffff,604020811593940991
861e83697ffffff,604019146220371967
861f99287ffffff,604038232786599935
861ea6d07ffffff,604021579050909695
861ea0c17ffffff,604021162707517439
861e8a8a7ffffff,604019636115079167
861ea2c67ffffff,604021301488648191
861e847b7ffffff,604019219771686911
861f9825fffffff,604038163396034559
861ea4cb7ffffff,604021440269778943
861ea5cdfffffff,604021509660344319
861e8e947ffffff,604019913677340671
863f2440fffffff,604593149137911807
861e80717ffffff,604018942209425407
861ea3c8fffffff,604021370879213567
861e8b8cfffffff,604019705505644543
861e9db9fffffff,604020954535821311
861e86807ffffff,604019358552817663
861f9b2d7ffffff,604038371567730687
861f8b057ffffff,604037261318684671
863f2645fffffff,604593287919042559
861f9a2afffffff,604038302177165311
861e8378fffffff,604019150381121535
861f9e34fffffff,604038579739426815
861e9bb4fffffff,604020815754690559
863f356b7ffffff,604594328777523199
861e9cb77ffffff,604020885145255935
861e848afffffff,604019223932436479
861ea0d0fffffff,604021166868267007
861e8080fffffff,604018946370174975
861e8a99fffffff,604019640275828735
861e83887ffffff,604019154541871103
861ea2d5fffffff,604021305649397759
861f98357ffffff,604038167556784127
861ea4dafffffff,604021444430528511
861ea3d87ffffff,604021375039963135
863f24507ffffff,604593153298661375
863f26557ffffff,604593292079792127
861e858d7ffffff,604019293323001855
861f9d41fffffff,604038514509611007
863869a77ffffff,604474772994129919
861f9a3a7ffffff,604038306337914879
861f8b14fffffff,604037265479434239
861e9ac1fffffff,604020750524874751
861e167a7ffffff,604011660360810495
861e81837ffffff,604019015760740351
863f357afffffff,604594332938272767
861ea1d37ffffff,604021236258832383
861ed6557ffffff,604024844568231935
861e9bc47ffffff,604020819915440127
861e8285fffffff,604019085151305727
861e849a7ffffff,604019228093186047
861e80907ffffff,604018950530924543
861e8aa97ffffff,604019644436578303
861f9844fffffff,604038171717533695
861f99477ffffff,604038241108099071
861e8eb37ffffff,604019921998839807
861eb1087ffffff,604022281278062591
863869b6fffffff,604474777154879487
861f8a21fffffff,604037200249618431
863f358a7ffffff,604594337099022335
861f9c4efffffff,604038449279795199
861f8b247ffffff,604037269640183807
861e8192fffffff,604019019921489919
861e82957ffffff,604019089312055295
861eb5127ffffff,604022558840324095
861f9b4c7ffffff,604038379889229823
861e84a9fffffff,604019232253935615
861e8ec2fffffff,604019926159589375
861e83a77ffffff,604019162863370239
861e8ab8fffffff,604019648597327871
861f9956fffffff,604038245268848639
861f98547ffffff,604038175878283263
863f34977ffffff,604594271869206527
861e82a4fffffff,604019093472804863
861e86aefffffff,604019371035066367
861e8bbb7ffffff,604019717987893247
861eb521fffffff,604022563001073663
863f3599fffffff,604594341259771903
863f246f7ffffff,604593161620160511
861f8a317ffffff,604037204410367999
863f26747ffffff,604593300401291263
861ea406fffffff,604021387522211839
861ea201fffffff,604021248741081087
861f99667ffffff,604038249429598207
861e84b97ffffff,604019236414685183
861e8ed27ffffff,604019930320338943
861e83b6fffffff,604019167024119807
861e8bcafffffff,604019722148642815
861eb1277ffffff,604022289599561727
861e80af7ffffff,604018958852423679
863f34a6fffffff,604594276029956095
861f8b437ffffff,604037277961682943
861ea5097ffffff,604021456912777215
861e8ac87ffffff,604019652758077439
861e82b47ffffff,604019097633554431
861e88c37ffffff,604019513976946687
861f9c6dfffffff,604038457601294335
861e8ccd7ffffff,604019791539208191
863f25817ffffff,604593235171475455
861eb024fffffff,604022220208996351
861eb5317ffffff,604022567161823231
861ea3047ffffff,604021318131646463
861f8a40fffffff,604037208571117567
861f9a68fffffff,604038318820163583
861f9975fffffff,604038253590347775
861eb136fffffff,604022293760311295
861e84c8fffffff,604019240575434751
861ea2117ffffff,604021252901830655
861ea4167ffffff,604021391682961407
861e85cb7ffffff,604019309966000127
861ea61b7ffffff,604021530464092159
861e8bda7ffffff,604019726309392383
861e83c67ffffff,604019171184869375
861f98737ffffff,604038184199782399
863f248e7ffffff,604593169941659647
861ea518fffffff,604021461073526783
861e81c17ffffff,604019032403738623
863f34b67ffffff,604594280190705663
861f8b52fffffff,604037282122432511
861ea00c7ffffff,604021114120699903
863f2590fffffff,604593239332225023
861e88d2fffffff,604019518137696255
861e9d04fffffff,604020905949003775
861f8a507ffffff,604037212731867135
863f26937ffffff,604593308722790399
861eb0347ffffff,604022224369745919
861f9b7afffffff,604038392371478527
861e84d87ffffff,604019244736184319
861ea62afffffff,604021534624841727
861ea220fffffff,604021257062580223
861e85dafffffff,604019314126749695
861ea425fffffff,604021395843710975
861e83d5fffffff,604019175345618943
861f9b8a7ffffff,604038396532228095
863f35c87ffffff,604594353742020607
861e80ce7ffffff,604018967173922815
861eb1467ffffff,604022297921060863
861f8b627ffffff,604037286283182079
861f99857ffffff,604038257751097343
861e81d0fffffff,604019036564488191
863f26a2fffffff,604593312883539967
861e9a0cfffffff,604020701938057215
863f34c5fffffff,604594284351455231
861e9b0f7ffffff,604020771328622591
861e9d147ffffff,604020910109753343
861f9882fffffff,604038188360531967
861ea5287ffffff,604021465234276351
861ea3237ffffff,604021326453145599
861ea63a7ffffff,604021538785591295
861ea4357ffffff,604021400004460543
861ea2307ffffff,604021261223329791
861f9b99fffffff,604038400692977663
861f8b71fffffff,604037290443931647
863f26b27ffffff,604593317044289535
861eb155fffffff,604022302081810431
861f8a6f7ffffff,604037221053366271
863f34d57ffffff,604594288512204799
861f9994fffffff,604038261911846911
861f9a977ffffff,604038331302412287
863f24ad7ffffff,604593178263158783
861ea02b7ffffff,604021122442199039
861ea444fffffff,604021404165210111
861e8e0dfffffff,604019877572771839
861f9aa6fffffff,604038335463161855
861ea3427ffffff,604021334774644735
861f9ba97ffffff,604038404853727231
861e8b067ffffff,604019669401075711
861f98a1fffffff,604038196682031103
861ea5477ffffff,604021473555775487
861e9b2e7ffffff,604020779650121727
861ea649fffffff,604021542946340863
861f99a47ffffff,604038266072596479
861eb1657ffffff,604022306242559999
861eb56f7ffffff,604022583804821503
861ea03afffffff,604021126602948607
863f26c1fffffff,604593321205039103
861e9d337ffffff,604020918431252479
861e8c08fffffff,604019738791641087
861f8b817ffffff,604037294604681215
861ed6c1fffffff,604024873693478911
861e84047ffffff,604019187827867647
861ea4547ffffff,604021408325959679
861ea04a7ffffff,604021130763698175
861ea24f7ffffff,604021269544828927
861e8a137ffffff,604019604171259903
861f9bb8fffffff,604038409014476799
861f9ab67ffffff,604038339623911423
861ea351fffffff,604021338935394303
861e8301fffffff,604019118437302271
861ea556fffffff,604021477716525055
861e8b15fffffff,604019673561825279
863f24cc7ffffff,604593186584657919
861eb174fffffff,604022310403309567
861ea6597ffffff,604021547107090431
861f98b17ffffff,604038200842780671
861e9a3b7ffffff,604020714420305919
86386d2afffffff,604475014451822591
861e8c187ffffff,604019742952390655
861e880e7ffffff,604019465390129151
861e8506fffffff,604019257218433023
861ed6d17ffffff,604024877854228479
861e8a22fffffff,604019608332009471
861ea059fffffff,604021134924447743
861eb1847ffffff,604022314564059135
861e83117ffffff,604019122598051839
861e8e2cfffffff,604019885894270975
861ea668fffffff,604021551267839999
861e8009fffffff,604018914426355711
861f9bc87ffffff,604038413175226367
861ea3617ffffff,604021343096143871
861e9b4d7ffffff,604020787971620863
861e9a4afffffff,604020718581055487
861f98c0fffffff,604038205003530239
861e810c7ffffff,604018983816921087
861e8b257ffffff,604019677722574847
863f34017ffffff,604594231603888127
861f99c37ffffff,604038274394095615
861e85167ffffff,604019261379182591
86386d3a7ffffff,604475018612572159
861eb58e7ffffff,604022592126320639
861f9ac5fffffff,604038343784660991
861f9dcd7ffffff,604038551956357119
861ea5667ffffff,604021481877274623
863f20d1fffffff,604592913183145983
861ea4737ffffff,604021416647458815
861ea26e7ffffff,604021277866328063
861e84237ffffff,604019196149366783
861e8a327ffffff,604019612492759039
861e8320fffffff,604019126758801407
861ea6787ffffff,604021555428589567
861e80197ffffff,604018918587105279
861ea0697ffffff,604021139085197311
863f3410fffffff,604594235764637695
861ea370fffffff,604021347256893439
863f24207ffffff,604593140413759487
861e12407ffffff,604011369913647103
861f9a0a7ffffff,604038293453012991
861eb4d2fffffff,604022541794672639
861eb1cb7ffffff,604022333622976511
861e9c96fffffff,604020876421103615
861e8c6efffffff,604019766172057599
861e83587ffffff,604019141656969215
861e9d997ffffff,604020945811668991
861ea0a0fffffff,604021153983365119
861ea5ad7ffffff,604021500936191999
861e164a7ffffff,604011647475908607
861f9b0cfffffff,604038362843578367
861e8864fffffff,604019488609796095
861e8a69fffffff,604019627390926847
861e8b6c7ffffff,604019696781492223
861e8050fffffff,604018933485273087
863f354afffffff,604594320053370879
861ea2a5fffffff,604021292764495871
861f98057ffffff,604038154671882239
861e81537ffffff,604019002875838463
861e845afffffff,604019211047534591
861ea4aafffffff,604021431545626623
861e9a5a7ffffff,604020722741805055
861f98d07ffffff,604038209164279807
861e8b34fffffff,604019681883324415
863f35137ffffff,604594305155203071
861eb49b7ffffff,604022526896504831
861f8aad7ffffff,604037237696364543
861e882d7ffffff,604019473711628287
861f99d2fffffff,604038278554845183
861ea575fffffff,604021486038024191
861e86287ffffff,604019334930497535
861e8432fffffff,604019200310116351
861e8028fffffff,604018922747854847
861eb1a37ffffff,604022322885558271
861e83307ffffff,604019130919550975
861e8b447ffffff,604019686044073983
861ea482fffffff,604021420808208383
861ea5857ffffff,604021490198773759
861ea078fffffff,604021143245946879
863f34207ffffff,604594239925387263
861e812b7ffffff,604018992138420223
861e9b6c7ffffff,604020796293119999
861e9a69fffffff,604020726902554623
861eb5ad7ffffff,604022600447819775
861e8c46fffffff,604019755434639359
861e8a41fffffff,604019616653508607
861e822dfffffff,604019061528985599
861ea28d7ffffff,604021286187827199
861ea6977ffffff,604021563750088703
861eb1b2fffffff,604022327046307839
861e80387ffffff,604018926908604415
861e84427ffffff,604019204470865919
861ea0887ffffff,604021147406696447
861e884c7ffffff,604019482033127423
861e8e5b7ffffff,604019898376519679
861e8544fffffff,604019273861431295
861ea4927ffffff,604021424968957951
861e9a797ffffff,604020731063304191
861e9d80fffffff,604020939235000319
861f8bcefffffff,604037315408429055
861ea594fffffff,604021494359523327
861e8c567ffffff,604019759595388927
861e8a517ffffff,604019620814258175
861e813afffffff,604018996299169791
863f260cfffffff,604593272618221567
861eb4ba7ffffff,604022535218003967
861ea6a6fffffff,604021567910838271
861ea4a1fffffff,604021429129707519
861e814a7ffffff,604019000459919359
861e8451fffffff,604019208631615487
861e8e6afffffff,604019902537269247
861e85547ffffff,604019278022180863
861e8a60fffffff,604019624975007743
861e8b637ffffff,604019694365573119
863f24177ffffff,604593137997840383
861e9d907ffffff,604020943395749887
863f3541fffffff,604594317637451775
861eb1c27ffffff,604022331207057407
861e16417ffffff,604011645059989503
861e9b8b7ffffff,604020804614619135
861e834f7ffffff,604019139241050111
861f9a017ffffff,604038291037093887
861ea5a47ffffff,604021498520272895
861e8c65fffffff,604019763756138495
861ea6b67ffffff,604021572071587839
861ea4b17ffffff,604021433290457087
861e8159fffffff,604019004620668927
861e8e7a7ffffff,604019906698018815
861e84617ffffff,604019212792365055
861f990e7ffffff,604038225807278079
861ea2ac7ffffff,604021294509326335
861e886b7ffffff,604019490354626559
861e8b72fffffff,604019698526322687
863f35517ffffff,604594321798201343
861e8a707ffffff,604019629135757311
861f9b137ffffff,604038364588408831
861e80577ffffff,604018935230103551
861f9a10fffffff,604038295197843455
861eb1d1fffffff,604022335367806975
861ea0a77ffffff,604021155728195583
861e8c757ffffff,604019767916888063
861e1650fffffff,604011649220739071
861e9b9afffffff,604020808775368703
861ea5c37ffffff,604021506841772031
861e8470fffffff,604019216953114623
861ea6c5fffffff,604021576232337407
861e8e89fffffff,604019910858768383
861e81697ffffff,604019008781418495
861e8066fffffff,604018939390853119
861ea4c0fffffff,604021437451206655
861f9b22fffffff,604038368749158399
861f981b7ffffff,604038160577462271
861e85737ffffff,604019286343679999
861e887afffffff,604019494515376127
861e9daf7ffffff,604020951717249023
861e8b827ffffff,604019702687072255
861f9a207ffffff,604038299358593023
861e9baa7ffffff,604020812936118271
861e836e7ffffff,604019147562549247
861ea0b6fffffff,604021159888945151
863f263b7ffffff,604593285100470271
861e99a57ffffff,604020674154987519
861f9e2a7ffffff,604038576920854527
863f24367ffffff,604593146319339519
861e84807ffffff,604019221113864191
861f992d7ffffff,604038234128777215
861ea6d57ffffff,604021580393086975
861e8a8f7ffffff,604019637457256447
861ea0c67ffffff,604021164049694719
861f982afffffff,604038164738211839
861ea5d2fffffff,604021511002521599
861e8e997ffffff,604019915019517951
861e80767ffffff,604018943551602687
861e8178fffffff,604019012942168063
861f9b327ffffff,604038372909907967
863f2445fffffff,604593150480089087
861ea2cb7ffffff,604021302830825471
861ea4d07ffffff,604021441611956223
861f8b0a7ffffff,604037262660861951
861ea3cdfffffff,604021372221390847
861e86857ffffff,604019359894994943
861e8b91fffffff,604019706847821823
861e99b4fffffff,604020678315737087
861e8582fffffff,604019290504429567
863f264afffffff,604593289261219839
861e9bb9fffffff,604020817096867839
863f35707ffffff,604594330119700479
861f9e39fffffff,604038581081604095
861f9d377ffffff,604038511691038719
861ed64afffffff,604024841749659647
861e8085fffffff,604018947712352255
861ea0d5fffffff,604021168210444287
861e838d7ffffff,604019155884048383
861e8ea8fffffff,604019919180267519
861f983a7ffffff,604038168898961407
861ea2dafffffff,604021306991575039
863f24557ffffff,604593154640838655
861e8694fffffff,604019364055744511
861f8b19fffffff,604037266821611519
861e8ba17ffffff,604019711008571391
863f265a7ffffff,604593293421969407
861e85927ffffff,604019294665179135
861e81887ffffff,604019017102917631
861ed65a7ffffff,604024845910409215
861f9b41fffffff,604038377070657535
861f9d46fffffff,604038515851788287
861ea1d87ffffff,604021237601009663
861e8899fffffff,604019502836875263
863869ac7ffffff,604474774336307199
861e9ac6fffffff,604020751867052031
861e9bc97ffffff,604020821257617407
861e80957ffffff,604018951873101823
861e8aae7ffffff,604019645778755583
861e8eb87ffffff,604019923341017087
861f994c7ffffff,604038242450276351
863f348cfffffff,604594269050634239
861eb10d7ffffff,604022282620239871
861e86a47ffffff,604019368216494079
861f9849fffffff,604038173059710975
861f8b297ffffff,604037270982361087
861f9b517ffffff,604038381231407103
861f8a26fffffff,604037201591795711
863f3082fffffff,604593991488372735
861e8bb0fffffff,604019715169320959
863f2464fffffff,604593158801588223
861f9d567ffffff,604038520012537855
863f358f7ffffff,604594338441199615
861eb5177ffffff,604022560182501375
861e83ac7ffffff,604019164205547519
861ea6017ffffff,604021523484770303
861e84aefffffff,604019233596112895
861e8bc07ffffff,604019719330070527
861e80a4fffffff,604018956033851391
861eb526fffffff,604022564343250943
861f98597ffffff,604038177220460543
863f24747ffffff,604593162962337791
863f30927ffffff,604593995649122303
861f8b38fffffff,604037275143110655
861f8a367ffffff,604037205752545279
863f26797ffffff,604593301743468543
861e82a9fffffff,604019094814982143
861f9c637ffffff,604038454782722047
861f9d65fffffff,604038524173287423
861e85b17ffffff,604019302986678271
861f9b60fffffff,604038385392156671
861ea610fffffff,604021527645519871
861f996b7ffffff,604038250771775487
861ea206fffffff,604021250083258367
861e8ed77ffffff,604019931662516223
861f9868fffffff,604038181381210111
861f8b487ffffff,604037279303860223
861e85c0fffffff,604019307147427839
861e80b47ffffff,604018960194600959
861eb12c7ffffff,604022290941739007
861e8acd7ffffff,604019654100254719
861ea001fffffff,604021111302127615
861ea3097ffffff,604021319473823743
861eb5367ffffff,604022568504000511
861ea50e7ffffff,604021458254954495
861e88c87ffffff,604019515319123967
863f2688fffffff,604593305904218111
863f25867ffffff,604593236513652735
861f9a6dfffffff,604038320162340863
861f9b707ffffff,604038389552906239
861f8a45fffffff,604037209913294847
863f30a1fffffff,604593999809871871
861e82b97ffffff,604019098975731711
861ea6207ffffff,604021531806269439
861ea2167ffffff,604021254244007935
861e84cdfffffff,604019241917612031
861f997afffffff,604038254932525055
861ea41b7ffffff,604021393025138687
861f98787ffffff,604038185541959679
863f24937ffffff,604593171283836927
861e85d07ffffff,604019311308177407
861ea0117ffffff,604021115462877183
863f34bb7ffffff,604594281532882943
861e83cb7ffffff,604019172527046655
861e81c67ffffff,604019033745915903
861ea318fffffff,604021323634573311
863f2595fffffff,604593240674402303
863f30b17ffffff,604594003970621439
861e9b04fffffff,604020768510050303
861e9a027ffffff,604020699119484927
863f26987ffffff,604593310064967679
861e86d2fffffff,604019380698742783
861f8a557ffffff,604037214074044415
861eb545fffffff,604022572664750079
861ea42afffffff,604021397185888255
861ea225fffffff,604021258404757503
861f9b8f7ffffff,604038397874405375
861e80d37ffffff,604018968516100095
861f8b677ffffff,604037287625359359
863f35cd7ffffff,604594355084197887
861eb4c37ffffff,604022537633923071
861ea398fffffff,604021357994311679
861e8348fffffff,604019137496219647
861e9b84fffffff,604020802869788671
861e9d89fffffff,604020941650919423
861e8a5a7ffffff,604019623230177279
861e80417ffffff,604018929324523519
863f3438fffffff,604594246502055935
863f2615fffffff,604593275034140671
861e88557ffffff,604019484449046527
863f2410fffffff,604593136253009919
861ea49b7ffffff,604021427384877055
861e844b7ffffff,604019206886785023
861e854dfffffff,604019276277350399
861ea0917ffffff,604021149822615551
861e8e647ffffff,604019900792438783
861ea2967ffffff,604021288603746303
861ea6a07ffffff,604021566166007807
861e83dafffffff,604019176687796223
861f8a64fffffff,604037218234793983
861e81d5fffffff,604019037906665471
863f24a2fffffff,604593175444586495
861f9a8cfffffff,604038328483839999
861f998a7ffffff,604038259093274623
861ea3287ffffff,604021327795322879
861eb14b7ffffff,604022299263238143
863f34cafffffff,604594285693632511
861e9a11fffffff,604020703280234495
861ea020fffffff,604021119623626751
861e9b147ffffff,604020772670799871
861ea43a7ffffff,604021401346637823
861e8e037ffffff,604019874754199551
861ea2357ffffff,604021262565507071
863f24b27ffffff,604593179605336063
863f26b77ffffff,604593318386466815
861eb564fffffff,604022580986249215
861f8b76fffffff,604037291786108927
861e9a217ffffff,604020707440984063
861f8a747ffffff,604037222395543551
861ea0307ffffff,604021123784376319
861eb15afffffff,604022303423987711
863f34da7ffffff,604594289854382079
861f9ea67ffffff,604038610206851071
861f9999fffffff,604038263254024191
861f98977ffffff,604038193863458815
861e12d27ffffff,604011409105223679
861e9d28fffffff,604020915612680191
861ea449fffffff,604021405507387391
861ea244fffffff,604021266726256639
861e8e12fffffff,604019878914949119
861e8b0b7ffffff,604019670743252991
861f9bae7ffffff,604038406195904511
861f99a97ffffff,604038267414773759
861ea64efffffff,604021544288518143
861ea3477ffffff,604021336116822015
861e8a08fffffff,604019601352687615
863f24c1fffffff,604593183766085631
861ea54c7ffffff,604021474897952767
86386d207ffffff,604475011633250303
861e9b337ffffff,604020780992299007
863f26c6fffffff,604593322547216383
861eb16a7ffffff,604022307584737279
861eb5747ffffff,604022585146998783
861f98a6fffffff,604038198024208383
861e8c0dfffffff,604019740133818367
861e9a30fffffff,604020711601733631
861e992e7ffffff,604020642211168255
861f9eb5fffffff,604038614367600639
863f25c47ffffff,604593253156651007
863869167ffffff,604474734070988799
861e9d387ffffff,604020919773429759
861e84097ffffff,604019189170044927
861ea4597ffffff,604021409668136959
861ea2547ffffff,604021270887006207
861ea04f7ffffff,604021132105875455
861e8306fffffff,604019119779479551
861e8b1afffffff,604019674904002559
861e8e227ffffff,604019883075698687
861e8a187ffffff,604019605513437183
861f99b8fffffff,604038271575523327
861e9a407ffffff,604020715762483199
861ea356fffffff,604021340277571583
861e8101fffffff,604018980998348799
863f24d17ffffff,604593187926835199
861f9abb7ffffff,604038340966088703
861e9b42fffffff,604020785153048575
861eb179fffffff,604022311745486847
861f98b67ffffff,604038202184957951
861eb4817ffffff,604022519917182975
861e88137ffffff,604019466732306431
863f26d67ffffff,604593326707965951
861ea468fffffff,604021413828886527
861e8418fffffff,604019193330794495
861e83167ffffff,604019123940229119
861e800efffffff,604018915768532991
861ea66dfffffff,604021552610017279
861e8e31fffffff,604019887236448255
861e851b7ffffff,604019262721359871
861e8b2a7ffffff,604019679064752127
861eb1897ffffff,604022315906236415
861f98c5fffffff,604038206345707519
863f34067ffffff,604594232946065407
861f99c87ffffff,604038275736272895
861f9bcd7ffffff,604038414517403647
861e81117ffffff,604018985159098367
861ea3667ffffff,604021344438321151
861eb490fffffff,604022524077932543
861eb5937ffffff,604022593468497919
861ea56b7ffffff,604021483219451903
863f3508fffffff,604594302336630783
861e9b527ffffff,604020789313798143
861e994d7ffffff,604020650532667391
861ea4787ffffff,604021417989636095
861e84287ffffff,604019197491544063
861e8a377ffffff,604019613834936319
861ea2737ffffff,604021279208505343
861e8e417ffffff,604019891397197823
861e8325fffffff,604019128100978687
861e8b39fffffff,604019683225501695
861eb198fffffff,604022320066985983
861e9b61fffffff,604020793474547711
863f3415fffffff,604594237106814975
861f98d57ffffff,604038210506457087
861eb5a2fffffff,604022597629247487
861ea06e7ffffff,604021140427374591
861ea375fffffff,604021348599070719
861e8120fffffff,604018989319847935
863f35187ffffff,604594306497380351
861ea57afffffff,604021487380201471
861e82237ffffff,604019058710413311
861e852afffffff,604019266882109439
861e862d7ffffff,604019336272674815
861ea68cfffffff,604021560931516415
861ea282fffffff,604021283369254911
861e802dfffffff,604018924090032127
861eb1a87ffffff,604022324227735551
861e8e50fffffff,604019895557947391
861e83357ffffff,604019132261728255
861e8b497ffffff,604019687386251263
861ea58a7ffffff,604021491540951039
861e8841fffffff,604019479214555135
863f34257ffffff,604594241267564543
861e9a6efffffff,604020728244731903
863f26027ffffff,604593269799649279
861e9b717ffffff,604020797635297279
861e8a46fffffff,604019617995685887
861eb5b27ffffff,604022601789997055
861f8bc47ffffff,604037312589856767
861e8232fffffff,604019062871162879
861e853a7ffffff,604019271042859007
861e81307ffffff,604018993480597503
861eb0a5fffffff,604022254837170175
861ea2927ffffff,604021287530004479
861e8549fffffff,604019275203608575
861e8e607ffffff,604019899718696959
861e84477ffffff,604019205813043199
861e8b58fffffff,604019691547000831
861ea599fffffff,604021495701700607
861ea08d7ffffff,604021148748873727
863f3434fffffff,604594245428314111
861ea4977ffffff,604021426311135231
861e88517ffffff,604019483375304703
861e8a567ffffff,604019622156435455
863f2611fffffff,604593273960398847
861e9d85fffffff,604020940577177599
861e8c5b7ffffff,604019760937566207
863f240cfffffff,604593135179268095
861e8344fffffff,604019136422477823
861e9b80fffffff,604020801796046847
861e85597ffffff,604019279364358143
861e8456fffffff,604019209973792767
861ea4a6fffffff,604021430471884799
861e814f7ffffff,604019001802096639
861ea2a1fffffff,604021291690754047
861f98017ffffff,604038153598140415
861e8a65fffffff,604019626317185023
861e9d957ffffff,604020944737927167
861e83547ffffff,604019140583227391
861ea5a97ffffff,604021499862450175
861e8860fffffff,604019487536054271
861e8b687ffffff,604019695707750399
861eb1c77ffffff,604022332549234687
861e804cfffffff,604018932411531263
861f9a067ffffff,604038292379271167
861e8c6afffffff,604019765098315775
863f3546fffffff,604594318979629055
861f9b08fffffff,604038361769836543
861e16467ffffff,604011646402166783
863f26217ffffff,604593278121148415
863f34447ffffff,604594249589063679
861e9a8dfffffff,604020736566231039
861e9c92fffffff,604020875347361791
861ea6bb7ffffff,604021573413765119
861e84667ffffff,604019214134542335
861ea2b17ffffff,604021295851503615
861ea4b67ffffff,604021434632634367
861e8a757ffffff,604019630477934591
861e9da4fffffff,604020948898676735
861f9810fffffff,604038157758889983
861eb1d6fffffff,604022336709984255
861e8568fffffff,604019283525107711
861f99137ffffff,604038227149455359
861ea5b8fffffff,604021504023199743
861e8c7a7ffffff,604019769259065343
861e88707ffffff,604019491696803839
863f35567ffffff,604594323140378623
861f9b187ffffff,604038365930586111
861f9a15fffffff,604038296540020735
861ea0ac7ffffff,604021157070372863
863f2630fffffff,604593282281897983
86386982fffffff,604474763196235775
861e1655fffffff,604011650562916351
861e8475fffffff,604019218295291903
861e8a84fffffff,604019634638684159
861ea4c5fffffff,604021438793383935
861ea5c87ffffff,604021508183949311
861f9922fffffff,604038231310204927
861e8e8efffffff,604019912200945663
861ea2c0fffffff,604021300012253183
861ea6cafffffff,604021577574514687
861e816e7ffffff,604019010123595775
861f98207ffffff,604038161919639551
861e9db47ffffff,604020953059426303
861e85787ffffff,604019287685857279
861ea3c37ffffff,604021369402818559
861f9a257ffffff,604038300700770303
861e83737ffffff,604019148904726527
863f243b7ffffff,604593147661516799
863f26407ffffff,604593286442647551
861e8b877ffffff,604019704029249535
861f9e2f7ffffff,604038578263031807
861e9baf7ffffff,604020814278295551
861f9d2cfffffff,604038508872466431
863869927ffffff,604474767356985343
861e8c89fffffff,604019773419814911
861ed6407ffffff,604024838931087359
863f34637ffffff,604594257910562815
861e99aa7ffffff,604020675497164799
861e8382fffffff,604019153065476095
861e84857ffffff,604019222456041471
861ea0cb7ffffff,604021165391871999
861ea6da7ffffff,604021581735264255
861e8a947ffffff,604019638799433727
861f99327ffffff,604038235470954495
861ea2d07ffffff,604021304173002751
861ea4d57ffffff,604021442954133503
861f9b377ffffff,604038374252085247
861f9a34fffffff,604038304861519871
863f244afffffff,604593151822266367
861e807b7ffffff,604018944893779967
861f8b0f7ffffff,604037264003039231
861ea3d2fffffff,604021373563568127
861e868a7ffffff,604019361237172223
863f3472fffffff,604594262071312383
861f8a0cfffffff,604037194612473855
861e8b96fffffff,604019708189999103
861e99707ffffff,604020659927908351
861e986dfffffff,604020590537342975
861e89487ffffff,604019549678862335
861eb3b17ffffff,604022464082608127
861e81347ffffff,604018994554339327
861e8a4afffffff,604019619069427711
861ea3897ffffff,604021353833562111
863f34297ffffff,604594242341306367
861f8bc87ffffff,604037313663598591
861e8236fffffff,604019063944904703
863f26067ffffff,604593270873391103
861e9b757ffffff,604020798709039103
861e9a72fffffff,604020729318473727
861eb5b67ffffff,604022602863738879
861e83397ffffff,604019133335470079
863f24017ffffff,604593132092260351
861e8845fffffff,604019480288296959
861e8b4d7ffffff,604019688459993087
861ea58e7ffffff,604021492614692863
861ea081fffffff,604021145661865983
861e8031fffffff,604018925163773951
861e8e54fffffff,604019896631689215
861ea286fffffff,604021284442996735
861eb1ac7ffffff,604022325301477375
861ea690fffffff,604021562005258239
863869a1fffffff,604474771517734911
863f35757ffffff,604594331461877759
861ea0dafffffff,604021169552621567
861e83927ffffff,604019157226225663
861e8494fffffff,604019226616791039
861e808afffffff,604018949054529535
861eb102fffffff,604022279801667583
861f9941fffffff,604038239631704063
861e8eadfffffff,604019920522444799
863f34827ffffff,604594266232061951
863f245a7ffffff,604593155983015935
863869b17ffffff,604474775678484479
861e8699fffffff,604019365397921791
861e85977ffffff,604019296007356415
861e818d7ffffff,604019018445094911
861eb50cfffffff,604022557363929087
861f9b46fffffff,604038378412834815
861e8ba67ffffff,604019712350748671
861e83a1fffffff,604019161386975231
861e809a7ffffff,604018953215279103
861e8ab37ffffff,604019647120932863
861e84a47ffffff,604019230777540607
861f984efffffff,604038174401888255
861eb1127ffffff,604022283962417151
861f99517ffffff,604038243792453631
863f3491fffffff,604594270392811519
861f9b567ffffff,604038382573584383
863f2469fffffff,604593160143765503
861f8b2e7ffffff,604037272324538367
863f35947ffffff,604594339783376895
861e86a97ffffff,604019369558671359
861e8bb5fffffff,604019716511498239
861ea6067ffffff,604021524826947583
861f9960fffffff,604038247953203199
861ea4017ffffff,604021386045816831
861e83b17ffffff,604019165547724799
861e8eccfffffff,604019928843943935
861e80a9fffffff,604018957376028671
861e8bc57ffffff,604019720672247807
863f34a17ffffff,604594274553561087
861eb121fffffff,604022288123166719
861e8ac2fffffff,604019651281682431
863f24797ffffff,604593164304515071
861e82aefffffff,604019096157159423
861e86b8fffffff,604019373719420927
863f30977ffffff,604593996991299583
861f9c687ffffff,604038456124899327
861f8a3b7ffffff,604037207094722559
861f9b65fffffff,604038386734333951
861f9d6afffffff,604038525515464703
861e84c37ffffff,604019239099039743
861ea615fffffff,604021528987697151
861e80b97ffffff,604018961536778239
861ea410fffffff,604021390206566399
861f99707ffffff,604038252113952767
861eb1317ffffff,604022292283916287
861f8b4d7ffffff,604037280646037503
861f986dfffffff,604038182723387391
861ea5137ffffff,604021459597131775
863f2488fffffff,604593168465264639
861e8ad27ffffff,604019655442431999
861e83c0fffffff,604019169708474367
861e8bd4fffffff,604019724832997375
863f34b0fffffff,604594278714310655
861e85c5fffffff,604019308489605119
863f268dfffffff,604593307246395391
861ea006fffffff,604021112644304895
861e88cd7ffffff,604019516661301247
861ea30e7ffffff,604021320816001023
861f8a4afffffff,604037211255472127
863f258b7ffffff,604593237855830015
861f9b757ffffff,604038390895083519
861eb53b7ffffff,604022569846177791
861f9d7a7ffffff,604038529676214271
863f35b37ffffff,604594348104876031
861eb02efffffff,604022222893350911
861f9a72fffffff,604038321504518143
861e84d2fffffff,604019243259789311
861ea6257ffffff,604021533148446719
861ea4207ffffff,604021394367315967
861ea21b7ffffff,604021255586185215
861f9b84fffffff,604038395055833087
863f24987ffffff,604593172626014207
861e85d57ffffff,604019312650354687
861e81cb7ffffff,604019035088093183
861e83d07ffffff,604019173869223935
861ea0167ffffff,604021116805054463
861e80c8fffffff,604018965697527807
863f35c2fffffff,604594352265625599
861eb140fffffff,604022296444665855
863f259afffffff,604593242016579583
861e9b09fffffff,604020769852227583
863f34c07ffffff,604594282875060223
861ea522fffffff,604021463757881343
863f30b67ffffff,604594005312798719
861e9a077ffffff,604020700461662207
861f9a827ffffff,604038325665267711
861f8a5a7ffffff,604037215416221695
861e9d0efffffff,604020908633358335
861ea634fffffff,604021537309196287
861f9b947ffffff,604038399216582655
861ea22afffffff,604021259746934783
861f8b6c7ffffff,604037288967536639
861e81dafffffff,604019039248842751
863f35d27ffffff,604594356426375167
861e80d87ffffff,604018969858277375
861f988cfffffff,604038191044886527
861f8a69fffffff,604037219576971263
861f998f7ffffff,604038260435451903
861ea5327ffffff,604021467918630911
861eb1507ffffff,604022300605415423
861ea32d7ffffff,604021329137500159
863f26acfffffff,604593315567894527
861e9b197ffffff,604020774012977151
861f9a91fffffff,604038329826017279
86386d067ffffff,604475004653928447
861e9a16fffffff,604020704622411775
861e8e087ffffff,604019876096376831
861ea23a7ffffff,604021263907684351
861ea6447ffffff,604021541469945855
861e8b00fffffff,604019667924680703
861f9aa17ffffff,604038333986766847
863f24b77ffffff,604593180947513343
861ea541fffffff,604021472079380479
861e9b28fffffff,604020778173726719
861eb569fffffff,604022582328426495
861f8a797ffffff,604037223737720831
861ea0357ffffff,604021125126553599
861e9a267ffffff,604020708783161343
861eae587ffffff,604022096594468863
861e8c037ffffff,604019737315246079
861e9d2dfffffff,604020916954857471
861ea44efffffff,604021406849564671
861f9bb37ffffff,604038407538081791
861ea249fffffff,604021268068433919
861ea5517ffffff,604021476240130047
861ea34c7ffffff,604021337458999295
863f24c6fffffff,604593185108262911
861e8a0dfffffff,604019602694864895
861e8b107ffffff,604019672085430271
861f9ab0fffffff,604038338147516415
861ea044fffffff,604021129287303167
861f99ae7ffffff,604038268756951039
861e85017ffffff,604019255742038015
861e9b387ffffff,604020782334476287
861e8808fffffff,604019463913734143
86386d257ffffff,604475012975427583
861eb16f7ffffff,604022308926914559
861f8b8b7ffffff,604037297289035775
861e9a35fffffff,604020712943910911
861eb5797ffffff,604022586489176063
861e840e7ffffff,604019190512222207
861e80047ffffff,604018912949960703
861ea6637ffffff,604021549791444991
861ea0547ffffff,604021133448052735
863f24d67ffffff,604593189269012479
861ea2597ffffff,604021272229183487
861f9bc2fffffff,604038411698831359
861e8e277ffffff,604019884417875967
861e9a457ffffff,604020717104660479
861f98bb7ffffff,604038203527135231
861e8510fffffff,604019259902787583
861e8106fffffff,604018982340526079
861e88187ffffff,604019468074483711
861ed6db7ffffff,604024880538583039
861eb4867ffffff,604022521259360255
863f25d8fffffff,604593258659577855
86386d34fffffff,604475017136177151
861e86137ffffff,604019329293352959
861ea560fffffff,604021480400879615
863f26db7ffffff,604593328050143231
861eb588fffffff,604022590649925631
861ea268fffffff,604021276389933055
861ea46dfffffff,604021415171063807
861e8a2cfffffff,604019611016364031
861ea672fffffff,604021553952194559
861f9bd27ffffff,604038415859580927
861eb18e7ffffff,604022317248413695
861ea36b7ffffff,604021345780498431
861e831b7ffffff,604019125282406399
861e8e36fffffff,604019888578625535
861f99cd7ffffff,604038277078450175
861e8b2f7ffffff,604019680406929407
861e9a54fffffff,604020721265410047
861f98cafffffff,604038207687884799
861ea5707ffffff,604021484561629183
861e8622fffffff,604019333454102527
861eb495fffffff,604022525420109823
863f340b7ffffff,604594234288242687
861e9b577ffffff,604020790655975423
861e81167ffffff,604018986501275647
861f8baa7ffffff,604037305610534911
863f350dfffffff,604594303678808063
861eb5987ffffff,604022594810675199
861ea6827ffffff,604021558112944127
861e842d7ffffff,604019198833721343
861ea2787ffffff,604021280550682623
861e80237ffffff,604018921271459839
861e8e467ffffff,604019892739375103
861e9a647ffffff,604020725426159615
861e832afffffff,604019129443155967
861ea0737ffffff,604021141769551871
861ea37afffffff,604021349941247999
861e8c417ffffff,604019753958244351
861e9b66fffffff,604020794816724991
863f341afffffff,604594238448992255
861e8125fffffff,604018990662025215
861e86327ffffff,604019337614852095
861f98da7ffffff,604038211848634367
861f8bb9fffffff,604037309771284479
861e9961fffffff,604020656035594239
861e82287ffffff,604019060052590591
861eb3a2fffffff,604022460190294015
861ea691fffffff,604021562273693695
861eb1ad7ffffff,604022325569912831
861ea48cfffffff,604021423492562943
861e8e55fffffff,604019896900124671
861e8032fffffff,604018925432209407
861ea58f7ffffff,604021492883128319
861ea082fffffff,604021145930301439
861e8b4e7ffffff,604019688728428543
861e833a7ffffff,604019133603905535
863f24027ffffff,604593132360695807
861eb5b77ffffff,604022603132174335
861e8846fffffff,604019480556732415
863f26077ffffff,604593271141826559
863f342a7ffffff,604594242609741823
861e9b767ffffff,604020798977474559
861e8c50fffffff,604019758118993919
861f8bc97ffffff,604037313932034047
861eb3b27ffffff,604022464351043583
861f8bb8fffffff,604037309502849023
861f98d97ffffff,604038211580198911
861e86317ffffff,604019337346416639
863f3419fffffff,604594238180556799
861e82277ffffff,604019059784155135
861e8124fffffff,604018990393589759
861e9b65fffffff,604020794548289535
861e8c407ffffff,604019753689808895
861ea0727ffffff,604021141501116415
861e8329fffffff,604019129174720511
861eb5a6fffffff,604022598702989311
861e9a637ffffff,604020725157724159
861ea379fffffff,604021349672812543
861e8a3b7ffffff,604019614908678143
861e8e457ffffff,604019892470939647
861e80227ffffff,604018921003024383
861e842c7ffffff,604019198565285887
861ea2777ffffff,604021280282247167
861ea6817ffffff,604021557844508671
861e81357ffffff,604018994822774783
861e89497ffffff,604019549947297791
861ea38a7ffffff,604021354101997567
861e986efffffff,604020590805778431
861e99717ffffff,604020660196343807
861ea6a17ffffff,604021566434443263
861ea2977ffffff,604021288872181759
861e8e657ffffff,604019901060874239
861ea0927ffffff,604021150091051007
861e844c7ffffff,604019207155220479
861e854efffffff,604019276545785855
861e8144fffffff,604018998983524351
863f2411fffffff,604593136521445375
863f2616fffffff,604593275302576127
863f3439fffffff,604594246770491391
861e80427ffffff,604018929592958975
861e88567ffffff,604019484717481983
861e9d8afffffff,604020941919354879
861e8c607ffffff,604019762279743487
861e9b85fffffff,604020803138224127
861e8a5b7ffffff,604019623498612735
861f8bd8fffffff,604037318092783615
861ea399fffffff,604021358262747135
86386d72fffffff,604475033779175423
861e8349fffffff,604019137764655103
861eb4c47ffffff,604022537902358527
861ea6b0fffffff,604021570595192831
861e8e74fffffff,604019905221623807
861f9908fffffff,604038224330883071
861f98067ffffff,604038154940317695
861ea2a6fffffff,604021293032931327
861e81547ffffff,604019003144273919
861e8a6afffffff,604019627659362303
861e8865fffffff,604019488878231551
861e8051fffffff,604018933753708543
861eb1cc7ffffff,604022333891411967
861e164b7ffffff,604011647744344063
861ea0a1fffffff,604021154251800575
861e8b6d7ffffff,604019697049927679
861e9d9a7ffffff,604020946080104447
861f9b0dfffffff,604038363112013823
861ea5ae7ffffff,604021501204627455
861e83597ffffff,604019141925404671
863f24217ffffff,604593140682194943
861ea3a97ffffff,604021362423496703
861e9b957ffffff,604020807298973695
861f9a0b7ffffff,604038293721448447
861ea4bb7ffffff,604021435974811647
861ea6c07ffffff,604021574755942399
861ea2b67ffffff,604021297193680895
861e8e847ffffff,604019909382373375
861e846b7ffffff,604019215476719615
861e80617ffffff,604018937914458111
861f9815fffffff,604038159101067263
861f99187ffffff,604038228491632639
863f355b7ffffff,604594324482555903
861ea0b17ffffff,604021158412550143
861e8a7a7ffffff,604019631820111871
861e856dfffffff,604019284867284991
861e88757ffffff,604019493038981119
861f9e24fffffff,604038575444459519
861e9da9fffffff,604020950240854015
861f9a1afffffff,604038297882198015
861e165afffffff,604011651905093631
861e8368fffffff,604019146086154239
861e1250fffffff,604011374342832127
863f2430fffffff,604593144842944511
861ea2c5fffffff,604021301354430463
861ea0c0fffffff,604021162573299711
861e8a89fffffff,604019635980861439
861e847afffffff,604019219637469183
861ea4cafffffff,604021440135561215
861ea5cd7ffffff,604021509526126591
861f98257ffffff,604038163261816831
861e8070fffffff,604018942075207679
861ea3c87ffffff,604021370744995839
861e81737ffffff,604019011465773055
863f24407ffffff,604593149003694079
861e8b8c7ffffff,604019705371426815
861f9b2cfffffff,604038371433512959
861e9db97ffffff,604020954401603583
863f26457ffffff,604593287784824831
861f8b04fffffff,604037261184466943
863869977ffffff,604474768699162623
861e9bb47ffffff,604020815620472831
861e83787ffffff,604019150246903807
861f9a2a7ffffff,604038302042947583
861f9e347ffffff,604038579605209087
861e99af7ffffff,604020676839342079
861e9cb6fffffff,604020885011038207
861e848a7ffffff,604019223798218751
861ea0d07ffffff,604021166734049279
861e80807ffffff,604018946235957247
861e8a997ffffff,604019640141611007
861ea2d57ffffff,604021305515180031
861e8ea37ffffff,604019917703872511
861f99377ffffff,604038236813131775
861f9834fffffff,604038167422566399
861ea4da7ffffff,604021444296310783
863f2654fffffff,604593291945574399
863869a6fffffff,604474772859912191
861e868f7ffffff,604019362579349503
861f9d417ffffff,604038514375393279
861f8b147ffffff,604037265345216511
861e858cfffffff,604019293188784127
863f357a7ffffff,604594332804055039
861e9ac17ffffff,604020750390657023
861f9a39fffffff,604038306203697151
861f8a11fffffff,604037195954651135
861e1679fffffff,604011660226592767
861e8182fffffff,604019015626522623
861e8499fffffff,604019227958968319
861e83977ffffff,604019158568402943
861e8aa8fffffff,604019644302360575
861f9946fffffff,604038240973881343
861f98447ffffff,604038171583315967
861e8eb2fffffff,604019921864622079
863f34877ffffff,604594267574239231
861e8bab7ffffff,604019713692925951
863869b67ffffff,604474777020661759
861f8a217ffffff,604037200115400703
863f3589fffffff,604594336964804607
861e8294fffffff,604019089177837567
861f9c4e7ffffff,604038449145577471
861f9d50fffffff,604038518536142847
861e81927ffffff,604019019787272191
861e84a97ffffff,604019232119717887
861e8ec27ffffff,604019926025371647
861e83a6fffffff,604019162729152511
861e8ab87ffffff,604019648463110143
861eb1177ffffff,604022285304594431
861f99567ffffff,604038245134630911
863f3496fffffff,604594271734988799
861e82a47ffffff,604019093338587135
861e86ae7ffffff,604019370900848639
861f9b5b7ffffff,604038383915761663
861e8bbafffffff,604019717853675519
863f35997ffffff,604594341125554175
861eb5217ffffff,604022562866855935
861f8a30fffffff,604037204276150271
861f8b337ffffff,604037273666715647
863f246efffffff,604593161485942783
863f308cfffffff,604593994172727295
861f9965fffffff,604038249295380479
861ea4067ffffff,604021387387994111
861ea2017ffffff,604021248606863359
861e8ed1fffffff,604019930186121215
861e84b8fffffff,604019236280467455
861e8bca7ffffff,604019722014425087
861eb126fffffff,604022289465343999
861f98637ffffff,604038179904815103
861e83b67ffffff,604019166889902079
861ea60b7ffffff,604021526169124863
861e80aefffffff,604018958718205951
863f34a67ffffff,604594275895738367
861f8b42fffffff,604037277827465215
861ea508fffffff,604021456778559487
861eb530fffffff,604022567027605503
861f9c6d7ffffff,604038457467076607
861e8cccfffffff,604019791404990463
861e88c2fffffff,604019513842728959
863f2580fffffff,604593235037257727
863f26837ffffff,604593304427823103
861f8a407ffffff,604037208436899839
861e85bb7ffffff,604019305671032831
861eb0247ffffff,604022220074778623
861ea210fffffff,604021252767612927
861ea415fffffff,604021391548743679
861eb1367ffffff,604022293626093567
861e84c87ffffff,604019240441217023
861f99757ffffff,604038253456130047
861ea61afffffff,604021530329874431
861e8bd9fffffff,604019726175174655
861f9872fffffff,604038184065564671
861e85cafffffff,604019309831782399
861e8ad77ffffff,604019656784609279
863f34b5fffffff,604594280056487935
861e83c5fffffff,604019171050651647
861ea5187ffffff,604021460939309055
863f248dfffffff,604593169807441919
861e81c0fffffff,604019032269520895
861f8b527ffffff,604037281988214783
863f25907ffffff,604593239198007295
861e88d27ffffff,604019518003478527
861ea3137ffffff,604021322158178303
863f2692fffffff,604593308588572671
861e9d047ffffff,604020905814786047
861f9b7a7ffffff,604038392237260799
861ea62a7ffffff,604021534490623999
861e85da7ffffff,604019313992531967
861ea4257ffffff,604021395709493247
861ea2207ffffff,604021256928362495
861ea01b7ffffff,604021118147231743
861e83d57ffffff,604019175211401215
861f8b61fffffff,604037286148964351
861f9b89fffffff,604038396398010367
861e80cdfffffff,604018967039705087
861e81d07ffffff,604019036430270463
863f26a27ffffff,604593312749322239
861eb145fffffff,604022297786843135
861f9984fffffff,604038257616879615
861e9a0c7ffffff,604020701803839487
863f34c57ffffff,604594284217237503
861f9a877ffffff,604038327007444991
861e9b0efffffff,604020771194404863
861f98827ffffff,604038188226314239
863f20937ffffff,604592896405929983
863f30bb7ffffff,604594006654975999
861ea639fffffff,604021538651373567
861ea434fffffff,604021399870242815
861f9b997ffffff,604038400558759935
861f8b717ffffff,604037290309713919
863f26b1fffffff,604593316910071807
861f8a6efffffff,604037220919148543
863f35d77ffffff,604594357768552447
863f34d4fffffff,604594288377987071
861eb1557ffffff,604022301947592703
861f9a96fffffff,604038331168194559
861f99947ffffff,604038261777629183
861ea5377ffffff,604021469260808191
863f24acfffffff,604593178128941055
861e9d237ffffff,604020914136285183
861f9891fffffff,604038192387063807
861f9ea0fffffff,604038608730456063
861ea02afffffff,604021122307981311
861ea4447ffffff,604021404030992383
861e8e0d7ffffff,604019877438554111
861f9aa67ffffff,604038335328944127
861ea341fffffff,604021334640427007
861e8a037ffffff,604019599876292607
861f9ba8fffffff,604038404719509503
861e8b05fffffff,604019669266857983
861f98a17ffffff,604038196547813375
861e9a2b7ffffff,604020710125338623
861eb164fffffff,604022306108342271
861eb56efffffff,604022583670603775
861ea546fffffff,604021473421557759
863f20dafffffff,604592915599065087
861f9acefffffff,604038346200580095
861e8621fffffff,604019333185667071
861e9b567ffffff,604020790387539967
861f8ba97ffffff,604037305342099455
861e81157ffffff,604018986232840191
861eb494fffffff,604022525151674367
863f340a7ffffff,604594234019807231
861f98c9fffffff,604038207419449343
861eb5977ffffff,604022594542239743
861ea062fffffff,604021137340366847
861f99cc7ffffff,604038276810014719
861e8b2e7ffffff,604019680138493951
861e8e35fffffff,604019888310190079
861ea36a7ffffff,604021345512062975
861e831a7ffffff,604019125013970943
861f9bd17ffffff,604038415591145471
861eb18d7ffffff,604022316979978239
861ea671fffffff,604021553683759103
861e8012fffffff,604018916842274815
861ea46cfffffff,604021414902628351
861ea6497ffffff,604021542812123135
861e9b2dfffffff,604020779515903999
861e9d32fffffff,604020918297034751
861ea03a7ffffff,604021126468730879
861e8c087ffffff,604019738657423359
863f26c17ffffff,604593321070821375
861ed6c17ffffff,604024873559261183
861e9928fffffff,604020640734773247
861ea049fffffff,604021130629480447
861ea24efffffff,604021269410611199
861e8a12fffffff,604019604037042175
861f9bb87ffffff,604038408880259071
861f9ab5fffffff,604038339489693695
861ea5567ffffff,604021477582307327
861ea3517ffffff,604021338801176575
861e8b157ffffff,604019673427607551
861e83017ffffff,604019118303084543
861eb1747ffffff,604022310269091839
861ea658fffffff,604021546972872703
861f98b0fffffff,604038200708562943
861f99b37ffffff,604038270099128319
861e880dfffffff,604019465255911423
861e9a3afffffff,604020714286088191
861e85067ffffff,604019257084215295
86386d2a7ffffff,604475014317604863
863f26d0fffffff,604593325231570943
861e84137ffffff,604019191854399487
861ea4637ffffff,604021412352491519
861ea0597ffffff,604021134790230015
861e8a227ffffff,604019608197791743
861e8310fffffff,604019122463834111
861e8e2c7ffffff,604019885760053247
861ea6687ffffff,604021551133622271
861e80097ffffff,604018914292137983
861e9b4cfffffff,604020787837403135
861ea360fffffff,604021342961926143
863f3400fffffff,604594231469670399
861e9a4a7ffffff,604020718446837759
861f98c07ffffff,604038204869312511
861e8b24fffffff,604019677588357119
861e8515fffffff,604019261244964863
863f24db7ffffff,604593190611189759
861f99c2fffffff,604038274259877887
86386d39fffffff,604475018478354431
861eb48b7ffffff,604022522601537535
863f20d17ffffff,604592913048928255
863f35037ffffff,604594300860235775
861f9dccfffffff,604038551822139391
861eb58dfffffff,604022591992102911
861f9ac57ffffff,604038343650443263
861ea26dfffffff,604021277732110335
861ea472fffffff,604021416513241087
861e8422fffffff,604019196015149055
861e8a31fffffff,604019612358541311
861f9bd77ffffff,604038417201758207
861e83207ffffff,604019126624583679
861e8018fffffff,604018918452887551
861e811b7ffffff,604018987843452927
861eb1937ffffff,604022318590590975
861ea068fffffff,604021138950979583
861ea3707ffffff,604021347122675711
863f34107ffffff,604594235630419967
861e9a59fffffff,604020722607587327
861e8b347ffffff,604019681749106687
861eb49afffffff,604022526762287103
861ea5757ffffff,604021485903806463
861f99d27ffffff,604038278420627455
861f8aacfffffff,604037237562146815
861e882cfffffff,604019473577410559
863f3512fffffff,604594305020985343
861f9ad4fffffff,604038347811192831
861ea6877ffffff,604021559455121407
861eb1a2fffffff,604022322751340543
861e84327ffffff,604019200175898623
861e80287ffffff,604018922613637119
861ea4827ffffff,604021420673990655
861e8e4b7ffffff,604019894081552383
861ea0787ffffff,604021143111729151
861ea584fffffff,604021490064556031
861eb5acfffffff,604022600313602047
861e812afffffff,604018992004202495
861e9a697ffffff,604020726768336895
861e86377ffffff,604019338957029375
861e8c467ffffff,604019755300421631
861e8a417ffffff,604019616519290879
861e822d7ffffff,604019061394767871
861ea28cfffffff,604021286053609471
861ea696fffffff,604021563615870975
861e8b537ffffff,604019690070605823
861eb1b27ffffff,604022326912090111
861e8e5afffffff,604019898242301951
861e8441fffffff,604019204336648191
861e85447ffffff,604019273727213567
861ea491fffffff,604021424834740223
861e9a78fffffff,604020730929086463
861e9b7b7ffffff,604020800319651839
863f342f7ffffff,604594243951919103
861ea5947ffffff,604021494225305599
863f24077ffffff,604593133702873087
861e8a50fffffff,604019620680040447
861e9d807ffffff,604020939100782591
861f8bce7ffffff,604037315274211327
861e8c55fffffff,604019759461171199
861e813a7ffffff,604018996164952063
863f260c7ffffff,604593272484003839
861eb3b77ffffff,604022465693220863
861ea38f7ffffff,604021355444174847
861ea6a67ffffff,604021567776620543
861ea4a17ffffff,604021428995489791
861e8149fffffff,604019000325701631
861e84517ffffff,604019208497397759
861e8e6a7ffffff,604019902403051519
861ea0977ffffff,604021151433228287
861e885b7ffffff,604019486059659263
861e8b62fffffff,604019694231355391
861e8a607ffffff,604019624840790015
863f2416fffffff,604593137863622655
863f35417ffffff,604594317503234047
861e80477ffffff,604018930935136255
861f9b037ffffff,604038360293441535
861eb1c1fffffff,604022331072839679
861e834efffffff,604019139106832383
861f9a00fffffff,604038290902876159
861e9b8afffffff,604020804480401407
861e1640fffffff,604011644925771775
861e8c657ffffff,604019763621920767
861ea6b5fffffff,604021571937370111
861e81597ffffff,604019004486451199
861f990dfffffff,604038225673060351
861ea4b0fffffff,604021433156239359
861e8460fffffff,604019212658147327
861e8e79fffffff,604019906563801087
861e8b727ffffff,604019698392104959
861f9b12fffffff,604038364454191103
861f980b7ffffff,604038156282494975
861e886afffffff,604019490220408831
861e8056fffffff,604018935095885823
863f3550fffffff,604594321663983615
861e85637ffffff,604019282048712703
861ea5b37ffffff,604021502546804735
861f9a107ffffff,604038295063625727
861eb1d17ffffff,604022335233589247
861ea0a6fffffff,604021155593977855
861e8c74fffffff,604019767782670335
861e16507ffffff,604011649086521343
863f262b7ffffff,604593280805502975
861e9b9a7ffffff,604020808641150975
861ea2bb7ffffff,604021298535858175
861e84707ffffff,604019216818896895
861ea5c2fffffff,604021506707554303
861e8e897ffffff,604019910724550655
861ea6c57ffffff,604021576098119679
861e8168fffffff,604019008647200767
861e80667ffffff,604018939256635391
861ea4c07ffffff,604021437316988927
861f981afffffff,604038160443244543
861f9b227ffffff,604038368614940671
861e887a7ffffff,604019494381158399
861e9daefffffff,604020951583031295
861e8572fffffff,604019286209462271
861e8b81fffffff,604019702552854527
861e99a4fffffff,604020674020769791
861ea0b67ffffff,604021159754727423
861e9ba9fffffff,604020812801900543
863f263afffffff,604593284966252543
861e836dfffffff,604019147428331519
861f9e29fffffff,604038576786636799
861f9d277ffffff,604038507396071423
863f35607ffffff,604594325824733183
8638698cfffffff,604474765880590335
861ea6d4fffffff,604021580258869247
861e8a8efffffff,604019637323038719
861f992cfffffff,604038233994559487
861f982a7ffffff,604038164603994111
861ea5d27ffffff,604021510868303871
861e8075fffffff,604018943417384959
861ea0c5fffffff,604021163915476991
861e8e98fffffff,604019914885300223
861e81787ffffff,604019012807950335
861ea2cafffffff,604021302696607743
863f24457ffffff,604593150345871359
861f8b09fffffff,604037262526644223
861ea3cd7ffffff,604021372087173119
861e8684fffffff,604019359760777215
861f9b31fffffff,604038372775690239
861e85827ffffff,604019290370211839
861e8b917ffffff,604019706713604095
861f9a2f7ffffff,604038303385124863
861e99b47ffffff,604020678181519359
863f264a7ffffff,604593289127002111
861e9bb97ffffff,604020816962650111
861ed64a7ffffff,604024841615441919
861f9e397ffffff,604038580947386367
861f9d36fffffff,604038511556820991
861e848f7ffffff,604019225140396031
861e80857ffffff,604018947578134527
861ea0d57ffffff,604021168076226559
861e838cfffffff,604019155749830655
861f9839fffffff,604038168764743679
861e8ea87ffffff,604019919046049791
863f2454fffffff,604593154506620927
861e86947ffffff,604019363921526783
861ea2da7ffffff,604021306857357311
861f8b197ffffff,604037266687393791
861e8591fffffff,604019294530961407
861e8ba0fffffff,604019710874353663
861ed659fffffff,604024845776191487
863f2659fffffff,604593293287751679
861f9b417ffffff,604038376936439807
861f9d467ffffff,604038515717570559
861f8a16fffffff,604037197296828415
861e88997ffffff,604019502702657535
861e9ac67ffffff,604020751732834303
861e9bc8fffffff,604020821123399679
861eb5077ffffff,604022555887534079
861e8094fffffff,604018951738884095
861e8aadfffffff,604019645644537855
861eb10cfffffff,604022282486022143
863f348c7ffffff,604594268916416511
861f98497ffffff,604038172925493247
861f8a267ffffff,604037201457577983
861f8b28fffffff,604037270848143359
861f9b50fffffff,604038381097189375
863f30827ffffff,604593991354155007
861e8bb07ffffff,604019715035103231
863f24647ffffff,604593158667370495
863869bb7ffffff,604474778362839039
861eb516fffffff,604022560048283647
861f9d55fffffff,604038519878320127
861e85a17ffffff,604019298691710975
861e9ad5fffffff,604020755893583871
861e8ec77ffffff,604019927367548927
861ea600fffffff,604021523350552575
861e84ae7ffffff,604019233461895167
861f995b7ffffff,604038246476808191
861eb382fffffff,604022451600359423
863f26da7ffffff,604593327781707775
861f8b99fffffff,604037301181349887
861eb4857ffffff,604022520990924799
861ed6da7ffffff,604024880270147583
861e86127ffffff,604019329024917503
861e8105fffffff,604018982072090623
861e9b46fffffff,604020786226790399
861f98ba7ffffff,604038203258699775
861e9a447ffffff,604020716836225023
861e8e267ffffff,604019884149440511
861f9bc1fffffff,604038411430395903
861e830afffffff,604019120853221375
863f24d57ffffff,604593189000577023
861ea2587ffffff,604021271960748031
861ea35afffffff,604021341351313407
861e80037ffffff,604018912681525247
861ea6627ffffff,604021549523009535
861ea0537ffffff,604021133179617279
861e840d7ffffff,604019190243786751
861e80a47ffffff,604018955899633663
861e86b37ffffff,604019372243025919
861eb5267ffffff,604022564209033215
861f9858fffffff,604038177086242815
861f8a35fffffff,604037205618327551
861f8b387ffffff,604037275008892927
863f3091fffffff,604593995514904575
863f2678fffffff,604593301609250815
861f9c62fffffff,604038454648504319
861f9d657ffffff,604038524039069695
861e82a97ffffff,604019094680764415
861f9b607ffffff,604038385257938943
861f996afffffff,604038250637557759
861ea40b7ffffff,604021388730171391
861ea6107ffffff,604021527511302143
861ea2067ffffff,604021249949040639
861e83bb7ffffff,604019168232079359
861f98687ffffff,604038181246992383
861e8ed6fffffff,604019931528298495
861e8bcf7ffffff,604019723356602367
863f24837ffffff,604593166988869631
861e85c07ffffff,604019307013210111
863f34ab7ffffff,604594277237915647
861e8accfffffff,604019653966036991
861ea0017ffffff,604021111167909887
861eb535fffffff,604022568369782783
861ea308fffffff,604021319339606015
861ea50dfffffff,604021458120736767
863f26887ffffff,604593305770000383
861e82b8fffffff,604019098841513983
861f9a6d7ffffff,604038320028123135
861f8a457ffffff,604037209779077119
863f2585fffffff,604593236379435007
863f30a17ffffff,604593999675654143
861e86c2fffffff,604019376403775487
861ea215fffffff,604021254109790207
861e84cd7ffffff,604019241783394303
861ea41afffffff,604021392890920959
863f2492fffffff,604593171149619199
861f997a7ffffff,604038254798307327
861eb13b7ffffff,604022294968270847
863f34bafffffff,604594281398665215
861ea010fffffff,604021115328659455
861e83cafffffff,604019172392828927
861e80c37ffffff,604018964221132799
861f8b577ffffff,604037283330392063
861e81c5fffffff,604019033611698175
861ea3187ffffff,604021323500355583
863f25957ffffff,604593240540184575
861e9a01fffffff,604020698985267199
863f30b0fffffff,604594003836403711
861e88d77ffffff,604019519345655807
861e9b047ffffff,604020768375832575
861e86d27ffffff,604019380564525055
861ea62f7ffffff,604021535832801279
861ea42a7ffffff,604021397051670527
861f9b8efffffff,604038397740187647
861ea2257ffffff,604021258270539775
861e80d2fffffff,604018968381882367
861e83da7ffffff,604019176553578495
861f8b66fffffff,604037287491141631
861e81d57ffffff,604019037772447743
863f24a27ffffff,604593175310368767
861f8a647ffffff,604037218100576255
863f35ccfffffff,604594354949980159
861f9989fffffff,604038258959056895
863f26a77ffffff,604593314091499519
861eb14afffffff,604022299129020415
861f9a8c7ffffff,604038328349622271
861f98877ffffff,604038189568491519
863f34ca7ffffff,604594285559414783
861e9a117ffffff,604020703146016767
861ea0207ffffff,604021119489409023
863f20987ffffff,604592897748107263
86386d00fffffff,604475003177533439
861e8e02fffffff,604019874619981823
861ea439fffffff,604021401212420095
861ea234fffffff,604021262431289343
863f24b1fffffff,604593179471118335
861e9b237ffffff,604020776697331711
861eb5647ffffff,604022580852031487
863f26b6fffffff,604593318252249087
861f8b767ffffff,604037291651891199
861e9a20fffffff,604020707306766335
861eb15a7ffffff,604022303289769983
863f34d9fffffff,604594289720164351
861f9ea5fffffff,604038610072633343
861f9896fffffff,604038193729241087
861f99997ffffff,604038263119806463
861e9d287ffffff,604020915478462463
861ea4497ffffff,604021405373169663
861e8e127ffffff,604019878780731391
861ea2447ffffff,604021266592038911
861e8b0afffffff,604019670609035263
861f9badfffffff,604038406061686783
861f99a8fffffff,604038267280556031
861ea64e7ffffff,604021544154300415
861e8a087ffffff,604019601218469887
861ea346fffffff,604021335982604287
861f9aab7ffffff,604038336671121407
863f24c17ffffff,604593183631867903
861f98a67ffffff,604038197889990655
861e9b32fffffff,604020780858081279
863f26c67ffffff,604593322412998655
861e992dfffffff,604020642076950527
861e8c0d7ffffff,604019739999600639
861e88037ffffff,604019462437339135
861e9a307ffffff,604020711467515903
861eb169fffffff,604022307450519551
861f8b85fffffff,604037295812640767
861e8408fffffff,604019189035827199
861ea458fffffff,604021409533919231
861e83067ffffff,604019119645261823
861e8b1a7ffffff,604019674769784831
861ea55b7ffffff,604021478924484607
861ea04efffffff,604021131971657727
861e8e21fffffff,604019882941480959
861e850b7ffffff,604019258426392575
861f99b87ffffff,604038271441305599
863f24d0fffffff,604593187792617471
861f9abafffffff,604038340831870975
861ea3567ffffff,604021340143353855
861e81017ffffff,604018980864131071
863f25d37ffffff,604593257183182847
861eb1797ffffff,604022311611269119
861f98b5fffffff,604038202050740223
86386d2f7ffffff,604475015659782143
861e9b427ffffff,604020785018830847
861eb5837ffffff,604022589173530623
861eb480fffffff,604022519782965247
863f26d5fffffff,604593326573748223
861ea4687ffffff,604021413694668799
861e84187ffffff,604019193196576767
861e8a277ffffff,604019609539969023
861ea2637ffffff,604021274913538047
861e8e317ffffff,604019887102230527
861e8315fffffff,604019123806011391
861e800e7ffffff,604018915634315263
861ea66d7ffffff,604021552475799551
861eb188fffffff,604022315772018687
861e851afffffff,604019262587142143
861e8b29fffffff,604019678930534399
861f98c57ffffff,604038206211489791
861ea365fffffff,604021344304103423
863f3405fffffff,604594232811847679
861e9a4f7ffffff,604020719789015039
861f9bccfffffff,604038414383185919
861eb592fffffff,604022593334280191
861e8110fffffff,604018985024880639
861e9b51fffffff,604020789179580415
861eb4907ffffff,604022523943714815
863f35087ffffff,604594302202413055
861e994cfffffff,604020650398449663
861ea56afffffff,604021483085234175
861e88227ffffff,604019470758838271
863f20d67ffffff,604592914391105535
86386934fffffff,604474742258270207
861ea272fffffff,604021279074287615
861e8a36fffffff,604019613700718591
861e8e40fffffff,604019891262980095
861e83257ffffff,604019127966760959
861e8b397ffffff,604019683091283967
861e9b617ffffff,604020793340329983
861eb1987ffffff,604022319932768255
863f34157ffffff,604594236972597247
861f98d4fffffff,604038210372239359
861ea3757ffffff,604021348464852991
861eb5a27ffffff,604022597495029759
861ea06dfffffff,604021140293156863
861ea57a7ffffff,604021487245983743
861e81207ffffff,604018989185630207
861e8222fffffff,604019058576195583
861e862cfffffff,604019336138457087
861f99d77ffffff,604038279762804735
861e852a7ffffff,604019266747891711
861e8831fffffff,604019474919587839
861ea68c7ffffff,604021560797298687
861ea2827ffffff,604021283235037183
861e84377ffffff,604019201518075903
861e802d7ffffff,604018923955814399
861e8e507ffffff,604019895423729663
861e8334fffffff,604019132127510527
861ea589fffffff,604021491406733311
861ea4877ffffff,604021422016167935
861e8b48fffffff,604019687252033535
861e88417ffffff,604019479080337407
863f3424fffffff,604594241133346815
861e8c4b7ffffff,604019756642598911
861e9a6e7ffffff,604020728110514175
861e9b70fffffff,604020797501079551
861e8a467ffffff,604019617861468159
863f2601fffffff,604593269665431551
861eb5b1fffffff,604022601655779327
861e82327ffffff,604019062736945151
861e8539fffffff,604019270908641279
861eb0a57ffffff,604022254702952447
861ea291fffffff,604021287395786751
861eb1b77ffffff,604022328254267391
861e85497ffffff,604019275069390847
861e8446fffffff,604019205678825471
861e8b587ffffff,604019691412783103
861ea5997ffffff,604021495567482879
863f34347ffffff,604594245294096383
861ea496fffffff,604021426176917503
861ea08cfffffff,604021148614655999
861e8850fffffff,604019483241086975
863f240c7ffffff,604593135045050367
861e8a55fffffff,604019622022217727
861e9d857ffffff,604020940442959871
861e8c5afffffff,604019760803348479
863f26117ffffff,604593273826181119
861e83447ffffff,604019136288260095
861e997b7ffffff,604020662880698367
861e9b807ffffff,604020801661829119
861eb0b4fffffff,604022258863702015
861ea6ab7ffffff,604021569118797823
861e84567ffffff,604019209839575039
861e8558fffffff,604019279230140415
861ea4a67ffffff,604021430337667071
861ea2a17ffffff,604021291556536319
861e8e6f7ffffff,604019903745228799
861e814efffffff,604019001667878911
861f9800fffffff,604038153463922687
861e8a657ffffff,604019626182967295
861f99037ffffff,604038222854488063
861e9d94fffffff,604020944603709439
861eb1c6fffffff,604022332415016959
861e88607ffffff,604019487401836543
861e8c6a7ffffff,604019764964098047
861e804c7ffffff,604018932277313535
861ea5a8fffffff,604021499728232447
863f35467ffffff,604594318845411327
861f9b087ffffff,604038361635618815
861f9a05fffffff,604038292245053439
861e1645fffffff,604011646267949055
861e9c927ffffff,604020875213144063
861e8602fffffff,604019324864167935
861e9a34fffffff,604020712675475455
861e8c11fffffff,604019741207560191
861f8b8a7ffffff,604037297020600319
861eb5787ffffff,604022586220740607
861ed6cafffffff,604024876109398015
863f26cafffffff,604593323620958207
861e9b377ffffff,604020782066040831
86386d247ffffff,604475012706992127
861eb16e7ffffff,604022308658479103
861e85007ffffff,604019255473602559
861f98aafffffff,604038199097950207
861f99ad7ffffff,604038268488515583
863f24c5fffffff,604593184839827455
861ea5507ffffff,604021475971694591
861ea652fffffff,604021545362259967
861e8a0cfffffff,604019602426429439
861e8b0f7ffffff,604019671816994815
861ea248fffffff,604021267799998463
861ea34b7ffffff,604021337190563839
861e8e16fffffff,604019879988690943
861f9bb27ffffff,604038407269646335
861ea44dfffffff,604021406581129215
861ea6bafffffff,604021573279547391
861e8465fffffff,604019214000324607
861ea4b5fffffff,604021434498416639
861ea2b0fffffff,604021295717285887
861e8a74fffffff,604019630343716863
861e8b777ffffff,604019699734282239
861e9da47ffffff,604020948764459007
861f98107ffffff,604038157624672255
861e85687ffffff,604019283390889983
861f9912fffffff,604038227015237631
861ea5b87ffffff,604021503888982015
861e8c79fffffff,604019769124847615
861eb1d67ffffff,604022336575766527
863f3555fffffff,604594323006160895
861f9a157ffffff,604038296405803007
863f242b7ffffff,604593143366549503
861e83637ffffff,604019144609759231
863f26307ffffff,604593282147680255
863869827ffffff,604474763062018047
861e16557ffffff,604011650428698623
863f34537ffffff,604594253615595519
861e84757ffffff,604019218161074175
861e8a847ffffff,604019634504466431
861e816dfffffff,604019009989378047
861f99227ffffff,604038231175987199
861ea4c57ffffff,604021438659166207
861ea6ca7ffffff,604021577440296959
861e8e8e7ffffff,604019912066727935
861ea2c07ffffff,604021299878035455
861ea0bb7ffffff,604021161096904703
861f9b277ffffff,604038369957117951
861e806b7ffffff,604018940598812671
861e8372fffffff,604019148770508799
861f9a24fffffff,604038300566552575
861ea3c2fffffff,604021369268600831
861f9e2efffffff,604038578128814079
861e8b86fffffff,604019703895031807
863f243afffffff,604593147527299071
861f9d2c7ffffff,604038508738248703
863f3462fffffff,604594257776345087
861f9c29fffffff,604038439347683327
861e125afffffff,604011377027186687
861e8c897ffffff,604019773285597183
86386991fffffff,604474767222767615
861e9baefffffff,604020814144077823
861e83827ffffff,604019152931258367
861ea0cafffffff,604021165257654271
861e8484fffffff,604019222321823743
861f982f7ffffff,604038165946171391
861f9931fffffff,604038235336736767
861ea5d77ffffff,604021512210481151
861ea6d9fffffff,604021581601046527
861f9b36fffffff,604038374117867519
861ea4d4fffffff,604021442819915775
861e807afffffff,604018944759562239
861ea3d27ffffff,604021373429350399
861f9a347ffffff,604038304727302143
863f244a7ffffff,604593151688048639
861f8b0efffffff,604037263868821503
861e85877ffffff,604019291712389119
863f264f7ffffff,604593290469179391
863f34727ffffff,604594261937094655
861e8689fffffff,604019361102954495
861f8a0c7ffffff,604037194478256127
861e8b967ffffff,604019708055781375
863869a17ffffff,604474771383517183
861e16747ffffff,604011658750197759
861ed64f7ffffff,604024842957619199
861ea0da7ffffff,604021169418403839
861e8391fffffff,604019157092007935
861e84947ffffff,604019226482573311
861e8aa37ffffff,604019642825965567
861e808a7ffffff,604018948920311807
861f99417ffffff,604038239497486335
861eb1027ffffff,604022279667449855
861e8ead7ffffff,604019920388227071
863f3481fffffff,604594266097844223
863869b0fffffff,604474775544266751
863f2459fffffff,604593155848798207
861e86997ffffff,604019365263704063
861f9b467ffffff,604038378278617087
861f9d4b7ffffff,604038517059747839
861e8596fffffff,604019295873138687
861e818cfffffff,604019018310877183
861e8ba5fffffff,604019712216530943
861e9acb7ffffff,604020753075011583
861e9bcdfffffff,604020822465576959
861eb50c7ffffff,604022557229711359
861e9dd2fffffff,604020961246707711
861e83a17ffffff,604019161252757503
861e8099fffffff,604018953081061375
861e8ab2fffffff,604019646986715135
861eb111fffffff,604022283828199423
861f984e7ffffff,604038174267670527
863f34917ffffff,604594270258593791
861f9950fffffff,604038243658235903
861f8a2b7ffffff,604037202799755263
861f8b2dfffffff,604037272190320639
863f24697ffffff,604593160009547775
863f30877ffffff,604593992696332287
861e86a8fffffff,604019369424453631
861e8bb57ffffff,604019716377280511
861f9b55fffffff,604038382439366655
861f9d5afffffff,604038521220497407
861e9adafffffff,604020757235761151
861ea400fffffff,604021385911599103
861ea605fffffff,604021524692729855
861f99607ffffff,604038247818985471
861e8ecc7ffffff,604019928709726207
861e83b0fffffff,604019165413507071
861e80a97ffffff,604018957241810943
861e84b37ffffff,604019234804072447
863f34a0fffffff,604594274419343359
861eb1217ffffff,604022287988948991
861e8bc4fffffff,604019720538030079
861e8ac27ffffff,604019651147464703
861ea5037ffffff,604021455302164479
863f3096fffffff,604593996857081855
863f2478fffffff,604593164170297343
861e86b87ffffff,604019373585203199
861e82ae7ffffff,604019096022941695
861eb52b7ffffff,604022565551210495
861f8a3afffffff,604037206960504831
861f9d6a7ffffff,604038525381246975
861e8cc77ffffff,604019789928595455
861f9b657ffffff,604038386600116223
861e84c2fffffff,604019238964822015
861ea6157ffffff,604021528853479423
861ea20b7ffffff,604021251291217919
861ea4107ffffff,604021390072348671
861e80b8fffffff,604018961402560511
861eb130fffffff,604022292149698559
861f986d7ffffff,604038182589169663
861f8b4cfffffff,604037280511819775
863f24887ffffff,604593168331046911
861ea512fffffff,604021459462914047
861e85c57ffffff,604019308355387391
861e8bd47ffffff,604019724698779647
863f34b07ffffff,604594278580092927
861e8ad1fffffff,604019655308214271
861e83c07ffffff,604019169574256639
861ea0067ffffff,604021112510087167
863f268d7ffffff,604593307112177663
861ea30dfffffff,604021320681783295
861e88ccfffffff,604019516527083519
861f9b74fffffff,604038390760865791
861f8a4a7ffffff,604037211121254399
861eb53afffffff,604022569711960063
861f9d79fffffff,604038529541996543
863f258afffffff,604593237721612287
861e81bb7ffffff,604019030793125887
863f35b2fffffff,604594347970658303
863f30a67ffffff,604594001017831423
861f9a727ffffff,604038321370300415
861e84d27ffffff,604019243125571583
861ea21afffffff,604021255451967487
861ea624fffffff,604021533014228991
861f9b847ffffff,604038394921615359
861e81cafffffff,604019034953875455
861e85d4fffffff,604019312516136959
861ea015fffffff,604021116670836735
863f35c27ffffff,604594352131407871
861e80c87ffffff,604018965563310079
863f259a7ffffff,604593241882361855
861eb1407ffffff,604022296310448127
861ea5227ffffff,604021463623663615
861e9b097ffffff,604020769718009855
861f9a81fffffff,604038325531049983
861f8a59fffffff,604037215282003967
863f30b5fffffff,604594005178580991
861e9a06fffffff,604020700327444479
861e86d77ffffff,604019381906702335
861e9d0e7ffffff,604020908499140607
861ea6347ffffff,604021537174978559
861ea22a7ffffff,604021259612717055
861ea42f7ffffff,604021398393847807
861e81da7ffffff,604019039114625023
863f35d1fffffff,604594356292157439
861f998efffffff,604038260301234175
861f988c7ffffff,604038190910668799
863f24a77ffffff,604593176652546047
861f8a697ffffff,604037219442753535
861ea531fffffff,604021467784413183
863f26ac7ffffff,604593315433676799
863f34cf7ffffff,604594286901592063
861ea32cfffffff,604021329003282431
86386d05fffffff,604475004519710719
861e9b18fffffff,604020773878759423
861eae487ffffff,604022092299501567
861e9a167ffffff,604020704488194047
861f9a917ffffff,604038329691799551
861ea239fffffff,604021263773466623
861f9ba37ffffff,604038403243114495
861f8b7b7ffffff,604037292994068479
861e8b007ffffff,604019667790462975
861f9aa0fffffff,604038333852549119
861ea5417ffffff,604021471945162751
863f24b6fffffff,604593180813295615
861e9b287ffffff,604020778039508991
861e9a25fffffff,604020708648943615
861f8a78fffffff,604037223603503103
861eb5697ffffff,604022582194208767
861ea034fffffff,604021124992335871
861e99237ffffff,604020639258378239
861e9d2d7ffffff,604020916820639743
861ea44e7ffffff,604021406715346943
861f9bb2fffffff,604038407403864063
861e8e177ffffff,604019880122908671
861ea2497ffffff,604021267934216191
863f24c67ffffff,604593184974045183
861ea6537ffffff,604021545496477695
861f99adfffffff,604038268622733311
861ea550fffffff,604021476105912319
861ea0447ffffff,604021129153085439
861e8a0d7ffffff,604019602560647167
861f98ab7ffffff,604038199232167935
861f9ab07ffffff,604038338013298687
861e8500fffffff,604019255607820287
861e88087ffffff,604019463779516415
86386d24fffffff,604475012841209855
861eb16efffffff,604022308792696831
861ed6cb7ffffff,604024876243615743
863f26cb7ffffff,604593323755175935
861eb578fffffff,604022586354958335
861e9a357ffffff,604020712809693183
861f8b8afffffff,604037297154818047
861e8c127ffffff,604019741341777919
861e9932fffffff,604020643419127807
861e840dfffffff,604019190378004479
861ea662fffffff,604021549657227263
861ea35b7ffffff,604021341485531135
861ea258fffffff,604021272094965759
861f9bc27ffffff,604038411564613631
861e8c027ffffff,604019737046810623
861ea0347ffffff,604021124858118143
861e9d2cfffffff,604020916686422015
861e9922fffffff,604020639124160511
861f8a787ffffff,604037223469285375
861eb568fffffff,604022582059991039
861e9a257ffffff,604020708514725887
861f989b7ffffff,604038194937200639
861ea540fffffff,604021471810945023
863f26bb7ffffff,604593319460208639
863f24b67ffffff,604593180679077887
861f8b7afffffff,604037292859850751
861f9aa07ffffff,604038333718331391
861ea6437ffffff,604021541201510399
861f9ba2fffffff,604038403108896767
861e8e077ffffff,604019875827941375
861ea2397ffffff,604021263639248895
863f24d5fffffff,604593189134794751
861e9a44fffffff,604020716970442751
861e8e26fffffff,604019884283658239
861e830b7ffffff,604019120987439103
861f98bafffffff,604038203392917503
861e85107ffffff,604019259768569855
861e9b477ffffff,604020786361008127
861e81067ffffff,604018982206308351
861e8612fffffff,604019329159135231
863f25d87ffffff,604593258525360127
86386d347ffffff,604475017001959423
861ea5607ffffff,604021480266661887
861ed6dafffffff,604024880404365311
863f26dafffffff,604593327915925503
861eb5887ffffff,604022590515707903
861eb485fffffff,604022521125142527
861ea2687ffffff,604021276255715327
861ea46d7ffffff,604021415036846079
861e8a2c7ffffff,604019610882146303
861ea6727ffffff,604021553817976831
861e80137ffffff,604018916976492543
861eb18dfffffff,604022317114195967
861f9bd1fffffff,604038415725363199
861e831afffffff,604019125148188671
861ea36afffffff,604021345646280703
861e8e367ffffff,604019888444407807
861f99ccfffffff,604038276944232447
861ea0637ffffff,604021137474584575
861e8b2efffffff,604019680272711679
861e9a547ffffff,604020721131192319
861eb4957ffffff,604022525285892095
863f340afffffff,604594234154024959
861f98ca7ffffff,604038207553667071
861e8115fffffff,604018986367057919
861e9b56fffffff,604020790521757695
861e86227ffffff,604019333319884799
863f20db7ffffff,604592915733282815
861f8ba9fffffff,604037305476317183
863f350d7ffffff,604594303544590335
861f9acf7ffffff,604038346334797823
861ea681fffffff,604021557978726399
861e842cfffffff,604019198699503615
861e8022fffffff,604018921137242111
861e8e45fffffff,604019892605157375
861ea37a7ffffff,604021349807030271
861e832a7ffffff,604019129308938239
861e9b667ffffff,604020794682507263
861eb5a77ffffff,604022598837207039
861ea072fffffff,604021141635334143
861e8c40fffffff,604019753824026623
861e81257ffffff,604018990527807487
863f341a7ffffff,604594238314774527
861e8631fffffff,604019337480634367
861f98d9fffffff,604038211714416639
861f8bb97ffffff,604037309637066751
861e99617ffffff,604020655901376511
861eb3a27ffffff,604022460056076287
861ea6917ffffff,604021562139475967
861ea2877ffffff,604021284577214463
861eb1acfffffff,604022325435695103
861e80327ffffff,604018925297991679
861e8e557ffffff,604019896765906943
861ea48c7ffffff,604021423358345215
861ea0827ffffff,604021145796083711
861ea58efffffff,604021492748910591
861e8b4dfffffff,604019688594210815
861e8339fffffff,604019133469687807
861eb5b6fffffff,604022602997956607
863f2401fffffff,604593132226478079
861e9a737ffffff,604020729452691455
861e9b75fffffff,604020798843256831
861e88467ffffff,604019480422514687
861f8bc8fffffff,604037313797816319
861e8c507ffffff,604019757984776191
863f2606fffffff,604593271007608831
863f3429fffffff,604594242475524095
861e82377ffffff,604019064079122431
861ea389fffffff,604021353967779839
861e8134fffffff,604018994688557055
861e8a4b7ffffff,604019619203645439
861eb3b1fffffff,604022464216825855
861e8948fffffff,604019549813080063
861ea6a0fffffff,604021566300225535
861ea296fffffff,604021288737964031
861e8e64fffffff,604019900926656511
861ea091fffffff,604021149956833279
861e854e7ffffff,604019276411568127
861e81447ffffff,604018998849306623
863f24117ffffff,604593136387227647
863f26167ffffff,604593275168358399
861e8855fffffff,604019484583264255
863f34397ffffff,604594246636273663
861e8041fffffff,604018929458741247
861e8a5afffffff,604019623364395007
861e9d8a7ffffff,604020941785137151
861ea3997ffffff,604021358128529407
861e9b857ffffff,604020803004006399
861f8bd87ffffff,604037317958565887
861e83497ffffff,604019137630437375
861ea6b07ffffff,604021570460975103
861ea4ab7ffffff,604021431679844351
861e8e747ffffff,604019905087406079
861e845b7ffffff,604019211181752319
861f9805fffffff,604038154806099967
861f99087ffffff,604038224196665343
861ea2a67ffffff,604021292898713599
861e88657ffffff,604019488744013823
863f354b7ffffff,604594320187588607
861e8a6a7ffffff,604019627525144575
861ea0a17ffffff,604021154117582847
861e80517ffffff,604018933619490815
861e8b6cfffffff,604019696915709951
861e164afffffff,604011647610126335
861e8c6f7ffffff,604019766306275327
861e9d99fffffff,604020945945886719
861e8358fffffff,604019141791186943
861f9b0d7ffffff,604038362977796095
861ea5adfffffff,604021501070409727
861f9a0afffffff,604038293587230719
861e9c977ffffff,604020876555321343
861eb4d37ffffff,604022541928890367
861ea4bafffffff,604021435840593919
861e8060fffffff,604018937780240383
861e846afffffff,604019215342501887
861ea2b5fffffff,604021297059463167
861e81637ffffff,604019007170805759
861f98157ffffff,604038158966849535
863f355afffffff,604594324348338175
861e856d7ffffff,604019284733067263
861ea0b0fffffff,604021158278332415
861e8a79fffffff,604019631685894143
861e8874fffffff,604019492904763391
861e9da97ffffff,604020950106636287
861f9e247ffffff,604038575310241791
863869877ffffff,604474764404195327
861f9a1a7ffffff,604038297747980287
861e165a7ffffff,604011651770875903
863f24307ffffff,604593144708726783
861e83687ffffff,604019145951936511
861eb1db7ffffff,604022337917943807
861f9d21fffffff,604038505919676415
861e12507ffffff,604011374208614399
863f26357ffffff,604593283489857535
861e9ba47ffffff,604020811325505535
861ea0c07ffffff,604021162439081983
861e847a7ffffff,604019219503251455
861ea2c57ffffff,604021301220212735
861f99277ffffff,604038232518164479
861e8a897ffffff,604019635846643711
861ea6cf7ffffff,604021578782474239
861ea4ca7ffffff,604021440001343487
861ea5ccfffffff,604021509391908863
861f9824fffffff,604038163127599103
861e80707ffffff,604018941940989951
861e8e937ffffff,604019913408905215
861e8172fffffff,604019011331555327
861e9db8fffffff,604020954267385855
861f9b2c7ffffff,604038371299295231
863f2644fffffff,604593287650607103
86386996fffffff,604474768564944895
861f8b047ffffff,604037261050249215
861e99aefffffff,604020676705124351
861f9a29fffffff,604038301908729855
861e9cb67ffffff,604020884876820479
861f8a01fffffff,604037191659683839
861e1669fffffff,604011655931625471
863f356a7ffffff,604594328509087743
861e8489fffffff,604019223664001023
861e83877ffffff,604019154273435647
861e8a98fffffff,604019640007393279
861ea2d4fffffff,604021305380962303
861f9936fffffff,604038236678914047
861ea4d9fffffff,604021444162093055
861e8ea2fffffff,604019917569654783
861f98347ffffff,604038167288348671
863f244f7ffffff,604593153030225919
861e8b9b7ffffff,604019709397958655
863f26547ffffff,604593291811356671
861e868efffffff,604019362445131775
861ea3d77ffffff,604021374771527679
863869a67ffffff,604474772725694463
861e858c7ffffff,604019293054566399
861f9d40fffffff,604038514241175551
863f34777ffffff,604594263279271935
863f3579fffffff,604594332669837311
861e9ac0fffffff,604020750256439295
861e8284fffffff,604019084882870271
861f9a397ffffff,604038306069479423
861e16797ffffff,604011660092375039
861e81827ffffff,604019015492304895
861ed6547ffffff,604024844299796479
861e84997ffffff,604019227824750591
861e8aa87ffffff,604019644168142847
861e808f7ffffff,604018950262489087
861e8396fffffff,604019158434185215
861eb1077ffffff,604022281009627135
861f99467ffffff,604038240839663615
861e8eb27ffffff,604019921730404351
863f3486fffffff,604594267440021503
861f8a20fffffff,604037199981182975
861e8baafffffff,604019713558708223
863869b5fffffff,604474776886444031
863f35897ffffff,604594336830586879
861f9b4b7ffffff,604038379620794367
861f8b237ffffff,604037269371748351
861f9c4dfffffff,604038449011359743
861f9d507ffffff,604038518401925119
861e8191fffffff,604019019653054463
861e82947ffffff,604019089043619839
861e8ec1fffffff,604019925891153919
861e84a8fffffff,604019231985500159
861e83a67ffffff,604019162594934783
861eb116fffffff,604022285170376703
861f9955fffffff,604038245000413183
863f34967ffffff,604594271600771071
861eb520fffffff,604022562732638207
861e8bba7ffffff,604019717719457791
863f26737ffffff,604593300132855807
861e86adfffffff,604019370766630911
861f9b5afffffff,604038383781543935
861f98537ffffff,604038175609847807
863f3598fffffff,604594340991336447
861f8a307ffffff,604037204141932543
863f246e7ffffff,604593161351725055
861e85ab7ffffff,604019301376065535
861f8b32fffffff,604037273532497919
863f308c7ffffff,604593994038509567
861f99657ffffff,604038249161162751
861ea405fffffff,604021387253776383
861ea200fffffff,604021248472645631
861e8ed17ffffff,604019930051903487
861e84b87ffffff,604019236146249727
861e83b5fffffff,604019166755684351
861e8bc9fffffff,604019721880207359
861f9862fffffff,604038179770597375
861eb1267ffffff,604022289331126271
861ea60afffffff,604021526034907135
861e80ae7ffffff,604018958583988223
863f34a5fffffff,604594275761520639
861e9b187ffffff,604020773744541695
86386d057ffffff,604475004385492991
861ea32c7ffffff,604021328869064703
861f9a90fffffff,604038329557581823
861e9a15fffffff,604020704353976319
863f34cefffffff,604594286767374335
861eb14f7ffffff,604022300336979967
863f24a6fffffff,604593176518328319
861ea5317ffffff,604021467650195455
861f8a68fffffff,604037219308535807
861f998e7ffffff,604038260167016447
863f35d17ffffff,604594356157939711
861e81d9fffffff,604019038980407295
861e80d77ffffff,604018969589841919
861ea42efffffff,604021398259630079
861f8b6b7ffffff,604037288699101183
861f9b937ffffff,604038398948147199
861ea229fffffff,604021259478499327
861e8ac77ffffff,604019652489641983
861f8b427ffffff,604037277693247487
861ea5087ffffff,604021456644341759
861f9c6cfffffff,604038457332858879
861ea3037ffffff,604021317863211007
861e88c27ffffff,604019513708511231
863f2682fffffff,604593304293605375
861eb5307ffffff,604022566893387775
861e8ccc7ffffff,604019791270772735
863f25807ffffff,604593234903039999
861e82b37ffffff,604019097365118975
861f9d6f7ffffff,604038526723424255
861e85bafffffff,604019305536815103
861ea2107ffffff,604021252633395199
861f9974fffffff,604038253321912319
861ea4157ffffff,604021391414525951
861ea61a7ffffff,604021530195656703
861e8bd97ffffff,604019726040956927
861eb135fffffff,604022293491875839
861e85ca7ffffff,604019309697564671
861e8ad6fffffff,604019656650391551
861f98727ffffff,604038183931346943
863f34b57ffffff,604594279922270207
861e83c57ffffff,604019170916433919
863f248d7ffffff,604593169673224191
861ea00b7ffffff,604021113852264447
861f8b51fffffff,604037281853997055
861e81c07ffffff,604019032135303167
861e88d1fffffff,604019517869260799
861f8a4f7ffffff,604037212463431679
861ea312fffffff,604021322023960575
863f26927ffffff,604593308454354943
861f9a777ffffff,604038322712477695
861e84d77ffffff,604019244467748863
861ea629fffffff,604021534356406271
861e85d9fffffff,604019313858314239
861e83d4fffffff,604019175077183487
861ea424fffffff,604021395575275519
861f8b617ffffff,604037286014746623
861ea01afffffff,604021118013014015
861f9b897ffffff,604038396263792639
861e80cd7ffffff,604018966905487359
861eb1457ffffff,604022297652625407
861f9a86fffffff,604038326873227263
861f99847ffffff,604038257482661887
863f35c77ffffff,604594353473585151
863f34c4fffffff,604594284083019775
863f26a1fffffff,604593312615104511
861f9881fffffff,604038188092096511
863f30bafffffff,604594006520758271
861e9b0e7ffffff,604020771060187135
861ea5277ffffff,604021464965840895
861e9d137ffffff,604020909841317887
863f2092fffffff,604592896271712255
861ea6397ffffff,604021538517155839
861ea4347ffffff,604021399736025087
861ea22f7ffffff,604021260954894335
861f9b98fffffff,604038400424542207
863f26b17ffffff,604593316775854079
861eb154fffffff,604022301813374975
861f8b70fffffff,604037290175496191
863f34d47ffffff,604594288243769343
861f8a6e7ffffff,604037220784930815
863f35d6fffffff,604594357634334719
861f9a967ffffff,604038331033976831
861e9d22fffffff,604020914002067455
863f24ac7ffffff,604593177994723327
861e9a1b7ffffff,604020705830371327
861f98917ffffff,604038192252846079
861ea02a7ffffff,604021122173763583
861ea536fffffff,604021469126590463
861ea331fffffff,604021330345459711
861e8e0cfffffff,604019877304336383
861e8a02fffffff,604019599742074879
861ea3417ffffff,604021334506209279
861f9ba87ffffff,604038404585291775
861f9aa5fffffff,604038335194726399
861e8b057ffffff,604019669132640255
861ea648fffffff,604021542677905407
861f99a37ffffff,604038265804161023
861ea5467ffffff,604021473287340031
861eb1647ffffff,604022305974124543
861f98a0fffffff,604038196413595647
861e9b2d7ffffff,604020779381686271
861e9a2afffffff,604020709991120895
861eb56e7ffffff,604022583536386047
861e9d327ffffff,604020918162817023
861ea039fffffff,604021126334513151
863f26c0fffffff,604593320936603647
861e84037ffffff,604019187559432191
861ea0497ffffff,604021130495262719
861ea4537ffffff,604021408057524223
861e8a127ffffff,604019603902824447
861ea24e7ffffff,604021269276393471
861e8300fffffff,604019118168866815
861f9ab57ffffff,604038339355475967
861ea350fffffff,604021338666958847
861ea555fffffff,604021477448089599
861e8b14fffffff,604019673293389823
861ea6587ffffff,604021546838654975
861f98b07ffffff,604038200574345215
861e880d7ffffff,604019465121693695
863f24cb7ffffff,604593186316222463
861f99b2fffffff,604038269964910591
861e9a3a7ffffff,604020714151870463
861e8505fffffff,604019256949997567
86386d29fffffff,604475014183387135
861e8412fffffff,604019191720181759
861ea462fffffff,604021412218273791
861e8a21fffffff,604019608063574015
861ea058fffffff,604021134656012287
861e83107ffffff,604019122329616383
861e8008fffffff,604018914157920255
861eb1837ffffff,604022314295623679
861f9bc77ffffff,604038412906790911
861e810b7ffffff,604018983548485631
861e9b4c7ffffff,604020787703185407
861ea3607ffffff,604021342827708415
863f34007ffffff,604594231335452671
863f24dafffffff,604593190476972031
861e85157ffffff,604019261110747135
861e8b247ffffff,604019677454139391
861e9a49fffffff,604020718312620031
861f99c27ffffff,604038274125660159
86386d397ffffff,604475018344136703
861eb48afffffff,604022522467319807
861f9ac4fffffff,604038343516225535
861f9dcc7ffffff,604038551687921663
863f20d0fffffff,604592912914710527
863f3502fffffff,604594300726018047
861eb58d7ffffff,604022591857885183
861ea26d7ffffff,604021277597892607
861ea4727ffffff,604021416379023359
861e84227ffffff,604019195880931327
861e8e3b7ffffff,604019889786585087
861e8a317ffffff,604019612224323583
861ea6777ffffff,604021555160154111
861f9bd6fffffff,604038417067540479
861e80187ffffff,604018918318669823
861eb192fffffff,604022318456373247
861ea0687ffffff,604021138816761855
861e811afffffff,604018987709235199
861f98cf7ffffff,604038208895844351
861e9a597ffffff,604020722473369599
861e86277ffffff,604019334662062079
861f99d1fffffff,604038278286409727
861eb49a7ffffff,604022526628069375
861ea574fffffff,604021485769588735
863f35127ffffff,604594304886767615
861f8aac7ffffff,604037237427929087
861e882c7ffffff,604019473443192831
861f9ad47ffffff,604038347676975103
861ea686fffffff,604021559320903679
861e8431fffffff,604019200041680895
861eb1a27ffffff,604022322617122815
861e8b437ffffff,604019685775638527
861ea481fffffff,604021420539772927
861e8e4afffffff,604019893947334655
861e9b6b7ffffff,604020796024684543
861e832f7ffffff,604019130651115519
861ea5847ffffff,604021489930338303
861e9a68fffffff,604020726634119167
861e812a7ffffff,604018991869984767
861e8c45fffffff,604019755166203903
861e8636fffffff,604019338822811647
861eb5ac7ffffff,604022600179384319
861e8a40fffffff,604019616385073151
861e822cfffffff,604019061260550143
861eb3a77ffffff,604022461398253567
861ea28c7ffffff,604021285919391743
861ea6967ffffff,604021563481653247
861eb1b1fffffff,604022326777872383
861e8b52fffffff,604019689936388095
861e80377ffffff,604018926640168959
861e884b7ffffff,604019481764691967
861e8e5a7ffffff,604019898108084223
861e84417ffffff,604019204202430463
861ea0877ffffff,604021147138260991
861e9a787ffffff,604020730794868735
861ea4917ffffff,604021424700522495
863f342efffffff,604594243817701375
861e9b7afffffff,604020800185434111
861f8bcdfffffff,604037315139993599
861e8139fffffff,604018996030734335
861e8c557ffffff,604019759326953471
861e8a507ffffff,604019620545822719
863f2406fffffff,604593133568655359
861eb3b6fffffff,604022465559003135
861e894dfffffff,604019551155257343
861ea6a5fffffff,604021567642402815
861ea4a0fffffff,604021428861272063
861e81497ffffff,604019000191483903
861e8450fffffff,604019208363180031
861e85537ffffff,604019277753745407
861e8e69fffffff,604019902268833791
861ea096fffffff,604021151299010559
861e885afffffff,604019485925441535
861e8b627ffffff,604019694097137663
861e8046fffffff,604018930800918527
863f24167ffffff,604593137729404927
861f9b02fffffff,604038360159223807
863f3540fffffff,604594317369016319
863f261b7ffffff,604593276510535679
861ea5a37ffffff,604021498251837439
861e9d8f7ffffff,604020943127314431
861e834e7ffffff,604019138972614655
861eb1c17ffffff,604022330938621951
861f9a007ffffff,604038290768658431
861e9b8a7ffffff,604020804346183679
861e16407ffffff,604011644791554047
861e8c64fffffff,604019763487703039
86386d777ffffff,604475034987134975
861ea6b57ffffff,604021571803152383
861ea2ab7ffffff,604021294240890879
861ea4b07ffffff,604021433022021631
861e84607ffffff,604019212523929599
861f990d7ffffff,604038225538842623
861e8158fffffff,604019004352233471
861e8e797ffffff,604019906429583359
861f980afffffff,604038156148277247
861e886a7ffffff,604019490086191103
861e8b71fffffff,604019698257887231
861f9b127ffffff,604038364319973375
863f35507ffffff,604594321529765887
861e80567ffffff,604018934961668095
861e8a6f7ffffff,604019628867321855
861e8562fffffff,604019281914494975
861eb1d0fffffff,604022335099371519
861ea5b2fffffff,604021502412587007
861ea0a67ffffff,604021155459760127
861e9b99fffffff,604020808506933247
861e8c747ffffff,604019767648452607
861e9994fffffff,604020669725802495
861ea6c4fffffff,604021575963901951
861ea5c27ffffff,604021506573336575
861ea2bafffffff,604021298401640447
861e8e88fffffff,604019910590332927
861e81687ffffff,604019008512983039
861f9a817ffffff,604038325396832255
861e9a067ffffff,604020700193226751
861ea521fffffff,604021463489445887
861f8a597ffffff,604037215147786239
861e86d6fffffff,604019381772484607
863f30b57ffffff,604594005044363263
861e9b08fffffff,604020769583792127
863f2599fffffff,604593241748144127
863f35c1fffffff,604594351997190143
861e83cf7ffffff,604019173600788479
861ea0157ffffff,604021116536619007
861e81ca7ffffff,604019034819657727
861e85d47ffffff,604019312381919231
863f24977ffffff,604593172357578751
861ea21a7ffffff,604021255317749759
861ea6247ffffff,604021532880011263
861e84d1fffffff,604019242991353855
861e8065fffffff,604018939122417663
861e8879fffffff,604019494246940671
861f981a7ffffff,604038160309026815
861e85727ffffff,604019286075244543
861e8b817ffffff,604019702418636799
861e9dae7ffffff,604020951448813567
861f9b21fffffff,604038368480722943
861ea0b5fffffff,604021159620509695
861e99a47ffffff,604020673886552063
863f263a7ffffff,604593284832034815
861e9ba97ffffff,604020812667682815
861e836d7ffffff,604019147294113791
861f9e297ffffff,604038576652419071
863f24357ffffff,604593146050904063
8638698c7ffffff,604474765746372607
861ea6d47ffffff,604021580124651519
861e8a8e7ffffff,604019637188820991
861f992c7ffffff,604038233860341759
861f9829fffffff,604038164469776383
861ea5d1fffffff,604021510734086143
861ea4cf7ffffff,604021441343520767
861ea0c57ffffff,604021163781259263
861e8e987ffffff,604019914751082495
861e80757ffffff,604018943283167231
861ea2ca7ffffff,604021302562390015
861f8b097ffffff,604037262392426495
863f2444fffffff,604593150211653631
861e86847ffffff,604019359626559487
861f9b317ffffff,604038372641472511
861f9a2efffffff,604038303250907135
861ea3ccfffffff,604021371952955391
861e8581fffffff,604019290235994111
861e8b90fffffff,604019706579386367
861e9bb8fffffff,604020816828432383
861f9e38fffffff,604038580813168639
861f9d367ffffff,604038511422603263
861f8a06fffffff,604037193001861119
861e88897ffffff,604019498407690239
861ed649fffffff,604024841481224191
863f2649fffffff,604593288992784383
863f346cfffffff,604594260460699647
861e848efffffff,604019225006178303
861e8084fffffff,604018947443916799
861e838c7ffffff,604019155615612927
861ea0d4fffffff,604021167942008831
861f98397ffffff,604038168630525951
863f24547ffffff,604593154372403199
861ea2d9fffffff,604021306723139583
861f8b18fffffff,604037266553176063
861e85917ffffff,604019294396743679
861e8ba07ffffff,604019710740135935
861ed6597ffffff,604024845641973759
863f26597ffffff,604593293153533951
861f9d45fffffff,604038515583352831
861e9ac5fffffff,604020751598616575
861eb506fffffff,604022555753316351
861f9b40fffffff,604038376802222079
861e9bc87ffffff,604020820989181951
861e80947ffffff,604018951604666367
861e8aad7ffffff,604019645510320127
861f994b7ffffff,604038242181840895
861eb10c7ffffff,604022282351804415
861e8eb77ffffff,604019923072581631
861f9848fffffff,604038172791275519
861f8a25fffffff,604037201323360255
861e86a37ffffff,604019367948058623
861f9b507ffffff,604038380962971647
861f8b287ffffff,604037270713925631
863869bafffffff,604474778228621311
861f9d557ffffff,604038519744102399
863f3081fffffff,604593991219937279
861eb5167ffffff,604022559914065919
863f358e7ffffff,604594338172764159
861e84adfffffff,604019233327677439
861ea6007ffffff,604021523216334847
861e8ec6fffffff,604019927233331199
861e83ab7ffffff,604019163937112063
861f995afffffff,604038246342590463
861e86b2fffffff,604019372108808191
863f24737ffffff,604593162693902335
863f349b7ffffff,604594272942948351
861eb525fffffff,604022564074815487
861f98587ffffff,604038176952025087
861f8a357ffffff,604037205484109823
863f26787ffffff,604593301475033087
863f30917ffffff,604593995380686847
861e82a8fffffff,604019094546546687
861f9d64fffffff,604038523904851967
861f9c627ffffff,604038454514286591
861e8cc1fffffff,604019788452200447
861f9e677ffffff,604038593295417343
861ea40afffffff,604021388595953663
861e83bafffffff,604019168097861631
861f996a7ffffff,604038250503340031
861ea205fffffff,604021249814822911
861e80b37ffffff,604018959926165503
861e8ed67ffffff,604019931394080767
861e8bcefffffff,604019723222384639
863f2482fffffff,604593166854651903
861f8b477ffffff,604037279035424767
863f34aafffffff,604594277103697919
861eb12b7ffffff,604022290673303551
861e8acc7ffffff,604019653831819263
861ea000fffffff,604021111033692159
861ea3087ffffff,604021319205388287
861eb5357ffffff,604022568235565055
861ea50d7ffffff,604021457986519039
861f9a6cfffffff,604038319893905407
861e88c77ffffff,604019515050688511
863f25857ffffff,604593236245217279
861f9e76fffffff,604038597456166911
861f8a44fffffff,604037209644859391
863f30a0fffffff,604593999541436415
861e82b87ffffff,604019098707296255
861e86c27ffffff,604019376269557759
861ea2157ffffff,604021253975572479
861e84ccfffffff,604019241649176575
861f9979fffffff,604038254664089599
861ea41a7ffffff,604021392756703231
861f98777ffffff,604038185273524223
863f24927ffffff,604593171015401471
861eb13afffffff,604022294834053119
861e85cf7ffffff,604019311039741951
861ea0107ffffff,604021115194441727
863f34ba7ffffff,604594281264447487
861e80c2fffffff,604018964086915071
861f8b56fffffff,604037283196174335
861e81c57ffffff,604019033477480447
861e83ca7ffffff,604019172258611199
863f30b07ffffff,604594003702185983
861e9a017ffffff,604020698851049471
863f2594fffffff,604593240405966847
863f26977ffffff,604593309796532223
861f8a547ffffff,604037213805608959
861e88d6fffffff,604019519211438079
861e86d1fffffff,604019380430307327
861eb544fffffff,604022572396314623
861ea62efffffff,604021535698583551
861ea429fffffff,604021396917452799
861f9b8e7ffffff,604038397605969919
861ea224fffffff,604021258136322047
861e80d27ffffff,604018968247664639
861f8b667ffffff,604037287356923903
863f35cc7ffffff,604594354815762431
861e83d9fffffff,604019176419360767
861e81d4fffffff,604019037638230015
863f24a1fffffff,604593175176151039
861f9886fffffff,604038189434273791
861f99897ffffff,604038258824839167
863f26a6fffffff,604593313957281791
861eb14a7ffffff,604022298994802687
861e9a10fffffff,604020703011799039
861ea52c7ffffff,604021466308018175
863f34c9fffffff,604594285425197055
861e9b137ffffff,604020772402364415
861ea4397ffffff,604021401078202367
861e8e027ffffff,604019874485764095
861ea2347ffffff,604021262297071615
863f24b17ffffff,604593179336900607
861f8b75fffffff,604037291517673471
863f26b67ffffff,604593318118031359
861e9b22fffffff,604020776563113983
861e9a207ffffff,604020707172548607
861f9998fffffff,604038262985588735
861eb159fffffff,604022303155552255
863f34d97ffffff,604594289585946623
861f9ea57ffffff,604038609938415615
861f98967ffffff,604038193595023359
861f8a737ffffff,604037222127108095
861ea448fffffff,604021405238951935
861e8e11fffffff,604019878646513663
861e8b0a7ffffff,604019670474817535
861f9bad7ffffff,604038405927469055
861f99a87ffffff,604038267146338303
861ea54b7ffffff,604021474629517311
863f24c0fffffff,604593183497650175
861f9aaafffffff,604038336536903679
861ea3467ffffff,604021335848386559
861ea64dfffffff,604021544020082687
863f26c5fffffff,604593322278780927
861e9d377ffffff,604020919504994303
861f98a5fffffff,604038197755772927
861e9b327ffffff,604020780723863551
861eb1697ffffff,604022307316301823
861f9eb4fffffff,604038614099165183
863f25c37ffffff,604593252888215551
861e992d7ffffff,604020641942732799
861eb5737ffffff,604022584878563327
861f8b857ffffff,604037295678423039
861e8c0cfffffff,604019739865382911
861e8802fffffff,604019462303121407
861e84087ffffff,604019188901609471
861ea4587ffffff,604021409399701503
861e8b19fffffff,604019674635567103
861e8a177ffffff,604019605245001727
861ea04e7ffffff,604021131837439999
861e8e217ffffff,604019882807263231
861e8305fffffff,604019119511044095
861ea55afffffff,604021478790266879
861ea2537ffffff,604021270618570751
861ea355fffffff,604021340009136127
861e850afffffff,604019258292174847
863f24d07ffffff,604593187658399743
861f9aba7ffffff,604038340697653247
861e9b41fffffff,604020784884613119
861f98b57ffffff,604038201916522495
861e8100fffffff,604018980729913343
86386d2efffffff,604475015525564415
861eb178fffffff,604022311477051391
863f25d2fffffff,604593257048965119
861eb582fffffff,604022589039312895
861eb4807ffffff,604022519648747519
863f26d57ffffff,604593326439530495
861ea262fffffff,604021274779320319
861e8a26fffffff,604019609405751295
861ea66cfffffff,604021552341581823
861e83157ffffff,604019123671793663
861e800dfffffff,604018915500097535
861e8e30fffffff,604019886968012799
861eb1887ffffff,604022315637800959
861f98c4fffffff,604038206077272063
861e8b297ffffff,604019678796316671
861e9a4efffffff,604020719654797311
861e851a7ffffff,604019262452924415
861ea3657ffffff,604021344169885695
861f9bcc7ffffff,604038414248968191
863f34057ffffff,604594232677629951
861e81107ffffff,604018984890662911
861eb5927ffffff,604022593200062463
861f99c77ffffff,604038275467837439
861e9b517ffffff,604020789045362687
861e994c7ffffff,604020650264231935
861f8aa1fffffff,604037234609356799
861ea56a7ffffff,604021482951016447
861e8821fffffff,604019470624620543
861ea4777ffffff,604021417721200639
861ea2727ffffff,604021278940069887
861e84277ffffff,604019197223108607
861e8a367ffffff,604019613566500863
861eb02dfffffff,604022222624915455
861e86c77ffffff,604019377611735039
863f35b27ffffff,604594347836440575
861eb53a7ffffff,604022569577742335
863f258a7ffffff,604593237587394559
861f9d797ffffff,604038529407778815
861f9b747ffffff,604038390626648063
861e88cc7ffffff,604019516392865791
861f8a49fffffff,604037210987036671
861ea30d7ffffff,604021320547565567
861ea005fffffff,604021112375869439
863f268cfffffff,604593306977959935
861e85c4fffffff,604019308221169663
861e8ad17ffffff,604019655173996543
861ea5127ffffff,604021459328696319
861f986cfffffff,604038182454951935
861f8b4c7ffffff,604037280377602047
861eb1307ffffff,604022292015480831
861e80b87ffffff,604018961268342783
861e8edb7ffffff,604019932736258047
861ea20afffffff,604021251157000191
861f996f7ffffff,604038251845517311
861ea614fffffff,604021528719261695
861e84c27ffffff,604019238830604287
861e8e407ffffff,604019891128762367
861e8324fffffff,604019127832543231
861e8b38fffffff,604019682957066239
863f3414fffffff,604594236838379519
861e9b60fffffff,604020793206112255
861f98d47ffffff,604038210238021631
861ea06d7ffffff,604021140158939135
861eb5a1fffffff,604022597360812031
861ea374fffffff,604021348330635263
861e82227ffffff,604019058441977855
861f99d6fffffff,604038279628587007
861ea579fffffff,604021487111766015
861e862c7ffffff,604019336004239359
861e8529fffffff,604019266613673983
861e8c3b7ffffff,604019752347631615
861e88317ffffff,604019474785370111
863f35177ffffff,604594306228944895
861eb1a77ffffff,604022323959300095
861ea281fffffff,604021283100819455
861e8436fffffff,604019201383858175
861e802cfffffff,604018923821596671
861e83347ffffff,604019131993292799
861ea5897ffffff,604021491272515583
861ea486fffffff,604021421881950207
861e8b487ffffff,604019687117815807
863f34247ffffff,604594240999129087
861e8840fffffff,604019478946119679
861e8c4afffffff,604019756508381183
863f26017ffffff,604593269531213823
861e9a6dfffffff,604020727976296447
861e812f7ffffff,604018993212162047
861e9b707ffffff,604020797366861823
861e8a45fffffff,604019617727250431
861eb5b17ffffff,604022601521561599
861e85397ffffff,604019270774423551
861eb0a4fffffff,604022254568734719
861f8bc37ffffff,604037312321421311
861e996b7ffffff,604020658585731071
861e8231fffffff,604019062602727423
861ea69b7ffffff,604021564823830527
861eb1b6fffffff,604022328120049663
861ea2917ffffff,604021287261569023
861e84467ffffff,604019205544607743
861e8548fffffff,604019274935173119
861ea598fffffff,604021495433265151
861ea08c7ffffff,604021148480438271
861ea4967ffffff,604021426042699775
861e9d84fffffff,604020940308742143
861e88507ffffff,604019483106869247
863f2610fffffff,604593273691963391
861e8c5a7ffffff,604019760669130751
861e8a557ffffff,604019621887999999
861e997afffffff,604020662746480639
861f8bd2fffffff,604037316482170879
861eb0b47ffffff,604022258729484287
861ea6aafffffff,604021568984580095
861ea4a5fffffff,604021430203449343
861e85587ffffff,604019279095922687
861e8455fffffff,604019209705357311
861e8e6efffffff,604019903611011071
861e814e7ffffff,604019001533661183
861ea2a0fffffff,604021291422318591
861e8a64fffffff,604019626048749567
863f241b7ffffff,604593139071582207
861f98007ffffff,604038153329704959
861f9902fffffff,604038222720270335
861e9d947ffffff,604020944469491711
861e8b677ffffff,604019695439314943
861eb1c67ffffff,604022332280799231
861ea5a87ffffff,604021499594014719
861e8c69fffffff,604019764829880319
861e83537ffffff,604019140314791935
863f3545fffffff,604594318711193599
861f9a057ffffff,604038292110835711
861e9b8f7ffffff,604020805688360959
861e16457ffffff,604011646133731327
861ea6ba7ffffff,604021573145329663
861ea4b57ffffff,604021434364198911
861ea2b07ffffff,604021295583068159
861e84657ffffff,604019213866106879
861e8a747ffffff,604019630209499135
861e8b76fffffff,604019699600064511
861f9b177ffffff,604038365662150655
861e886f7ffffff,604019491428368383
861e8c797ffffff,604019768990629887
861ea0ab7ffffff,604021156801937407
863f35557ffffff,604594322871943167
861eb1d5fffffff,604022336441548799
861f9a14fffffff,604038296271585279
861f99127ffffff,604038226881019903
861e8362fffffff,604019144475541503
861e805b7ffffff,604018936303845375
863f242afffffff,604593143232331775
863f3452fffffff,604594253481377791
86386981fffffff,604474762927800319
861e8474fffffff,604019218026856447
861f9921fffffff,604038231041769471
861ea4c4fffffff,604021438524948479
861ea5c77ffffff,604021507915513855
861e8e8dfffffff,604019911932510207
861e816d7ffffff,604019009855160319
861ea6c9fffffff,604021577306079231
861e806afffffff,604018940464594943
861f9b26fffffff,604038369822900223
861e9db37ffffff,604020952790990847
861f9a247ffffff,604038300432334847
861ea0bafffffff,604021160962686975
861e83727ffffff,604019148636291071
861ea3c27ffffff,604021369134383103
861e85777ffffff,604019287417421823
863f243a7ffffff,604593147393081343
861f9e2e7ffffff,604038577994596351
861e8b867ffffff,604019703760814079
863f34627ffffff,604594257642127359
861e9bae7ffffff,604020814009860095
861f9c297ffffff,604038439213465599
861e125a7ffffff,604011376892968959
863869917ffffff,604474767088549887
861e8381fffffff,604019152797040639
861ea0ca7ffffff,604021165123436543
861e84847ffffff,604019222187606015
861e8a937ffffff,604019638530998271
861f99317ffffff,604038235202519039
861f982efffffff,604038165811953663
861ea5d6fffffff,604021512076263423
861ea2cf7ffffff,604021303904567295
861ea6d97ffffff,604021581466828799
861f9b367ffffff,604038373983649791
861ea4d47ffffff,604021442685698047
861e807a7ffffff,604018944625344511
861ea3d1fffffff,604021373295132671
863f2449fffffff,604593151553830911
861f8b0e7ffffff,604037263734603775
861e8b95fffffff,604019707921563647
863f264efffffff,604593290334961663
863869a0fffffff,604474771249299455
861e86897ffffff,604019360968736767
861e8586fffffff,604019291578171391
863f3471fffffff,604594261802876927
861e99b8fffffff,604020679389478911
861e9dc2fffffff,604020956951740415
861ea0d9fffffff,604021169284186111
861e83917ffffff,604019156957790207
861e8aa2fffffff,604019642691747839
861e8089fffffff,604018948786094079
861eb101fffffff,604022279533232127
861f9940fffffff,604038239363268607
863f34817ffffff,604594265963626495
861e8eacfffffff,604019920254009343
863869b07ffffff,604474775410049023
861e8698fffffff,604019365129486335
863f24597ffffff,604593155714580479
861f9d4afffffff,604038516925530111
861e8ba57ffffff,604019712082313215
861e9acafffffff,604020752940793855
861e85967ffffff,604019295738920959
861e818c7ffffff,604019018176659455
861e9bcd7ffffff,604020822331359231
861e9dd27ffffff,604020961112489983
861f9b45fffffff,604038378144399359
861e83a0fffffff,604019161118539775
861e84a37ffffff,604019230509105151
861e80997ffffff,604018952946843647
861e8ab27ffffff,604019646852497407
861f984dfffffff,604038174133452799
861eb1117ffffff,604022283693981695
861f99507ffffff,604038243524018175
863f3490fffffff,604594270124376063
861f8a2afffffff,604037202665537535
863f35937ffffff,604594339514941439
861f8b2d7ffffff,604037272056102911
863f3086fffffff,604593992562114559
861e86a87ffffff,604019369290235903
861f9b557ffffff,604038382305148927
863f2468fffffff,604593159875330047
861f9d5a7ffffff,604038521086279679
861e8bb4fffffff,604019716243062783
861ea4007ffffff,604021385777381375
861ea6057ffffff,604021524558512127
861e83b07ffffff,604019165279289343
861e80a8fffffff,604018957107593215
861e84b2fffffff,604019234669854719
861eb120fffffff,604022287854731263
863f34a07ffffff,604594274285125631
861e8bc47ffffff,604019720403812351
861e8ac1fffffff,604019651013246975
861ea502fffffff,604021455167946751
863f24787ffffff,604593164036079615
863f30967ffffff,604593996722864127
861eb52afffffff,604022565416992767
861e82adfffffff,604019095888723967
861f9b64fffffff,604038386465898495
861f9d69fffffff,604038525247029247
861f8a3a7ffffff,604037206826287103
861f9c677ffffff,604038455856463871
861e81ab7ffffff,604019026498158591
861e8cc6fffffff,604019789794377727
863869537ffffff,604474750445551615
863869427ffffff,604474745882148863
86386b877ffffff,604474901843148799
863869557ffffff,604474750982422527
8638695afffffff,604474752458817535
86386949fffffff,604474747895414783
863868277ffffff,604474669914914815
863869517ffffff,604474749908680703
8638682efffffff,604474671928180735
86386b967ffffff,604474905869680639
863869407ffffff,604474745345277951
86386b92fffffff,604474904930156543
86386958fffffff,604474751921946623
863868257ffffff,604474669378043903
86386b947ffffff,604474905332809727
8638682cfffffff,604474671391309823
8638694f7ffffff,604474749371809791
8638694d7ffffff,604474748834938879
86386bb27ffffff,604474913385873407
8638694b7ffffff,604474748298067967
86386941fffffff,604474745747931135
86386b86fffffff,604474901708931071
8638695a7ffffff,604474752324599807
863869497ffffff,604474747761197055
86386826fffffff,604474669780697087
8638682e7ffffff,604474671793963007
86386950fffffff,604474749774462975
86386b95fffffff,604474905735462911
86386b84fffffff,604474901172060159
863869587ffffff,604474751787728895
86386824fffffff,604474669243826175
8638682d7ffffff,604474671525527551
86386b94fffffff,604474905467027455
8638682c7ffffff,604474671257092095
86386b82fffffff,604474900635189247
863869437ffffff,604474746150584319
8638694afffffff,604474748163850239
86386b977ffffff,604474906138116095
863869417ffffff,604474745613713407
86386825fffffff,604474669512261631
863869487ffffff,604474747492761599
86386b867ffffff,604474901574713343
86386959fffffff,604474752190382079
863869597ffffff,604474752056164351
86386948fffffff,604474747626979327
863869507ffffff,604474749640245247
86386b957ffffff,604474905601245183
86386940fffffff,604474745479495679
8638682dfffffff,604474671659745279
86386b847ffffff,604474901037842431
863868247ffffff,604474669109608447
8638682f7ffffff,604474672062398463
86386951fffffff,604474750042898431
86386b96fffffff,604474906003898367
8638694e7ffffff,604474749103374335
86386bb37ffffff,604474913654308863
8638694c7ffffff,604474748566503423
86386942fffffff,604474746016366591
8638695b7ffffff,604474752593035263
8638694a7ffffff,604474748029632511
