row;Country;Name;UNLocode;Latitude;Longitude;H3_hex_8;H3_int_index_8;H3_ring;H3_res;type
0;ITA;Genova;ITGOA;44.399822;8.924361;881f9b08a1fffff;613045560926011391;-1;8;green
1;ITA;Genova;ITGOA;44.399822;8.924361;881f9b08adfffff;613045560938594303;-1;8;green
2;ITA;Genova;ITGOA;44.399822;8.924361;881f9b7249fffff;613045589287895039;-1;8;green
3;ITA;Genova;ITGOA;44.399822;8.924361;881f9b7241fffff;613045589279506431;-1;8;green
4;ITA;Genova;ITGOA;44.399822;8.924361;881f9b724dfffff;613045589292089343;-1;8;green
5;ITA;Genova;ITGOA;44.399822;8.924361;881f9b099bfffff;613045561188155391;-1;8;green
6;ITA;Genova;ITGOA;44.399822;8.924361;881f9b0999fffff;613045561186058239;-1;8;green
7;ITA;Genova;ITGOA;44.399822;8.924361;881f9b09d3fffff;613045561246875647;-1;8;green
8;ITA;Genova;ITGOA;44.399822;8.924361;881f9b08a5fffff;613045560930205695;-1;8;green
9;ITA;Genova;ITGOA;44.399822;8.924361;881f9b08a7fffff;613045560932302847;-1;8;green
10;ITA;Genova;ITGOA;44.399822;8.924361;881f9b08a3fffff;613045560928108543;-1;8;green
11;ITA;Genova;ITGOA;44.399822;8.924361;881f9b08b7fffff;613045560949080063;-1;8;green
12;ITA;Genova;ITGOA;44.399822;8.924361;881f9b725dfffff;613045589308866559;-1;8;green
13;ITA;Genova;ITGOA;44.399822;8.924361;881f9b7259fffff;613045589304672255;-1;8;green
14;ITA;Genova;ITGOA;44.399822;8.924361;881f9b08b3fffff;613045560944885759;-1;8;green
15;ITA;Genova;ITGOA;44.399822;8.924361;881f9b08b1fffff;613045560942788607;-1;8;green
16;ITA;Genova;ITGOA;44.399822;8.924361;881f9b08d5fffff;613045560980537343;-1;8;green
17;ITA;Genova;ITGOA;44.399822;8.924361;881f9b088bfffff;613045560902942719;-1;8;green
18;ITA;Genova;ITGOA;44.399822;8.924361;881f9b08c1fffff;613045560959565823;-1;8;green
19;ITA;Genova;ITGOA;44.399822;8.924361;881f9b08edfffff;613045561005703167;-1;8;green
20;ITA;Genova;ITGOA;44.399822;8.924361;881f9b08e9fffff;613045561001508863;-1;8;green
21;ITA;Genova;ITGOA;44.399822;8.924361;881f9b08e1fffff;613045560993120255;-1;8;green
22;ITA;Genova;ITGOA;44.399822;8.924361;881f9b08e3fffff;613045560995217407;-1;8;green
23;ITA;Genova;ITGOA;44.399822;8.924361;881f9b0885fffff;613045560896651263;-1;8;green
24;ITA;Genova;ITGOA;44.399822;8.924361;881f9b088dfffff;613045560905039871;-1;8;green
25;ITA;Genova;ITGOA;44.399822;8.924361;881f9b08c7fffff;613045560965857279;-1;8;green
26;ITA;Genova;ITGOA;44.399822;8.924361;881f9b0889fffff;613045560900845567;-1;8;green
27;ITA;Genova;ITGOA;44.399822;8.924361;881f9b0881fffff;613045560892456959;-1;8;green
28;ITA;Genova;ITGOA;44.399822;8.924361;881f9b0883fffff;613045560894554111;-1;8;green
29;ITA;Genova;ITGOA;44.399822;8.924361;881f9b08b9fffff;613045560951177215;-1;8;green
30;ITA;Genova;ITGOA;44.399822;8.924361;881f9b08bdfffff;613045560955371519;-1;8;green
31;ITA;Genova;ITGOA;44.399822;8.924361;881f9b08abfffff;613045560936497151;-1;8;green
32;ITA;Genova;ITGOA;44.399822;8.924361;881f9b0887fffff;613045560898748415;-1;8;green
33;ITA;Gela;ITGEA;37.065778;14.230389;883f34390dfffff;613601445771476991;-1;8;green
34;ITA;Gela;ITGEA;37.065778;14.230389;883f34396bfffff;613601445870043135;-1;8;green
35;ITA;Gela;ITGEA;37.065778;14.230389;883f343963fffff;613601445861654527;-1;8;green
36;ITA;Gela;ITGEA;37.065778;14.230389;883f343905fffff;613601445763088383;-1;8;green
37;ITA;Gela;ITGEA;37.065778;14.230389;883f343901fffff;613601445758894079;-1;8;green
38;ITA;Gela;ITGEA;37.065778;14.230389;883f343909fffff;613601445767282687;-1;8;green
39;ITA;Gela;ITGEA;37.065778;14.230389;883f343947fffff;613601445832294399;-1;8;green
40;ITA;Gela;ITGEA;37.065778;14.230389;883f343945fffff;613601445830197247;-1;8;green
41;ITA;Gela;ITGEA;37.065778;14.230389;883f343969fffff;613601445867945983;-1;8;green
42;ITA;Gela;ITGEA;37.065778;14.230389;883f343961fffff;613601445859557375;-1;8;green
43;ITA;Gela;ITGEA;37.065778;14.230389;883f343967fffff;613601445865848831;-1;8;green
44;ITA;Gela;ITGEA;37.065778;14.230389;883f343929fffff;613601445800837119;-1;8;green
45;ITA;Gela;ITGEA;37.065778;14.230389;883f34392bfffff;613601445802934271;-1;8;green
46;ITA;Gela;ITGEA;37.065778;14.230389;883f343907fffff;613601445765185535;-1;8;green
47;ITA;Gela;ITGEA;37.065778;14.230389;883f343903fffff;613601445760991231;-1;8;green
48;ITA;Gela;ITGEA;37.065778;14.230389;883f34390bfffff;613601445769379839;-1;8;green
49;ITA;Gela;ITGEA;37.065778;14.230389;883f343955fffff;613601445846974463;-1;8;green
50;ITA;Gela;ITGEA;37.065778;14.230389;883f343943fffff;613601445828100095;-1;8;green
51;ITA;Gela;ITGEA;37.065778;14.230389;883f343941fffff;613601445826002943;-1;8;green
52;ITA;Gela;ITGEA;37.065778;14.230389;883f34394dfffff;613601445838585855;-1;8;green
53;ITA;Gela;ITGEA;37.065778;14.230389;883f340c93fffff;613601433832390655;-1;8;green
54;ITA;Gela;ITGEA;37.065778;14.230389;883f340c97fffff;613601433836584959;-1;8;green
55;ITA;Gela;ITGEA;37.065778;14.230389;883f34396dfffff;613601445872140287;-1;8;green
56;ITA;Gela;ITGEA;37.065778;14.230389;883f343965fffff;613601445863751679;-1;8;green
57;ITA;Gela;ITGEA;37.065778;14.230389;883f34765bfffff;613601462227828735;-1;8;green
58;ITA;Gela;ITGEA;37.065778;14.230389;883f34392dfffff;613601445805031423;-1;8;green
59;ITA;Gela;ITGEA;37.065778;14.230389;883f343921fffff;613601445792448511;-1;8;green
60;ITA;Gela;ITGEA;37.065778;14.230389;883f343923fffff;613601445794545663;-1;8;green
61;ITA;Gela;ITGEA;37.065778;14.230389;883f34393dfffff;613601445821808639;-1;8;green
62;ITA;Gela;ITGEA;37.065778;14.230389;883f343939fffff;613601445817614335;-1;8;green
63;ITA;Gela;ITGEA;37.065778;14.230389;883f343915fffff;613601445779865599;-1;8;green
64;ITA;Gela;ITGEA;37.065778;14.230389;883f34391dfffff;613601445788254207;-1;8;green
65;ITA;Gela;ITGEA;37.065778;14.230389;883f343957fffff;613601445849071615;-1;8;green
66;ITA;Gela;ITGEA;37.065778;14.230389;883f343951fffff;613601445842780159;-1;8;green
67;ITA;Gela;ITGEA;37.065778;14.230389;883f34395dfffff;613601445855363071;-1;8;green
68;ITA;Gela;ITGEA;37.065778;14.230389;883f34394bfffff;613601445836488703;-1;8;green
69;ITA;Gela;ITGEA;37.065778;14.230389;883f343949fffff;613601445834391551;-1;8;green
70;ITA;Gela;ITGEA;37.065778;14.230389;883f343b27fffff;613601446335610879;-1;8;green
71;ITA;Gela;ITGEA;37.065778;14.230389;883f340c9bfffff;613601433840779263;-1;8;green
72;ITA;Gela;ITGEA;37.065778;14.230389;883f340c91fffff;613601433830293503;-1;8;green
73;ITA;Gela;ITGEA;37.065778;14.230389;883f340c95fffff;613601433834487807;-1;8;green
74;ITA;Gela;ITGEA;37.065778;14.230389;883f340cbbfffff;613601433874333695;-1;8;green
75;ITA;Gela;ITGEA;37.065778;14.230389;883f340cb3fffff;613601433865945087;-1;8;green
76;ITA;Gela;ITGEA;37.065778;14.230389;883f347659fffff;613601462225731583;-1;8;green
77;ITA;Gela;ITGEA;37.065778;14.230389;883f347651fffff;613601462217342975;-1;8;green
78;ITA;Gela;ITGEA;37.065778;14.230389;883f347653fffff;613601462219440127;-1;8;green
79;ITA;Gela;ITGEA;37.065778;14.230389;883f343925fffff;613601445796642815;-1;8;green
80;ITA;Gela;ITGEA;37.065778;14.230389;883f343927fffff;613601445798739967;-1;8;green
81;ITA;Gela;ITGEA;37.065778;14.230389;883f3476c9fffff;613601462343172095;-1;8;green
82;ITA;Gela;ITGEA;37.065778;14.230389;883f343935fffff;613601445813420031;-1;8;green
83;ITA;Gela;ITGEA;37.065778;14.230389;883f343931fffff;613601445809225727;-1;8;green
84;ITA;Gela;ITGEA;37.065778;14.230389;883f34393bfffff;613601445819711487;-1;8;green
85;ITA;Gela;ITGEA;37.065778;14.230389;883f343917fffff;613601445781962751;-1;8;green
86;ITA;Gela;ITGEA;37.065778;14.230389;883f343911fffff;613601445775671295;-1;8;green
87;ITA;Gela;ITGEA;37.065778;14.230389;883f343919fffff;613601445784059903;-1;8;green
88;ITA;Gela;ITGEA;37.065778;14.230389;883f343953fffff;613601445844877311;-1;8;green
89;ITA;Gela;ITGEA;37.065778;14.230389;883f34395bfffff;613601445853265919;-1;8;green
90;ITA;Gela;ITGEA;37.065778;14.230389;883f343959fffff;613601445851168767;-1;8;green
91;ITA;Gela;ITGEA;37.065778;14.230389;883f343b37fffff;613601446352388095;-1;8;green
92;ITA;Gela;ITGEA;37.065778;14.230389;883f343b35fffff;613601446350290943;-1;8;green
93;ITA;Gela;ITGEA;37.065778;14.230389;883f343b23fffff;613601446331416575;-1;8;green
94;ITA;Gela;ITGEA;37.065778;14.230389;883f343b21fffff;613601446329319423;-1;8;green
95;ITA;Gela;ITGEA;37.065778;14.230389;883f343b25fffff;613601446333513727;-1;8;green
96;ITA;Gela;ITGEA;37.065778;14.230389;883f340c99fffff;613601433838682111;-1;8;green
97;ITA;Gela;ITGEA;37.065778;14.230389;883f340c9dfffff;613601433842876415;-1;8;green
98;ITA;Gela;ITGEA;37.065778;14.230389;883f340c83fffff;613601433815613439;-1;8;green
99;ITA;Gela;ITGEA;37.065778;14.230389;883f340cb9fffff;613601433872236543;-1;8;green
100;ITA;Gela;ITGEA;37.065778;14.230389;883f340cb1fffff;613601433863847935;-1;8;green
101;ITA;Gela;ITGEA;37.065778;14.230389;883f340cb7fffff;613601433870139391;-1;8;green
102;ITA;Gela;ITGEA;37.065778;14.230389;883f34765dfffff;613601462229925887;-1;8;green
103;ITA;Gela;ITGEA;37.065778;14.230389;883f347655fffff;613601462221537279;-1;8;green
104;ITA;Gela;ITGEA;37.065778;14.230389;883f347657fffff;613601462223634431;-1;8;green
105;ITA;Gela;ITGEA;37.065778;14.230389;883f347619fffff;613601462158622719;-1;8;green
106;ITA;Gela;ITGEA;37.065778;14.230389;883f34761bfffff;613601462160719871;-1;8;green
107;ITA;Gela;ITGEA;37.065778;14.230389;883f3476cdfffff;613601462347366399;-1;8;green
108;ITA;Gela;ITGEA;37.065778;14.230389;883f3476c1fffff;613601462334783487;-1;8;green
109;ITA;Gela;ITGEA;37.065778;14.230389;883f3476cbfffff;613601462345269247;-1;8;green
110;ITA;Gela;ITGEA;37.065778;14.230389;883f343937fffff;613601445815517183;-1;8;green
111;ITA;Gela;ITGEA;37.065778;14.230389;883f343933fffff;613601445811322879;-1;8;green
112;ITA;Gela;ITGEA;37.065778;14.230389;883f3439edfffff;613601446006358015;-1;8;green
113;ITA;Gela;ITGEA;37.065778;14.230389;883f3439e9fffff;613601446002163711;-1;8;green
114;ITA;Gela;ITGEA;37.065778;14.230389;883f343913fffff;613601445777768447;-1;8;green
115;ITA;Gela;ITGEA;37.065778;14.230389;883f34391bfffff;613601445786157055;-1;8;green
116;ITA;Gela;ITGEA;37.065778;14.230389;883f343825fffff;613601445528207359;-1;8;green
117;ITA;Gela;ITGEA;37.065778;14.230389;883f34382dfffff;613601445536595967;-1;8;green
118;ITA;Gela;ITGEA;37.065778;14.230389;883f343867fffff;613601445597413375;-1;8;green
119;ITA;Gela;ITGEA;37.065778;14.230389;883f343865fffff;613601445595316223;-1;8;green
120;ITA;Gela;ITGEA;37.065778;14.230389;883f343b33fffff;613601446348193791;-1;8;green
121;ITA;Gela;ITGEA;37.065778;14.230389;883f343b31fffff;613601446346096639;-1;8;green
122;ITA;Gela;ITGEA;37.065778;14.230389;883f343b3dfffff;613601446358679551;-1;8;green
123;ITA;Gela;ITGEA;37.065778;14.230389;883f343b2bfffff;613601446339805183;-1;8;green
124;ITA;Cagliari;ITCAG;39.206808;9.113711;881e92d6cdfffff;613027405608517631;-1;8;green
125;ITA;Cagliari;ITCAG;39.206808;9.113711;881e92d61bfffff;613027405421871103;-1;8;green
126;ITA;Cagliari;ITCAG;39.206808;9.113711;881e92d619fffff;613027405419773951;-1;8;green
127;ITA;Cagliari;ITCAG;39.206808;9.113711;881e92d60bfffff;613027405405093887;-1;8;green
128;ITA;Cagliari;ITCAG;39.206808;9.113711;881e92d643fffff;613027405463814143;-1;8;green
129;ITA;Cagliari;ITCAG;39.206808;9.113711;881e92d64bfffff;613027405472202751;-1;8;green
130;ITA;Cagliari;ITCAG;39.206808;9.113711;881e92d65dfffff;613027405491077119;-1;8;green
131;ITA;Cagliari;ITCAG;39.206808;9.113711;881e92d655fffff;613027405482688511;-1;8;green
132;ITA;Cagliari;ITCAG;39.206808;9.113711;881e92d657fffff;613027405484785663;-1;8;green
133;ITA;Cagliari;ITCAG;39.206808;9.113711;881e92d653fffff;613027405480591359;-1;8;green
134;ITA;Cagliari;ITCAG;39.206808;9.113711;881e929925fffff;613027389057794047;-1;8;green
135;ITA;Porto Foxi (Sarroch);ITPFX;39.081528;9.023207;881e92d555fffff;613027405214253055;-1;8;green
136;ITA;Porto Foxi (Sarroch);ITPFX;39.081528;9.023207;881e92d56bfffff;613027405237321727;-1;8;green
137;ITA;Porto Foxi (Sarroch);ITPFX;39.081528;9.023207;881e92d547fffff;613027405199572991;-1;8;green
138;ITA;Porto Foxi (Sarroch);ITPFX;39.081528;9.023207;881e92d541fffff;613027405193281535;-1;8;green
139;ITA;Porto Foxi (Sarroch);ITPFX;39.081528;9.023207;881e92d543fffff;613027405195378687;-1;8;green
140;ITA;Porto Foxi (Sarroch);ITPFX;39.081528;9.023207;881e92d509fffff;613027405134561279;-1;8;green
141;ITA;Porto Foxi (Sarroch);ITPFX;39.081528;9.023207;881e92d50dfffff;613027405138755583;-1;8;green
142;ITA;Porto Foxi (Sarroch);ITPFX;39.081528;9.023207;881e92d503fffff;613027405128269823;-1;8;green
143;ITA;Porto Foxi (Sarroch);ITPFX;39.081528;9.023207;881e92d507fffff;613027405132464127;-1;8;green
144;ITA;Porto Foxi (Sarroch);ITPFX;39.081528;9.023207;881e92d523fffff;613027405161824255;-1;8;green
145;ITA;Porto Foxi (Sarroch);ITPFX;39.081528;9.023207;881e92d531fffff;613027405176504319;-1;8;green
146;ITA;Porto Foxi (Sarroch);ITPFX;39.081528;9.023207;881e92d535fffff;613027405180698623;-1;8;green
147;ITA;Porto Foxi (Sarroch);ITPFX;39.081528;9.023207;881e92d53dfffff;613027405189087231;-1;8;green
148;ITA;Porto Foxi (Sarroch);ITPFX;39.081528;9.023207;881e92d52bfffff;613027405170212863;-1;8;green
149;ITA;Porto Foxi (Sarroch);ITPFX;39.081528;9.023207;881e92d505fffff;613027405130366975;-1;8;green
150;ITA;Porto Foxi (Sarroch);ITPFX;39.081528;9.023207;881e92d563fffff;613027405228933119;-1;8;green
151;ITA;Porto Foxi (Sarroch);ITPFX;39.081528;9.023207;881e92d567fffff;613027405233127423;-1;8;green
152;ITA;Cagliari;ITCAG;39.206808;9.113711;881e92d697fffff;613027405551894527;-1;8;green
153;ITA;Cagliari;ITCAG;39.206808;9.113711;881e92d6d7fffff;613027405619003391;-1;8;green
154;ITA;Cagliari;ITCAG;39.206808;9.113711;881e92d45bfffff;613027404952109055;-1;8;green
155;ITA;Cagliari;ITCAG;39.206808;9.113711;881e92d617fffff;613027405417676799;-1;8;green
156;ITA;Cagliari;ITCAG;39.206808;9.113711;881e92d6d5fffff;613027405616906239;-1;8;green
157;ITA;Cagliari;ITCAG;39.206808;9.113711;881e92d695fffff;613027405549797375;-1;8;green
158;ITA;Cagliari;ITCAG;39.206808;9.113711;881e92d459fffff;613027404950011903;-1;8;green
159;ITA;Cagliari;ITCAG;39.206808;9.113711;881e92d699fffff;613027405553991679;-1;8;green
160;ITA;Cagliari;ITCAG;39.206808;9.113711;881e92d615fffff;613027405415579647;-1;8;green
161;ITA;Cagliari;ITCAG;39.206808;9.113711;881e92d6d3fffff;613027405614809087;-1;8;green
162;ITA;Cagliari;ITCAG;39.206808;9.113711;881e92d613fffff;613027405413482495;-1;8;green
163;ITA;Cagliari;ITCAG;39.206808;9.113711;881e92d6d1fffff;613027405612711935;-1;8;green
164;ITA;Cagliari;ITCAG;39.206808;9.113711;881e92d691fffff;613027405545603071;-1;8;green
165;ITA;Cagliari;ITCAG;39.206808;9.113711;881e92d611fffff;613027405411385343;-1;8;green
166;ITA;Cagliari;ITCAG;39.206808;9.113711;881e92d68dfffff;613027405541408767;-1;8;green
167;ITA;Cagliari;ITCAG;39.206808;9.113711;881e92d64dfffff;613027405474299903;-1;8;green
168;ITA;Cagliari;ITCAG;39.206808;9.113711;881e92d68bfffff;613027405539311615;-1;8;green
169;ITA;Cagliari;ITCAG;39.206808;9.113711;881e92d649fffff;613027405470105599;-1;8;green
170;ITA;Cagliari;ITCAG;39.206808;9.113711;881e92d609fffff;613027405402996735;-1;8;green
171;ITA;Cagliari;ITCAG;39.206808;9.113711;881e92d61dfffff;613027405423968255;-1;8;green
172;ITA;Cagliari;ITCAG;39.206808;9.113711;881e92d687fffff;613027405535117311;-1;8;green
173;ITA;Cagliari;ITCAG;39.206808;9.113711;881e92d647fffff;613027405468008447;-1;8;green
174;ITA;Cagliari;ITCAG;39.206808;9.113711;881e92d607fffff;613027405400899583;-1;8;green
175;ITA;Cagliari;ITCAG;39.206808;9.113711;881e92d6c5fffff;613027405600129023;-1;8;green
176;ITA;Cagliari;ITCAG;39.206808;9.113711;881e92d685fffff;613027405533020159;-1;8;green
177;ITA;Cagliari;ITCAG;39.206808;9.113711;881e92d69dfffff;613027405558185983;-1;8;green
178;ITA;Cagliari;ITCAG;39.206808;9.113711;881e92d683fffff;613027405530923007;-1;8;green
179;ITA;Cagliari;ITCAG;39.206808;9.113711;881e92d603fffff;613027405396705279;-1;8;green
180;ITA;Cagliari;ITCAG;39.206808;9.113711;881e92d681fffff;613027405528825855;-1;8;green
181;ITA;Cagliari;ITCAG;39.206808;9.113711;881e92d641fffff;613027405461716991;-1;8;green
182;ITA;Cagliari;ITCAG;39.206808;9.113711;881e92d601fffff;613027405394608127;-1;8;green
183;ITA;Cagliari;ITCAG;39.206808;9.113711;881e92d6bdfffff;613027405591740415;-1;8;green
184;ITA;Cagliari;ITCAG;39.206808;9.113711;881e92d63dfffff;613027405457522687;-1;8;green
185;ITA;Cagliari;ITCAG;39.206808;9.113711;881e92d6bbfffff;613027405589643263;-1;8;green
186;ITA;Cagliari;ITCAG;39.206808;9.113711;881e92d63bfffff;613027405455425535;-1;8;green
187;ITA;Cagliari;ITCAG;39.206808;9.113711;881e92d6b9fffff;613027405587546111;-1;8;green
188;ITA;Cagliari;ITCAG;39.206808;9.113711;881e92d639fffff;613027405453328383;-1;8;green
189;ITA;Cagliari;ITCAG;39.206808;9.113711;881e92d637fffff;613027405451231231;-1;8;green
190;ITA;Cagliari;ITCAG;39.206808;9.113711;881e92d6b5fffff;613027405583351807;-1;8;green
191;ITA;Cagliari;ITCAG;39.206808;9.113711;881e92d635fffff;613027405449134079;-1;8;green
192;ITA;Cagliari;ITCAG;39.206808;9.113711;881e92d621fffff;613027405428162559;-1;8;green
193;ITA;Cagliari;ITCAG;39.206808;9.113711;881e92d633fffff;613027405447036927;-1;8;green
194;ITA;Cagliari;ITCAG;39.206808;9.113711;881e92d6b1fffff;613027405579157503;-1;8;green
195;ITA;Cagliari;ITCAG;39.206808;9.113711;881e92d631fffff;613027405444939775;-1;8;green
196;ITA;Cagliari;ITCAG;39.206808;9.113711;881e92d6edfffff;613027405642072063;-1;8;green
197;ITA;Cagliari;ITCAG;39.206808;9.113711;881e92d6ebfffff;613027405639974911;-1;8;green
198;ITA;Cagliari;ITCAG;39.206808;9.113711;881e92d6abfffff;613027405572866047;-1;8;green
199;ITA;Cagliari;ITCAG;39.206808;9.113711;881e92d62bfffff;613027405438648319;-1;8;green
200;ITA;Cagliari;ITCAG;39.206808;9.113711;881e92d6e9fffff;613027405637877759;-1;8;green
201;ITA;Cagliari;ITCAG;39.206808;9.113711;881e92d6e1fffff;613027405629489151;-1;8;green
202;ITA;Cagliari;ITCAG;39.206808;9.113711;881e92d6a9fffff;613027405570768895;-1;8;green
203;ITA;Cagliari;ITCAG;39.206808;9.113711;881e92d623fffff;613027405430259711;-1;8;green
204;ITA;Cagliari;ITCAG;39.206808;9.113711;881e92d6e7fffff;613027405635780607;-1;8;green
205;ITA;Cagliari;ITCAG;39.206808;9.113711;881e92d6e5fffff;613027405633683455;-1;8;green
206;ITA;Cagliari;ITCAG;39.206808;9.113711;881e92d6e3fffff;613027405631586303;-1;8;green
207;ITA;Cagliari;ITCAG;39.206808;9.113711;881e92d6a3fffff;613027405564477439;-1;8;green
208;ITA;Porto Foxi (Sarroch);ITPFX;39.081528;9.023207;881e92c29bfffff;613027400187379711;-1;8;green
209;ITA;Porto Foxi (Sarroch);ITPFX;39.081528;9.023207;881e92d529fffff;613027405168115711;-1;8;green
210;ITA;Porto Foxi (Sarroch);ITPFX;39.081528;9.023207;881e92d553fffff;613027405212155903;-1;8;green
211;ITA;Porto Foxi (Sarroch);ITPFX;39.081528;9.023207;881e92c29dfffff;613027400189476863;-1;8;green
212;ITA;Porto Foxi (Sarroch);ITPFX;39.081528;9.023207;881e92d5adfffff;613027405306527743;-1;8;green
213;ITA;Porto Foxi (Sarroch);ITPFX;39.081528;9.023207;881e92d425fffff;613027404895485951;-1;8;green
214;ITA;Porto Foxi (Sarroch);ITPFX;39.081528;9.023207;881e92c2c9fffff;613027400235614207;-1;8;green
215;ITA;Porto Foxi (Sarroch);ITPFX;39.081528;9.023207;881e92d557fffff;613027405216350207;-1;8;green
216;ITA;Porto Foxi (Sarroch);ITPFX;39.081528;9.023207;881e92d737fffff;613027405719666687;-1;8;green
217;ITA;Porto Foxi (Sarroch);ITPFX;39.081528;9.023207;881e92d427fffff;613027404897583103;-1;8;green
218;ITA;Porto Foxi (Sarroch);ITPFX;39.081528;9.023207;881e92d501fffff;613027405126172671;-1;8;green
219;ITA;Porto Foxi (Sarroch);ITPFX;39.081528;9.023207;881e92c2cbfffff;613027400237711359;-1;8;green
220;ITA;Porto Foxi (Sarroch);ITPFX;39.081528;9.023207;881e92d559fffff;613027405218447359;-1;8;green
221;ITA;Porto Foxi (Sarroch);ITPFX;39.081528;9.023207;881e92d55bfffff;613027405220544511;-1;8;green
222;ITA;Porto Foxi (Sarroch);ITPFX;39.081528;9.023207;881e92c299fffff;613027400185282559;-1;8;green
223;ITA;Porto Foxi (Sarroch);ITPFX;39.081528;9.023207;881e92d55dfffff;613027405222641663;-1;8;green
224;ITA;Porto Foxi (Sarroch);ITPFX;39.081528;9.023207;881e92d42dfffff;613027404903874559;-1;8;green
225;ITA;Porto Foxi (Sarroch);ITPFX;39.081528;9.023207;881e92c2d1fffff;613027400244002815;-1;8;green
226;ITA;Porto Foxi (Sarroch);ITPFX;39.081528;9.023207;881e92d5e1fffff;613027405361053695;-1;8;green
227;ITA;Porto Foxi (Sarroch);ITPFX;39.081528;9.023207;881e92d533fffff;613027405178601471;-1;8;green
228;ITA;Porto Foxi (Sarroch);ITPFX;39.081528;9.023207;881e92c2d3fffff;613027400246099967;-1;8;green
229;ITA;Porto Foxi (Sarroch);ITPFX;39.081528;9.023207;881e92d5e3fffff;613027405363150847;-1;8;green
230;ITA;Porto Foxi (Sarroch);ITPFX;39.081528;9.023207;881e92d561fffff;613027405226835967;-1;8;green
231;ITA;Porto Foxi (Sarroch);ITPFX;39.081528;9.023207;881e92d551fffff;613027405210058751;-1;8;green
232;ITA;Porto Foxi (Sarroch);ITPFX;39.081528;9.023207;881e92d50bfffff;613027405136658431;-1;8;green
233;ITA;Porto Foxi (Sarroch);ITPFX;39.081528;9.023207;881e92d5e5fffff;613027405365247999;-1;8;green
234;ITA;Porto Foxi (Sarroch);ITPFX;39.081528;9.023207;881e92c2d5fffff;613027400248197119;-1;8;green
235;ITA;Porto Foxi (Sarroch);ITPFX;39.081528;9.023207;881e92d537fffff;613027405182795775;-1;8;green
236;ITA;Porto Foxi (Sarroch);ITPFX;39.081528;9.023207;881e92c2d7fffff;613027400250294271;-1;8;green
237;ITA;Porto Foxi (Sarroch);ITPFX;39.081528;9.023207;881e92d5e7fffff;613027405367345151;-1;8;green
238;ITA;Porto Foxi (Sarroch);ITPFX;39.081528;9.023207;881e92d539fffff;613027405184892927;-1;8;green
239;ITA;Porto Foxi (Sarroch);ITPFX;39.081528;9.023207;881e92c2c3fffff;613027400229322751;-1;8;green
240;ITA;Porto Foxi (Sarroch);ITPFX;39.081528;9.023207;881e92c2d9fffff;613027400252391423;-1;8;green
241;ITA;Porto Foxi (Sarroch);ITPFX;39.081528;9.023207;881e92d5e9fffff;613027405369442303;-1;8;green
242;ITA;Porto Foxi (Sarroch);ITPFX;39.081528;9.023207;881e92d53bfffff;613027405186990079;-1;8;green
243;ITA;Porto Foxi (Sarroch);ITPFX;39.081528;9.023207;881e92c283fffff;613027400162213887;-1;8;green
244;ITA;Porto Foxi (Sarroch);ITPFX;39.081528;9.023207;881e92d511fffff;613027405142949887;-1;8;green
245;ITA;Porto Foxi (Sarroch);ITPFX;39.081528;9.023207;881e92d5a7fffff;613027405300236287;-1;8;green
246;ITA;Porto Foxi (Sarroch);ITPFX;39.081528;9.023207;881e92c2dbfffff;613027400254488575;-1;8;green
247;ITA;Porto Foxi (Sarroch);ITPFX;39.081528;9.023207;881e92d5ebfffff;613027405371539455;-1;8;green
248;ITA;Porto Foxi (Sarroch);ITPFX;39.081528;9.023207;881e92d569fffff;613027405235224575;-1;8;green
249;ITA;Porto Foxi (Sarroch);ITPFX;39.081528;9.023207;881e92d513fffff;613027405145047039;-1;8;green
250;ITA;Porto Foxi (Sarroch);ITPFX;39.081528;9.023207;881e92d5edfffff;613027405373636607;-1;8;green
251;ITA;Porto Foxi (Sarroch);ITPFX;39.081528;9.023207;881e92c2ddfffff;613027400256585727;-1;8;green
252;ITA;Porto Foxi (Sarroch);ITPFX;39.081528;9.023207;881e92d515fffff;613027405147144191;-1;8;green
253;ITA;Porto Foxi (Sarroch);ITPFX;39.081528;9.023207;881e92c289fffff;613027400168505343;-1;8;green
254;ITA;Porto Foxi (Sarroch);ITPFX;39.081528;9.023207;881e92c74dfffff;613027401447768063;-1;8;green
255;ITA;Porto Foxi (Sarroch);ITPFX;39.081528;9.023207;881e92d5c5fffff;613027405331693567;-1;8;green
256;ITA;Porto Foxi (Sarroch);ITPFX;39.081528;9.023207;881e92d517fffff;613027405149241343;-1;8;green
257;ITA;Porto Foxi (Sarroch);ITPFX;39.081528;9.023207;881e92c28bfffff;613027400170602495;-1;8;green
258;ITA;Porto Foxi (Sarroch);ITPFX;39.081528;9.023207;881e92d519fffff;613027405151338495;-1;8;green
259;ITA;Porto Foxi (Sarroch);ITPFX;39.081528;9.023207;881e92d51bfffff;613027405153435647;-1;8;green
260;ITA;Porto Foxi (Sarroch);ITPFX;39.081528;9.023207;881e92d51dfffff;613027405155532799;-1;8;green
261;ITA;Porto Foxi (Sarroch);ITPFX;39.081528;9.023207;881e92c291fffff;613027400176893951;-1;8;green
262;ITA;Porto Foxi (Sarroch);ITPFX;39.081528;9.023207;881e92d5cdfffff;613027405340082175;-1;8;green
263;ITA;Porto Foxi (Sarroch);ITPFX;39.081528;9.023207;881e92d54bfffff;613027405203767295;-1;8;green
264;ITA;Porto Foxi (Sarroch);ITPFX;39.081528;9.023207;881e92d521fffff;613027405159727103;-1;8;green
265;ITA;Porto Foxi (Sarroch);ITPFX;39.081528;9.023207;881e92d5a5fffff;613027405298139135;-1;8;green
266;ITA;Genova;ITGOA;44.399822;8.924361;881f9b72b3fffff;613045589399044095;-1;8;green
267;ITA;Genova;ITGOA;44.399822;8.924361;881f9b0839fffff;613045560816959487;-1;8;green
268;ITA;Genova;ITGOA;44.399822;8.924361;881f9b0d05fffff;613045562104610815;-1;8;green
269;ITA;Genova;ITGOA;44.399822;8.924361;881f9b09d1fffff;613045561244778495;-1;8;green
270;ITA;Genova;ITGOA;44.399822;8.924361;881f9b0d57fffff;613045562190594047;-1;8;green
271;ITA;Genova;ITGOA;44.399822;8.924361;881f9b0da9fffff;613045562276577279;-1;8;green
272;ITA;Genova;ITGOA;44.399822;8.924361;881f9b0da7fffff;613045562274480127;-1;8;green
273;ITA;Genova;ITGOA;44.399822;8.924361;881f9b0981fffff;613045561160892415;-1;8;green
274;ITA;Genova;ITGOA;44.399822;8.924361;881f9b0d55fffff;613045562188496895;-1;8;green
275;ITA;Genova;ITGOA;44.399822;8.924361;881f9b0d03fffff;613045562102513663;-1;8;green
276;ITA;Genova;ITGOA;44.399822;8.924361;881f9b0837fffff;613045560814862335;-1;8;green
277;ITA;Genova;ITGOA;44.399822;8.924361;881f9b7211fffff;613045589229174783;-1;8;green
278;ITA;Genova;ITGOA;44.399822;8.924361;881f9b72b5fffff;613045589401141247;-1;8;green
279;ITA;Genova;ITGOA;44.399822;8.924361;881f9b083bfffff;613045560819056639;-1;8;green
280;ITA;Genova;ITGOA;44.399822;8.924361;881f9b0d07fffff;613045562106707967;-1;8;green
281;ITA;Genova;ITGOA;44.399822;8.924361;881f9b72b1fffff;613045589396946943;-1;8;green
282;ITA;Genova;ITGOA;44.399822;8.924361;881f9b0dabfffff;613045562278674431;-1;8;green
283;ITA;Genova;ITGOA;44.399822;8.924361;881f9b0983fffff;613045561162989567;-1;8;green
284;ITA;Genova;ITGOA;44.399822;8.924361;881f9b09d5fffff;613045561248972799;-1;8;green
285;ITA;Genova;ITGOA;44.399822;8.924361;881f9b0b17fffff;613045561586614271;-1;8;green
286;ITA;Genova;ITGOA;44.399822;8.924361;881f9b7213fffff;613045589231271935;-1;8;green
287;ITA;Genova;ITGOA;44.399822;8.924361;881f9b0b1dfffff;613045561592905727;-1;8;green
288;ITA;Genova;ITGOA;44.399822;8.924361;881f9b083dfffff;613045560821153791;-1;8;green
289;ITA;Genova;ITGOA;44.399822;8.924361;881f9b0d09fffff;613045562108805119;-1;8;green
290;ITA;Genova;ITGOA;44.399822;8.924361;881f9b0dadfffff;613045562280771583;-1;8;green
291;ITA;Genova;ITGOA;44.399822;8.924361;881f9b09d7fffff;613045561251069951;-1;8;green
292;ITA;Genova;ITGOA;44.399822;8.924361;881f9b7215fffff;613045589233369087;-1;8;green
293;ITA;Genova;ITGOA;44.399822;8.924361;881f9b72b9fffff;613045589405335551;-1;8;green
294;ITA;Genova;ITGOA;44.399822;8.924361;881f9b0d0bfffff;613045562110902271;-1;8;green
295;ITA;Genova;ITGOA;44.399822;8.924361;881f9b0891fffff;613045560909234175;-1;8;green
296;ITA;Genova;ITGOA;44.399822;8.924361;881f9b0da5fffff;613045562272382975;-1;8;green
297;ITA;Genova;ITGOA;44.399822;8.924361;881f9b09d9fffff;613045561253167103;-1;8;green
298;ITA;Genova;ITGOA;44.399822;8.924361;881f9b0b21fffff;613045561597100031;-1;8;green
299;ITA;Genova;ITGOA;44.399822;8.924361;881f9b0d01fffff;613045562100416511;-1;8;green
300;ITA;Genova;ITGOA;44.399822;8.924361;881f9b0835fffff;613045560812765183;-1;8;green
301;ITA;Genova;ITGOA;44.399822;8.924361;881f9b7217fffff;613045589235466239;-1;8;green
302;ITA;Genova;ITGOA;44.399822;8.924361;881f9b72bbfffff;613045589407432703;-1;8;green
303;ITA;Genova;ITGOA;44.399822;8.924361;881f9b0d0dfffff;613045562112999423;-1;8;green
304;ITA;Genova;ITGOA;44.399822;8.924361;881f9b0893fffff;613045560911331327;-1;8;green
305;ITA;Genova;ITGOA;44.399822;8.924361;881f9b08e5fffff;613045560997314559;-1;8;green
306;ITA;Genova;ITGOA;44.399822;8.924361;881f9b0989fffff;613045561169281023;-1;8;green
307;ITA;Genova;ITGOA;44.399822;8.924361;881f9b09dbfffff;613045561255264255;-1;8;green
308;ITA;Genova;ITGOA;44.399822;8.924361;881f9b0b23fffff;613045561599197183;-1;8;green
309;ITA;Genova;ITGOA;44.399822;8.924361;881f9b720bfffff;613045589222883327;-1;8;green
310;ITA;Genova;ITGOA;44.399822;8.924361;881f9b0b15fffff;613045561584517119;-1;8;green
311;ITA;Genova;ITGOA;44.399822;8.924361;881f9b7219fffff;613045589237563391;-1;8;green
312;ITA;Genova;ITGOA;44.399822;8.924361;881f9b72bdfffff;613045589409529855;-1;8;green
313;ITA;Genova;ITGOA;44.399822;8.924361;881f9b0895fffff;613045560913428479;-1;8;green
314;ITA;Genova;ITGOA;44.399822;8.924361;881f9b08e7fffff;613045560999411711;-1;8;green
315;ITA;Genova;ITGOA;44.399822;8.924361;881f9b0d61fffff;613045562201079807;-1;8;green
316;ITA;Genova;ITGOA;44.399822;8.924361;881f9b098bfffff;613045561171378175;-1;8;green
317;ITA;Genova;ITGOA;44.399822;8.924361;881f9b09cdfffff;613045561240584191;-1;8;green
318;ITA;Genova;ITGOA;44.399822;8.924361;881f9b09ddfffff;613045561257361407;-1;8;green
319;ITA;Genova;ITGOA;44.399822;8.924361;881f9b721bfffff;613045589239660543;-1;8;green
320;ITA;Genova;ITGOA;44.399822;8.924361;881f9b0b25fffff;613045561601294335;-1;8;green
321;ITA;Genova;ITGOA;44.399822;8.924361;881f9b0da3fffff;613045562270285823;-1;8;green
322;ITA;Genova;ITGOA;44.399822;8.924361;881f9b0845fffff;613045560829542399;-1;8;green
323;ITA;Genova;ITGOA;44.399822;8.924361;881f9b08d7fffff;613045560982634495;-1;8;green
324;ITA;Genova;ITGOA;44.399822;8.924361;881f9b0897fffff;613045560915525631;-1;8;green
325;ITA;Genova;ITGOA;44.399822;8.924361;881f9b0d11fffff;613045562117193727;-1;8;green
326;ITA;Genova;ITGOA;44.399822;8.924361;881f9b0833fffff;613045560810668031;-1;8;green
327;ITA;Genova;ITGOA;44.399822;8.924361;881f9b0d63fffff;613045562203176959;-1;8;green
328;ITA;Genova;ITGOA;44.399822;8.924361;881f9b0db5fffff;613045562289160191;-1;8;green
329;ITA;Genova;ITGOA;44.399822;8.924361;881f9b098dfffff;613045561173475327;-1;8;green
330;ITA;Genova;ITGOA;44.399822;8.924361;881f9b0b27fffff;613045561603391487;-1;8;green
331;ITA;Genova;ITGOA;44.399822;8.924361;881f9b721dfffff;613045589241757695;-1;8;green
332;ITA;Genova;ITGOA;44.399822;8.924361;881f9b72c1fffff;613045589413724159;-1;8;green
333;ITA;Genova;ITGOA;44.399822;8.924361;881f9b725bfffff;613045589306769407;-1;8;green
334;ITA;Genova;ITGOA;44.399822;8.924361;881f9b0847fffff;613045560831639551;-1;8;green
335;ITA;Genova;ITGOA;44.399822;8.924361;881f9b0b13fffff;613045561582419967;-1;8;green
336;ITA;Genova;ITGOA;44.399822;8.924361;881f9b7209fffff;613045589220786175;-1;8;green
337;ITA;Genova;ITGOA;44.399822;8.924361;881f9b0d13fffff;613045562119290879;-1;8;green
338;ITA;Genova;ITGOA;44.399822;8.924361;881f9b0899fffff;613045560917622783;-1;8;green
339;ITA;Genova;ITGOA;44.399822;8.924361;881f9b0d65fffff;613045562205274111;-1;8;green
340;ITA;Genova;ITGOA;44.399822;8.924361;881f9b08ebfffff;613045561003606015;-1;8;green
341;ITA;Genova;ITGOA;44.399822;8.924361;881f9b0b29fffff;613045561605488639;-1;8;green
342;ITA;Genova;ITGOA;44.399822;8.924361;881f9b72c3fffff;613045589415821311;-1;8;green
343;ITA;Genova;ITGOA;44.399822;8.924361;881f9b09cbfffff;613045561238487039;-1;8;green
344;ITA;Genova;ITGOA;44.399822;8.924361;881f9b0d15fffff;613045562121388031;-1;8;green
345;ITA;Genova;ITGOA;44.399822;8.924361;881f9b089bfffff;613045560919719935;-1;8;green
346;ITA;Genova;ITGOA;44.399822;8.924361;881f9b0d67fffff;613045562207371263;-1;8;green
347;ITA;Genova;ITGOA;44.399822;8.924361;881f9b0da1fffff;613045562268188671;-1;8;green
348;ITA;Genova;ITGOA;44.399822;8.924361;881f9b0991fffff;613045561177669631;-1;8;green
349;ITA;Genova;ITGOA;44.399822;8.924361;881f9b0b2bfffff;613045561607585791;-1;8;green
350;ITA;Genova;ITGOA;44.399822;8.924361;881f9b0831fffff;613045560808570879;-1;8;green
351;ITA;Genova;ITGOA;44.399822;8.924361;881f9b72c5fffff;613045589417918463;-1;8;green
352;ITA;Genova;ITGOA;44.399822;8.924361;881f9b0d17fffff;613045562123485183;-1;8;green
353;ITA;Genova;ITGOA;44.399822;8.924361;881f9b089dfffff;613045560921817087;-1;8;green
354;ITA;Genova;ITGOA;44.399822;8.924361;881f9b0d69fffff;613045562209468415;-1;8;green
355;ITA;Genova;ITGOA;44.399822;8.924361;881f9b0941fffff;613045561093783551;-1;8;green
356;ITA;Genova;ITGOA;44.399822;8.924361;881f9b72abfffff;613045589390655487;-1;8;green
357;ITA;Genova;ITGOA;44.399822;8.924361;881f9b0993fffff;613045561179766783;-1;8;green
358;ITA;Genova;ITGOA;44.399822;8.924361;881f9b0b63fffff;613045561666306047;-1;8;green
359;ITA;Genova;ITGOA;44.399822;8.924361;881f9b0b11fffff;613045561580322815;-1;8;green
360;ITA;Genova;ITGOA;44.399822;8.924361;881f9b72c7fffff;613045589420015615;-1;8;green
361;ITA;Genova;ITGOA;44.399822;8.924361;881f9b7741fffff;613045590621683711;-1;8;green
362;ITA;Genova;ITGOA;44.399822;8.924361;881f9b0d19fffff;613045562125582335;-1;8;green
363;ITA;Genova;ITGOA;44.399822;8.924361;881f9b0d6bfffff;613045562211565567;-1;8;green
364;ITA;Genova;ITGOA;44.399822;8.924361;881f9b0943fffff;613045561095880703;-1;8;green
365;ITA;Genova;ITGOA;44.399822;8.924361;881f9b0dbdfffff;613045562297548799;-1;8;green
366;ITA;Genova;ITGOA;44.399822;8.924361;881f9b0995fffff;613045561181863935;-1;8;green
367;ITA;Genova;ITGOA;44.399822;8.924361;881f9b09c9fffff;613045561236389887;-1;8;green
368;ITA;Genova;ITGOA;44.399822;8.924361;881f9b72c9fffff;613045589422112767;-1;8;green
369;ITA;Genova;ITGOA;44.399822;8.924361;881f9b0d1bfffff;613045562127679487;-1;8;green
370;ITA;Genova;ITGOA;44.399822;8.924361;881f9b0d6dfffff;613045562213662719;-1;8;green
371;ITA;Genova;ITGOA;44.399822;8.924361;881f9b0b31fffff;613045561613877247;-1;8;green
372;ITA;Genova;ITGOA;44.399822;8.924361;881f9b0d4dfffff;613045562180108287;-1;8;green
373;ITA;Genova;ITGOA;44.399822;8.924361;881f9b72cbfffff;613045589424209919;-1;8;green
374;ITA;Genova;ITGOA;44.399822;8.924361;881f9b549bfffff;613045581320814591;-1;8;green
375;ITA;Genova;ITGOA;44.399822;8.924361;881f9b7745fffff;613045590625878015;-1;8;green
376;ITA;Genova;ITGOA;44.399822;8.924361;881f9b0d1dfffff;613045562129776639;-1;8;green
377;ITA;Genova;ITGOA;44.399822;8.924361;881f9b0dc1fffff;613045562301743103;-1;8;green
378;ITA;Genova;ITGOA;44.399822;8.924361;881f9b09ebfffff;613045561272041471;-1;8;green
379;ITA;Genova;ITGOA;44.399822;8.924361;881f9b72a9fffff;613045589388558335;-1;8;green
380;ITA;Genova;ITGOA;44.399822;8.924361;881f9b0b33fffff;613045561615974399;-1;8;green
381;ITA;Genova;ITGOA;44.399822;8.924361;881f9b7257fffff;613045589302575103;-1;8;green
382;ITA;Genova;ITGOA;44.399822;8.924361;881f9b72cdfffff;613045589426307071;-1;8;green
383;ITA;Genova;ITGOA;44.399822;8.924361;881f9b0801fffff;613045560758239231;-1;8;green
384;ITA;Genova;ITGOA;44.399822;8.924361;881f9b0949fffff;613045561102172159;-1;8;green
385;ITA;Genova;ITGOA;44.399822;8.924361;881f9b0dc3fffff;613045562303840255;-1;8;green
386;ITA;Genova;ITGOA;44.399822;8.924361;881f9b0b35fffff;613045561618071551;-1;8;green
387;ITA;Genova;ITGOA;44.399822;8.924361;881f9b7749fffff;613045590630072319;-1;8;green
388;ITA;Genova;ITGOA;44.399822;8.924361;881f9b0803fffff;613045560760336383;-1;8;green
389;ITA;Genova;ITGOA;44.399822;8.924361;881f9b09c7fffff;613045561234292735;-1;8;green
390;ITA;Genova;ITGOA;44.399822;8.924361;881f9b0d21fffff;613045562133970943;-1;8;green
391;ITA;Genova;ITGOA;44.399822;8.924361;881f9b094bfffff;613045561104269311;-1;8;green
392;ITA;Genova;ITGOA;44.399822;8.924361;881f9b0dc5fffff;613045562305937407;-1;8;green
393;ITA;Genova;ITGOA;44.399822;8.924361;881f9b099dfffff;613045561190252543;-1;8;green
394;ITA;Genova;ITGOA;44.399822;8.924361;881f9b0b37fffff;613045561620168703;-1;8;green
395;ITA;Genova;ITGOA;44.399822;8.924361;881f9b72d1fffff;613045589430501375;-1;8;green
396;ITA;Genova;ITGOA;44.399822;8.924361;881f9b0805fffff;613045560762433535;-1;8;green
397;ITA;Genova;ITGOA;44.399822;8.924361;881f9b0d23fffff;613045562136068095;-1;8;green
398;ITA;Genova;ITGOA;44.399822;8.924361;881f9b08a9fffff;613045560934399999;-1;8;green
399;ITA;Genova;ITGOA;44.399822;8.924361;881f9b094dfffff;613045561106366463;-1;8;green
400;ITA;Genova;ITGOA;44.399822;8.924361;881f9b0dc7fffff;613045562308034559;-1;8;green
401;ITA;Genova;ITGOA;44.399822;8.924361;881f9b0b39fffff;613045561622265855;-1;8;green
402;ITA;Genova;ITGOA;44.399822;8.924361;881f9b7281fffff;613045589346615295;-1;8;green
403;ITA;Genova;ITGOA;44.399822;8.924361;881f9b72d3fffff;613045589432598527;-1;8;green
404;ITA;Genova;ITGOA;44.399822;8.924361;881f9b774dfffff;613045590634266623;-1;8;green
405;ITA;Genova;ITGOA;44.399822;8.924361;881f9b0807fffff;613045560764530687;-1;8;green
406;ITA;Genova;ITGOA;44.399822;8.924361;881f9b7255fffff;613045589300477951;-1;8;green
407;ITA;Genova;ITGOA;44.399822;8.924361;881f9b0b0dfffff;613045561576128511;-1;8;green
408;ITA;Genova;ITGOA;44.399822;8.924361;881f9b0d25fffff;613045562138165247;-1;8;green
409;ITA;Genova;ITGOA;44.399822;8.924361;881f9b0b3bfffff;613045561624363007;-1;8;green
410;ITA;Genova;ITGOA;44.399822;8.924361;881f9b7283fffff;613045589348712447;-1;8;green
411;ITA;Genova;ITGOA;44.399822;8.924361;881f9b72d5fffff;613045589434695679;-1;8;green
412;ITA;Genova;ITGOA;44.399822;8.924361;881f9b0809fffff;613045560766627839;-1;8;green
413;ITA;Genova;ITGOA;44.399822;8.924361;881f9b0d27fffff;613045562140262399;-1;8;green
414;ITA;Genova;ITGOA;44.399822;8.924361;881f9b09c5fffff;613045561232195583;-1;8;green
415;ITA;Genova;ITGOA;44.399822;8.924361;881f9b0951fffff;613045561110560767;-1;8;green
416;ITA;Genova;ITGOA;44.399822;8.924361;881f9b0dedfffff;613045562347880447;-1;8;green
417;ITA;Genova;ITGOA;44.399822;8.924361;881f9b0b3dfffff;613045561626460159;-1;8;green
418;ITA;Genova;ITGOA;44.399822;8.924361;881f9b7285fffff;613045589350809599;-1;8;green
419;ITA;Genova;ITGOA;44.399822;8.924361;881f9b72d7fffff;613045589436792831;-1;8;green
420;ITA;Genova;ITGOA;44.399822;8.924361;881f9b080bfffff;613045560768724991;-1;8;green
421;ITA;Genova;ITGOA;44.399822;8.924361;881f9b0d29fffff;613045562142359551;-1;8;green
422;ITA;Genova;ITGOA;44.399822;8.924361;881f9b0953fffff;613045561112657919;-1;8;green
423;ITA;Genova;ITGOA;44.399822;8.924361;881f9b0dcdfffff;613045562314326015;-1;8;green
424;ITA;Genova;ITGOA;44.399822;8.924361;881f9b082bfffff;613045560802279423;-1;8;green
425;ITA;Genova;ITGOA;44.399822;8.924361;881f9b7287fffff;613045589352906751;-1;8;green
426;ITA;Genova;ITGOA;44.399822;8.924361;881f9b72d9fffff;613045589438889983;-1;8;green
427;ITA;Genova;ITGOA;44.399822;8.924361;881f9b080dfffff;613045560770822143;-1;8;green
428;ITA;Genova;ITGOA;44.399822;8.924361;881f9b0d2bfffff;613045562144456703;-1;8;green
429;ITA;Genova;ITGOA;44.399822;8.924361;881f9b0955fffff;613045561114755071;-1;8;green
430;ITA;Genova;ITGOA;44.399822;8.924361;881f9b7289fffff;613045589355003903;-1;8;green
431;ITA;Genova;ITGOA;44.399822;8.924361;881f9b7253fffff;613045589298380799;-1;8;green
432;ITA;Genova;ITGOA;44.399822;8.924361;881f9b72dbfffff;613045589440987135;-1;8;green
433;ITA;Genova;ITGOA;44.399822;8.924361;881f9b0b0bfffff;613045561574031359;-1;8;green
434;ITA;Genova;ITGOA;44.399822;8.924361;881f9b0861fffff;613045560858902527;-1;8;green
435;ITA;Genova;ITGOA;44.399822;8.924361;881f9b0d2dfffff;613045562146553855;-1;8;green
436;ITA;Genova;ITGOA;44.399822;8.924361;881f9b0957fffff;613045561116852223;-1;8;green
437;ITA;Genova;ITGOA;44.399822;8.924361;881f9b728bfffff;613045589357101055;-1;8;green
438;ITA;Genova;ITGOA;44.399822;8.924361;881f9b72ddfffff;613045589443084287;-1;8;green
439;ITA;Genova;ITGOA;44.399822;8.924361;881f9b0811fffff;613045560775016447;-1;8;green
440;ITA;Genova;ITGOA;44.399822;8.924361;881f9b09c3fffff;613045561230098431;-1;8;green
441;ITA;Genova;ITGOA;44.399822;8.924361;881f9b0863fffff;613045560860999679;-1;8;green
442;ITA;Genova;ITGOA;44.399822;8.924361;881f9b0debfffff;613045562345783295;-1;8;green
443;ITA;Genova;ITGOA;44.399822;8.924361;881f9b08b5fffff;613045560946982911;-1;8;green
444;ITA;Genova;ITGOA;44.399822;8.924361;881f9b0d81fffff;613045562234634239;-1;8;green
445;ITA;Genova;ITGOA;44.399822;8.924361;881f9b0959fffff;613045561118949375;-1;8;green
446;ITA;Genova;ITGOA;44.399822;8.924361;881f9b08cdfffff;613045560972148735;-1;8;green
447;ITA;Genova;ITGOA;44.399822;8.924361;881f9b0d47fffff;613045562173816831;-1;8;green
448;ITA;Genova;ITGOA;44.399822;8.924361;881f9b728dfffff;613045589359198207;-1;8;green
449;ITA;Genova;ITGOA;44.399822;8.924361;881f9b0813fffff;613045560777113599;-1;8;green
450;ITA;Genova;ITGOA;44.399822;8.924361;881f9b0865fffff;613045560863096831;-1;8;green
451;ITA;Genova;ITGOA;44.399822;8.924361;881f9b0d31fffff;613045562150748159;-1;8;green
452;ITA;Genova;ITGOA;44.399822;8.924361;881f9b0d83fffff;613045562236731391;-1;8;green
453;ITA;Genova;ITGOA;44.399822;8.924361;881f9b095bfffff;613045561121046527;-1;8;green
454;ITA;Genova;ITGOA;44.399822;8.924361;881f9b0dd5fffff;613045562322714623;-1;8;green
455;ITA;Genova;ITGOA;44.399822;8.924361;881f9b72a3fffff;613045589382266879;-1;8;green
456;ITA;Genova;ITGOA;44.399822;8.924361;881f9b0b47fffff;613045561636945919;-1;8;green
457;ITA;Genova;ITGOA;44.399822;8.924361;881f9b7251fffff;613045589296283647;-1;8;green
458;ITA;Genova;ITGOA;44.399822;8.924361;881f9b72e1fffff;613045589447278591;-1;8;green
459;ITA;Genova;ITGOA;44.399822;8.924361;881f9b0b09fffff;613045561571934207;-1;8;green
460;ITA;Genova;ITGOA;44.399822;8.924361;881f9b0815fffff;613045560779210751;-1;8;green
461;ITA;Genova;ITGOA;44.399822;8.924361;881f9b0d33fffff;613045562152845311;-1;8;green
462;ITA;Genova;ITGOA;44.399822;8.924361;881f9b0d85fffff;613045562238828543;-1;8;green
463;ITA;Genova;ITGOA;44.399822;8.924361;881f9b095dfffff;613045561123143679;-1;8;green
464;ITA;Genova;ITGOA;44.399822;8.924361;881f9b0dd7fffff;613045562324811775;-1;8;green
465;ITA;Genova;ITGOA;44.399822;8.924361;881f9b7291fffff;613045589363392511;-1;8;green
466;ITA;Genova;ITGOA;44.399822;8.924361;881f9b09c1fffff;613045561228001279;-1;8;green
467;ITA;Genova;ITGOA;44.399822;8.924361;881f9b72e3fffff;613045589449375743;-1;8;green
468;ITA;Genova;ITGOA;44.399822;8.924361;881f9b0de9fffff;613045562343686143;-1;8;green
469;ITA;Genova;ITGOA;44.399822;8.924361;881f9b0817fffff;613045560781307903;-1;8;green
470;ITA;Genova;ITGOA;44.399822;8.924361;881f9b0869fffff;613045560867291135;-1;8;green
471;ITA;Genova;ITGOA;44.399822;8.924361;881f9b0d35fffff;613045562154942463;-1;8;green
472;ITA;Genova;ITGOA;44.399822;8.924361;881f9b0d45fffff;613045562171719679;-1;8;green
473;ITA;Genova;ITGOA;44.399822;8.924361;881f9b08bbfffff;613045560953274367;-1;8;green
474;ITA;Genova;ITGOA;44.399822;8.924361;881f9b0d87fffff;613045562240925695;-1;8;green
475;ITA;Genova;ITGOA;44.399822;8.924361;881f9b7293fffff;613045589365489663;-1;8;green
476;ITA;Genova;ITGOA;44.399822;8.924361;881f9b086bfffff;613045560869388287;-1;8;green
477;ITA;Genova;ITGOA;44.399822;8.924361;881f9b0d37fffff;613045562157039615;-1;8;green
478;ITA;Genova;ITGOA;44.399822;8.924361;881f9b776dfffff;613045590667821055;-1;8;green
479;ITA;Genova;ITGOA;44.399822;8.924361;881f9b0d89fffff;613045562243022847;-1;8;green
480;ITA;Genova;ITGOA;44.399822;8.924361;881f9b72a1fffff;613045589380169727;-1;8;green
481;ITA;Genova;ITGOA;44.399822;8.924361;881f9b7243fffff;613045589281603583;-1;8;green
482;ITA;Genova;ITGOA;44.399822;8.924361;881f9b7295fffff;613045589367586815;-1;8;green
483;ITA;Genova;ITGOA;44.399822;8.924361;881f9b72e7fffff;613045589453570047;-1;8;green
484;ITA;Genova;ITGOA;44.399822;8.924361;881f9b0b07fffff;613045561569837055;-1;8;green
485;ITA;Genova;ITGOA;44.399822;8.924361;881f9b086dfffff;613045560871485439;-1;8;green
486;ITA;Genova;ITGOA;44.399822;8.924361;881f9b0d39fffff;613045562159136767;-1;8;green
487;ITA;Genova;ITGOA;44.399822;8.924361;881f9b0d8bfffff;613045562245119999;-1;8;green
488;ITA;Genova;ITGOA;44.399822;8.924361;881f9b7245fffff;613045589283700735;-1;8;green
489;ITA;Genova;ITGOA;44.399822;8.924361;881f9b7297fffff;613045589369683967;-1;8;green
490;ITA;Genova;ITGOA;44.399822;8.924361;881f9b72e9fffff;613045589455667199;-1;8;green
491;ITA;Genova;ITGOA;44.399822;8.924361;881f9b081dfffff;613045560787599359;-1;8;green
492;ITA;Genova;ITGOA;44.399822;8.924361;881f9b0d3bfffff;613045562161233919;-1;8;green
493;ITA;Genova;ITGOA;44.399822;8.924361;881f9b0de7fffff;613045562341588991;-1;8;green
494;ITA;Genova;ITGOA;44.399822;8.924361;881f9b0d8dfffff;613045562247217151;-1;8;green
495;ITA;Genova;ITGOA;44.399822;8.924361;881f9b7247fffff;613045589285797887;-1;8;green
496;ITA;Genova;ITGOA;44.399822;8.924361;881f9b7299fffff;613045589371781119;-1;8;green
497;ITA;Genova;ITGOA;44.399822;8.924361;881f9b0d43fffff;613045562169622527;-1;8;green
498;ITA;Genova;ITGOA;44.399822;8.924361;881f9b72ebfffff;613045589457764351;-1;8;green
499;ITA;Genova;ITGOA;44.399822;8.924361;881f9b0d3dfffff;613045562163331071;-1;8;green
500;ITA;Genova;ITGOA;44.399822;8.924361;881f9b08c3fffff;613045560961662975;-1;8;green
501;ITA;Genova;ITGOA;44.399822;8.924361;881f9b0de1fffff;613045562335297535;-1;8;green
502;ITA;Genova;ITGOA;44.399822;8.924361;881f9b0b01fffff;613045561563545599;-1;8;green
503;ITA;Genova;ITGOA;44.399822;8.924361;881f9b729bfffff;613045589373878271;-1;8;green
504;ITA;Genova;ITGOA;44.399822;8.924361;881f9b08c5fffff;613045560963760127;-1;8;green
505;ITA;Genova;ITGOA;44.399822;8.924361;881f9b0de3fffff;613045562337394687;-1;8;green
506;ITA;Genova;ITGOA;44.399822;8.924361;881f9b0b03fffff;613045561565642751;-1;8;green
507;ITA;Genova;ITGOA;44.399822;8.924361;881f9b724bfffff;613045589289992191;-1;8;green
508;ITA;Genova;ITGOA;44.399822;8.924361;881f9b729dfffff;613045589375975423;-1;8;green
509;ITA;Genova;ITGOA;44.399822;8.924361;881f9b0b05fffff;613045561567739903;-1;8;green
510;ITA;Genova;ITGOA;44.399822;8.924361;881f9b7769fffff;613045590663626751;-1;8;green
511;ITA;Genova;ITGOA;44.399822;8.924361;881f9b0823fffff;613045560793890815;-1;8;green
512;ITA;Genova;ITGOA;44.399822;8.924361;881f9b0d41fffff;613045562167525375;-1;8;green
513;ITA;Genova;ITGOA;44.399822;8.924361;881f9b0de5fffff;613045562339491839;-1;8;green
514;ITA;Fusina;ITFSA;45.422091;12.256319;881ea54ad1fffff;613028673701806079;-1;8;green
515;ITA;Fusina;ITFSA;45.422091;12.256319;881ea54125fffff;613028671105531903;-1;8;green
516;ITA;Fusina;ITFSA;45.422091;12.256319;881ea54127fffff;613028671107629055;-1;8;green
517;ITA;Fusina;ITFSA;45.422091;12.256319;881ea54121fffff;613028671101337599;-1;8;green
518;ITA;Fusina;ITFSA;45.422091;12.256319;881ea54123fffff;613028671103434751;-1;8;green
519;ITA;Fusina;ITFSA;45.422091;12.256319;881ea54135fffff;613028671122309119;-1;8;green
520;ITA;Fusina;ITFSA;45.422091;12.256319;881ea54137fffff;613028671124406271;-1;8;green
521;ITA;Fusina;ITFSA;45.422091;12.256319;881ea54ad9fffff;613028673710194687;-1;8;green
522;ITA;Fusina;ITFSA;45.422091;12.256319;881ea54addfffff;613028673714388991;-1;8;green
523;ITA;Fusina;ITFSA;45.422091;12.256319;881ea54ac3fffff;613028673687126015;-1;8;green
524;ITA;Fusina;ITFSA;45.422091;12.256319;881ea54ad5fffff;613028673706000383;-1;8;green
525;ITA;Marghera;ITPMA;45.465793;12.233153;881ea54105fffff;613028671071977471;-1;8;green
526;ITA;Marghera;ITPMA;45.465793;12.233153;881ea54109fffff;613028671076171775;-1;8;green
527;ITA;Marghera;ITPMA;45.465793;12.233153;881ea54155fffff;613028671155863551;-1;8;green
528;ITA;Marghera;ITPMA;45.465793;12.233153;881ea5410bfffff;613028671078268927;-1;8;green
529;ITA;Marghera;ITPMA;45.465793;12.233153;881ea54157fffff;613028671157960703;-1;8;green
530;ITA;Marghera;ITPMA;45.465793;12.233153;881ea5411dfffff;613028671097143295;-1;8;green
531;ITA;Marghera;ITPMA;45.465793;12.233153;881ea54119fffff;613028671092948991;-1;8;green
532;ITA;Marghera;ITPMA;45.465793;12.233153;881ea54111fffff;613028671084560383;-1;8;green
533;ITA;Marghera;ITPMA;45.465793;12.233153;881ea5413bfffff;613028671128600575;-1;8;green
534;ITA;Marghera;ITPMA;45.465793;12.233153;881ea541e1fffff;613028671302664191;-1;8;green
535;ITA;Marghera;ITPMA;45.465793;12.233153;881ea541edfffff;613028671315247103;-1;8;green
536;ITA;Marghera;ITPMA;45.465793;12.233153;881ea541e9fffff;613028671311052799;-1;8;green
537;ITA;Marghera;ITPMA;45.465793;12.233153;881ea54117fffff;613028671090851839;-1;8;green
538;ITA;Marghera;ITPMA;45.465793;12.233153;881ea54115fffff;613028671088754687;-1;8;green
539;ITA;Marghera;ITPMA;45.465793;12.233153;881ea54139fffff;613028671126503423;-1;8;green
540;ITA;Marghera;ITPMA;45.465793;12.233153;881ea54107fffff;613028671074074623;-1;8;green
541;ITA;Marghera;ITPMA;45.465793;12.233153;881ea54103fffff;613028671069880319;-1;8;green
542;ITA;Marghera;ITPMA;45.465793;12.233153;881ea54101fffff;613028671067783167;-1;8;green
543;ITA;Rinella;ITRIN;38.546404;14.828765;881e9bb86bfffff;613028015927984127;-1;8;green
544;ITA;Rinella;ITRIN;38.546404;14.828765;881e9bb863fffff;613028015919595519;-1;8;green
545;ITA;Rinella;ITRIN;38.546404;14.828765;881e9bb861fffff;613028015917498367;-1;8;green
546;ITA;Rinella;ITRIN;38.546404;14.828765;881e9bb869fffff;613028015925886975;-1;8;green
547;ITA;Santa Panagia;ITSPA;37.114285;15.251981;883f350957fffff;613601501683646463;-1;8;green
548;ITA;Santa Panagia;ITSPA;37.114285;15.251981;883f350b33fffff;613601502182768639;-1;8;green
549;ITA;Santa Panagia;ITSPA;37.114285;15.251981;883f350b31fffff;613601502180671487;-1;8;green
550;ITA;Santa Panagia;ITSPA;37.114285;15.251981;883f350b3dfffff;613601502193254399;-1;8;green
551;ITA;Santa Panagia;ITSPA;37.114285;15.251981;883f350b23fffff;613601502165991423;-1;8;green
552;ITA;Santa Panagia;ITSPA;37.114285;15.251981;883f350b27fffff;613601502170185727;-1;8;green
553;ITA;Santa Panagia;ITSPA;37.114285;15.251981;883f350949fffff;613601501668966399;-1;8;green
554;ITA;Santa Panagia;ITSPA;37.114285;15.251981;883f350941fffff;613601501660577791;-1;8;green
555;ITA;Santa Panagia;ITSPA;37.114285;15.251981;883f35095dfffff;613601501689937919;-1;8;green
556;ITA;Santa Panagia;ITSPA;37.114285;15.251981;883f350943fffff;613601501662674943;-1;8;green
557;ITA;Santa Panagia;ITSPA;37.114285;15.251981;883f35094bfffff;613601501671063551;-1;8;green
558;ITA;Santa Panagia;ITSPA;37.114285;15.251981;883f350b35fffff;613601502184865791;-1;8;green
559;ITA;Santa Panagia;ITSPA;37.114285;15.251981;883f350b37fffff;613601502186962943;-1;8;green
560;ITA;Santa Panagia;ITSPA;37.114285;15.251981;883f350959fffff;613601501685743615;-1;8;green
561;ITA;Santa Panagia;ITSPA;37.114285;15.251981;883f350865fffff;613601501429891071;-1;8;green
562;ITA;Santa Panagia;ITSPA;37.114285;15.251981;883f35095bfffff;613601501687840767;-1;8;green
563;ITA;Santa Panagia;ITSPA;37.114285;15.251981;883f350953fffff;613601501679452159;-1;8;green
564;ITA;Santa Panagia;ITSPA;37.114285;15.251981;883f350951fffff;613601501677355007;-1;8;green
565;ITA;Santa Panagia;ITSPA;37.114285;15.251981;883f350955fffff;613601501681549311;-1;8;green
566;ITA;Santa Panagia;ITSPA;37.114285;15.251981;883f350909fffff;613601501601857535;-1;8;green
567;ITA;Santa Panagia;ITSPA;37.114285;15.251981;883f350947fffff;613601501666869247;-1;8;green
568;ITA;Vado Ligure;ITVDL;44.264953;8.44403;881f9b4341fffff;613045576663039999;-1;8;green
569;ITA;Vado Ligure;ITVDL;44.264953;8.44403;881f9b4347fffff;613045576669331455;-1;8;green
570;ITA;Vado Ligure;ITVDL;44.264953;8.44403;881f9b430bfffff;613045576606416895;-1;8;green
571;ITA;Vado Ligure;ITVDL;44.264953;8.44403;881f9b433bfffff;613045576656748543;-1;8;green
572;ITA;Vado Ligure;ITVDL;44.264953;8.44403;881f9b4317fffff;613045576618999807;-1;8;green
573;ITA;Vado Ligure;ITVDL;44.264953;8.44403;881f9b4319fffff;613045576621096959;-1;8;green
574;ITA;Vado Ligure;ITVDL;44.264953;8.44403;881f9b4311fffff;613045576612708351;-1;8;green
575;ITA;Vado Ligure;ITVDL;44.264953;8.44403;881f9b431dfffff;613045576625291263;-1;8;green
576;ITA;Vado Ligure;ITVDL;44.264953;8.44403;881f9b4357fffff;613045576686108671;-1;8;green
577;ITA;Vado Ligure;ITVDL;44.264953;8.44403;881f9b4355fffff;613045576684011519;-1;8;green
578;ITA;Vado Ligure;ITVDL;44.264953;8.44403;881f9b4309fffff;613045576604319743;-1;8;green
579;ITA;Vado Ligure;ITVDL;44.264953;8.44403;881f9b4301fffff;613045576595931135;-1;8;green
580;ITA;Vado Ligure;ITVDL;44.264953;8.44403;881f9b430dfffff;613045576608514047;-1;8;green
581;ITA;Alicudi;ITALI;38.53389;14.361191;881e9b8b3dfffff;613028003800154111;-1;8;green
582;ITA;Alicudi;ITALI;38.53389;14.361191;881e9b8b09fffff;613028003745628159;-1;8;green
583;ITA;Alicudi;ITALI;38.53389;14.361191;881e9b8b03fffff;613028003739336703;-1;8;green
584;ITA;Alicudi;ITALI;38.53389;14.361191;881e9b8b01fffff;613028003737239551;-1;8;green
585;ITA;Alicudi;ITALI;38.53389;14.361191;881e9b8b07fffff;613028003743531007;-1;8;green
586;ITA;Alicudi;ITALI;38.53389;14.361191;881e9b8b29fffff;613028003779182591;-1;8;green
587;ITA;Alicudi;ITALI;38.53389;14.361191;881e9b8b2bfffff;613028003781279743;-1;8;green
588;ITA;Alicudi;ITALI;38.53389;14.361191;881e9b8b05fffff;613028003741433855;-1;8;green
589;ITA;Amalfi;ITAMA;40.633136;14.599431;881e9d8707fffff;613028140108742655;-1;8;green
590;ITA;Amalfi;ITAMA;40.633136;14.599431;881e9d809bfffff;613028138384883711;-1;8;green
591;ITA;Amalfi;ITAMA;40.633136;14.599431;881e9d8725fffff;613028140140199935;-1;8;green
592;ITA;Amalfi;ITAMA;40.633136;14.599431;881e9d8727fffff;613028140142297087;-1;8;green
593;ITA;Amalfi;ITAMA;40.633136;14.599431;881e9d8723fffff;613028140138102783;-1;8;green
594;ITA;Amalfi;ITAMA;40.633136;14.599431;881e9d855dfffff;613028139662049279;-1;8;green
595;ITA;Amalfi;ITAMA;40.633136;14.599431;881e9d8465fffff;613028139402002431;-1;8;green
596;ITA;Amalfi;ITAMA;40.633136;14.599431;881e9d8461fffff;613028139397808127;-1;8;green
597;ITA;Amalfi;ITAMA;40.633136;14.599431;881e9d8469fffff;613028139406196735;-1;8;green
598;ITA;Amalfi;ITAMA;40.633136;14.599431;881e9d8731fffff;613028140152782847;-1;8;green
599;ITA;Amalfi;ITAMA;40.633136;14.599431;881e9d873bfffff;613028140163268607;-1;8;green
600;ITA;Amalfi;ITAMA;40.633136;14.599431;881e9d8715fffff;613028140123422719;-1;8;green
601;ITA;Amalfi;ITAMA;40.633136;14.599431;881e9d8711fffff;613028140119228415;-1;8;green
602;ITA;Amalfi;ITAMA;40.633136;14.599431;881e9d871bfffff;613028140129714175;-1;8;green
603;ITA;Amalfi;ITAMA;40.633136;14.599431;881e9d844dfffff;613028139376836607;-1;8;green
604;ITA;Amalfi;ITAMA;40.633136;14.599431;881e9d8445fffff;613028139368447999;-1;8;green
605;ITA;Amalfi;ITAMA;40.633136;14.599431;881e9d8713fffff;613028140121325567;-1;8;green
606;ITA;Amalfi;ITAMA;40.633136;14.599431;881e9d8717fffff;613028140125519871;-1;8;green
607;ITA;Amalfi;ITAMA;40.633136;14.599431;881e9d846dfffff;613028139410391039;-1;8;green
608;ITA;Amalfi;ITAMA;40.633136;14.599431;881e9d8733fffff;613028140154879999;-1;8;green
609;ITA;Amalfi;ITAMA;40.633136;14.599431;881e9d8737fffff;613028140159074303;-1;8;green
610;ITA;Amalfi;ITAMA;40.633136;14.599431;881e9d8735fffff;613028140156977151;-1;8;green
611;ITA;Amalfi;ITAMA;40.633136;14.599431;881e9d873dfffff;613028140165365759;-1;8;green
612;ITA;Amalfi;ITAMA;40.633136;14.599431;881e9d8739fffff;613028140161171455;-1;8;green
613;ITA;Ancona;ITAOI;43.616973;13.495666;881e859281fffff;613026493922017279;-1;8;green
614;ITA;Ancona;ITAOI;43.616973;13.495666;881e8592d7fffff;613026494012194815;-1;8;green
615;ITA;Ancona;ITAOI;43.616973;13.495666;881e85929dfffff;613026493951377407;-1;8;green
616;ITA;Ancona;ITAOI;43.616973;13.495666;881e85928bfffff;613026493932503039;-1;8;green
617;ITA;Anzio;ITANZ;41.446203;12.632226;881e82b0a1fffff;613026295850205183;-1;8;green
618;ITA;Anzio;ITANZ;41.446203;12.632226;881e82b0adfffff;613026295862788095;-1;8;green
619;ITA;Arbatax;ITATX;39.939487;9.701233;881e90ce65fffff;613027265913028607;-1;8;green
620;ITA;Arbatax;ITATX;39.939487;9.701233;881e90ce67fffff;613027265915125759;-1;8;green
621;ITA;Arbatax;ITATX;39.939487;9.701233;881e90ce63fffff;613027265910931455;-1;8;green
622;ITA;Arbatax;ITATX;39.939487;9.701233;881e90ce61fffff;613027265908834303;-1;8;green
623;ITA;Barletta;ITBLT;41.330487;16.290937;881e88c18bfffff;613026712707399679;-1;8;green
624;ITA;Barletta;ITBLT;41.330487;16.290937;881e88c1d7fffff;613026712787091455;-1;8;green
625;ITA;Brindisi;ITBDS;40.641502;17.936303;881e8ba35bfffff;613026910762434559;-1;8;green
626;ITA;Brindisi;ITBDS;40.641502;17.936303;881e8ba261fffff;613026910500290559;-1;8;green
627;ITA;Brindisi;ITBDS;40.641502;17.936303;881e8ba245fffff;613026910470930431;-1;8;green
628;ITA;Brindisi;ITBDS;40.641502;17.936303;881e8ba26bfffff;613026910510776319;-1;8;green
629;ITA;Brindisi;ITBDS;40.641502;17.936303;881e8ba20dfffff;613026910412210175;-1;8;green
630;ITA;Brindisi;ITBDS;40.641502;17.936303;881e8ba263fffff;613026910502387711;-1;8;green
631;ITA;Brindisi;ITBDS;40.641502;17.936303;881e8ba267fffff;613026910506582015;-1;8;green
632;ITA;Brindisi;ITBDS;40.641502;17.936303;881e8ba265fffff;613026910504484863;-1;8;green
633;ITA;Brindisi;ITBDS;40.641502;17.936303;881e8bb1b3fffff;613026914612805631;-1;8;green
634;ITA;Calasetta;ITCLS;39.113442;8.371541;883865ba9bfffff;613481702500597759;-1;8;green
635;ITA;Calasetta;ITCLS;39.113442;8.371541;883865ba99fffff;613481702498500607;-1;8;green
636;ITA;Capraia;ITCPA;43.050506;9.836984;881eb0a6b3fffff;613029454280654847;-1;8;green
637;ITA;Capraia;ITCPA;43.050506;9.836984;881eb0a6b7fffff;613029454284849151;-1;8;green
638;ITA;Capri;ITPRJ;40.556223;14.242025;881e9d993bfffff;613028144995106815;-1;8;green
639;ITA;Capri;ITPRJ;40.556223;14.242025;881e9d9911fffff;613028144951066623;-1;8;green
640;ITA;Capri;ITPRJ;40.556223;14.242025;881e9d9915fffff;613028144955260927;-1;8;green
641;ITA;Capri;ITPRJ;40.556223;14.242025;881e9d991dfffff;613028144963649535;-1;8;green
642;ITA;Capri;ITPRJ;40.556223;14.242025;881e9d9919fffff;613028144959455231;-1;8;green
643;ITA;Capri;ITPRJ;40.556223;14.242025;881e9d983dfffff;613028144728768511;-1;8;green
644;ITA;Capri;ITPRJ;40.556223;14.242025;881e9d9831fffff;613028144716185599;-1;8;green
645;ITA;Capri;ITPRJ;40.556223;14.242025;881e9d9833fffff;613028144718282751;-1;8;green
646;ITA;Capri;ITPRJ;40.556223;14.242025;881e9d9837fffff;613028144722477055;-1;8;green
647;ITA;Capri;ITPRJ;40.556223;14.242025;881e9d99ddfffff;613028145164976127;-1;8;green
648;ITA;Capri;ITPRJ;40.556223;14.242025;881e9d99dbfffff;613028145162878975;-1;8;green
649;ITA;Capri;ITPRJ;40.556223;14.242025;881e9d999dfffff;613028145097867263;-1;8;green
650;ITA;Capri;ITPRJ;40.556223;14.242025;881e9d99d7fffff;613028145158684671;-1;8;green
651;ITA;Capri;ITPRJ;40.556223;14.242025;881e9d9989fffff;613028145076895743;-1;8;green
652;ITA;Capri;ITPRJ;40.556223;14.242025;881e9d998bfffff;613028145078992895;-1;8;green
653;ITA;Capri;ITPRJ;40.556223;14.242025;881e9d99ebfffff;613028145179656191;-1;8;green
654;ITA;Capri;ITPRJ;40.556223;14.242025;881e9d99a9fffff;613028145110450175;-1;8;green
655;ITA;Capri;ITPRJ;40.556223;14.242025;881e9dd6d9fffff;613028161535344639;-1;8;green
656;ITA;Capri;ITPRJ;40.556223;14.242025;881e9dd6dbfffff;613028161537441791;-1;8;green
657;ITA;Capri;ITPRJ;40.556223;14.242025;881e9d99e5fffff;613028145173364735;-1;8;green
658;ITA;Capri;ITPRJ;40.556223;14.242025;881e9d99e7fffff;613028145175461887;-1;8;green
659;ITA;Capri;ITPRJ;40.556223;14.242025;881e9d99e3fffff;613028145171267583;-1;8;green
660;ITA;Capri;ITPRJ;40.556223;14.242025;881e9d9985fffff;613028145072701439;-1;8;green
661;ITA;Capri;ITPRJ;40.556223;14.242025;881e9d99abfffff;613028145112547327;-1;8;green
662;ITA;Capri;ITPRJ;40.556223;14.242025;881e9d99a1fffff;613028145102061567;-1;8;green
663;ITA;Capri;ITPRJ;40.556223;14.242025;881e9d99a3fffff;613028145104158719;-1;8;green
664;ITA;Capri;ITPRJ;40.556223;14.242025;881e9d99bdfffff;613028145131421695;-1;8;green
665;ITA;Capri;ITPRJ;40.556223;14.242025;881e9d9987fffff;613028145074798591;-1;8;green
666;ITA;Capri;ITPRJ;40.556223;14.242025;881e9d9981fffff;613028145068507135;-1;8;green
667;ITA;Capri;ITPRJ;40.556223;14.242025;881e9d9983fffff;613028145070604287;-1;8;green
668;ITA;Capri;ITPRJ;40.556223;14.242025;881e9d99b9fffff;613028145127227391;-1;8;green
669;ITA;Capri;ITPRJ;40.556223;14.242025;881e9d9995fffff;613028145089478655;-1;8;green
670;ITA;Capri;ITPRJ;40.556223;14.242025;881e9d9991fffff;613028145085284351;-1;8;green
671;ITA;Capri;ITPRJ;40.556223;14.242025;881e9d9999fffff;613028145093672959;-1;8;green
672;ITA;Capri;ITPRJ;40.556223;14.242025;881e9d99d3fffff;613028145154490367;-1;8;green
673;ITA;Capri;ITPRJ;40.556223;14.242025;881e9d99d1fffff;613028145152393215;-1;8;green
674;ITA;Capri;ITPRJ;40.556223;14.242025;881e9d99d5fffff;613028145156587519;-1;8;green
675;ITA;Capri;ITPRJ;40.556223;14.242025;881e9d99c3fffff;613028145137713151;-1;8;green
676;ITA;Capri;ITPRJ;40.556223;14.242025;881e9d9827fffff;613028144705699839;-1;8;green
677;ITA;Capri;ITPRJ;40.556223;14.242025;881e9d99c9fffff;613028145144004607;-1;8;green
678;ITA;Capri;ITPRJ;40.556223;14.242025;881e9d99cdfffff;613028145148198911;-1;8;green
679;ITA;Capri;ITPRJ;40.556223;14.242025;881e9d99c1fffff;613028145135615999;-1;8;green
680;ITA;Capri;ITPRJ;40.556223;14.242025;881e9d99cbfffff;613028145146101759;-1;8;green
681;ITA;Capri;ITPRJ;40.556223;14.242025;881e9d9835fffff;613028144720379903;-1;8;green
682;ITA;Capri;ITPRJ;40.556223;14.242025;881e9d9823fffff;613028144701505535;-1;8;green
683;ITA;Capri;ITPRJ;40.556223;14.242025;881e9d982bfffff;613028144709894143;-1;8;green
684;ITA;Capri;ITPRJ;40.556223;14.242025;881e9d9821fffff;613028144699408383;-1;8;green
685;ITA;Capri;ITPRJ;40.556223;14.242025;881e9d9825fffff;613028144703602687;-1;8;green
686;ITA;Capri;ITPRJ;40.556223;14.242025;881e9d991bfffff;613028144961552383;-1;8;green
687;ITA;Capri;ITPRJ;40.556223;14.242025;881e9d9913fffff;613028144953163775;-1;8;green
688;ITA;Capri;ITPRJ;40.556223;14.242025;881e9d99c5fffff;613028145139810303;-1;8;green
689;ITA;Capri;ITPRJ;40.556223;14.242025;881e9d99c7fffff;613028145141907455;-1;8;green
690;ITA;Castellammare di Stabia;ITCAS;40.695559;14.477504;881e9d956bfffff;613028143971696639;-1;8;green
691;ITA;Castellammare di Stabia;ITCAS;40.695559;14.477504;881e9d9563fffff;613028143963308031;-1;8;green
692;ITA;Castellammare di Stabia;ITCAS;40.695559;14.477504;881e9d9525fffff;613028143898296319;-1;8;green
693;ITA;Castellammare di Stabia;ITCAS;40.695559;14.477504;881e9d8259fffff;613028138852548607;-1;8;green
694;ITA;Castellammare di Stabia;ITCAS;40.695559;14.477504;881e9d825bfffff;613028138854645759;-1;8;green
695;ITA;Castellammare di Stabia;ITCAS;40.695559;14.477504;881e9d952dfffff;613028143906684927;-1;8;green
696;ITA;Castellammare di Stabia;ITCAS;40.695559;14.477504;881e9d9529fffff;613028143902490623;-1;8;green
697;ITA;Castellammare di Stabia;ITCAS;40.695559;14.477504;881e9d9521fffff;613028143894102015;-1;8;green
698;ITA;Cavo;ITCVX;42.859544;10.423381;881eb11a31fffff;613029485282852863;-1;8;green
699;ITA;Chioggia;ITCHI;45.224492;12.278226;881ea0b007fffff;613028357273026559;-1;8;green
700;ITA;Chioggia;ITCHI;45.224492;12.278226;881ea0b005fffff;613028357270929407;-1;8;green
701;ITA;Chioggia;ITCHI;45.224492;12.278226;881ea0b029fffff;613028357308678143;-1;8;green
702;ITA;Chioggia;ITCHI;45.224492;12.278226;881ea0b063fffff;613028357369495551;-1;8;green
703;ITA;Chioggia;ITCHI;45.224492;12.278226;881ea0b067fffff;613028357373689855;-1;8;green
704;ITA;Chioggia;ITCHI;45.224492;12.278226;881ea0b02dfffff;613028357312872447;-1;8;green
705;ITA;Chioggia;ITCHI;45.224492;12.278226;881ea0b025fffff;613028357304483839;-1;8;green
706;ITA;Chioggia;ITCHI;45.224492;12.278226;881ea0b155fffff;613028357623250943;-1;8;green
707;ITA;Chioggia;ITCHI;45.224492;12.278226;881ea0b10bfffff;613028357545656319;-1;8;green
708;ITA;Chioggia;ITCHI;45.224492;12.278226;881ea0b11dfffff;613028357564530687;-1;8;green
709;ITA;Chioggia;ITCHI;45.224492;12.278226;881ea0b157fffff;613028357625348095;-1;8;green
710;ITA;Chioggia;ITCHI;45.224492;12.278226;881ea0b153fffff;613028357621153791;-1;8;green
711;ITA;Chioggia;ITCHI;45.224492;12.278226;881ea0b15bfffff;613028357629542399;-1;8;green
712;ITA;Ciro Marina;ITMRM;39.37072;17.135114;883f2406d3fffff;613600332777259007;-1;8;green
713;ITA;Civitavecchia;ITCVV;42.097224;11.780849;881e86a83dfffff;613026568475770879;-1;8;green
714;ITA;Civitavecchia;ITCVV;42.097224;11.780849;881e86a80dfffff;613026568425439231;-1;8;green
715;ITA;Civitavecchia;ITCVV;42.097224;11.780849;881e86a845fffff;613026568484159487;-1;8;green
716;ITA;Civitavecchia;ITCVV;42.097224;11.780849;881e86a86bfffff;613026568524005375;-1;8;green
717;ITA;Civitavecchia;ITCVV;42.097224;11.780849;881e86a869fffff;613026568521908223;-1;8;green
718;ITA;Civitavecchia;ITCVV;42.097224;11.780849;881e86a861fffff;613026568513519615;-1;8;green
719;ITA;Civitavecchia;ITCVV;42.097224;11.780849;881e86a863fffff;613026568515616767;-1;8;green
720;ITA;Civitavecchia;ITCVV;42.097224;11.780849;881e86a829fffff;613026568454799359;-1;8;green
721;ITA;Civitavecchia;ITCVV;42.097224;11.780849;881e86a805fffff;613026568417050623;-1;8;green
722;ITA;Civitavecchia;ITCVV;42.097224;11.780849;881e86a807fffff;613026568419147775;-1;8;green
723;ITA;Civitavecchia;ITCVV;42.097224;11.780849;881e86a82bfffff;613026568456896511;-1;8;green
724;ITA;Corigliano Calabro;ITCGC;39.663131;16.524804;883f249989fffff;613600372159676415;-1;8;green
725;ITA;Crotone;ITCRV;39.08615;17.130919;883f24769dfffff;613600362785406975;-1;8;green
726;ITA;Crotone;ITCRV;39.08615;17.130919;883f2439adfffff;613600346427621375;-1;8;green
727;ITA;Crotone;ITCRV;39.08615;17.130919;883f2439a7fffff;613600346421329919;-1;8;green
728;ITA;Crotone;ITCRV;39.08615;17.130919;883f2439a5fffff;613600346419232767;-1;8;green
729;ITA;Crotone;ITCRV;39.08615;17.130919;883f2439a1fffff;613600346415038463;-1;8;green
730;ITA;Crotone;ITCRV;39.08615;17.130919;883f2439abfffff;613600346425524223;-1;8;green
731;ITA;Crotone;ITCRV;39.08615;17.130919;883f243985fffff;613600346385678335;-1;8;green
732;ITA;Crotone;ITCRV;39.08615;17.130919;883f2439a9fffff;613600346423427071;-1;8;green
733;ITA;Crotone;ITCRV;39.08615;17.130919;883f2439e7fffff;613600346488438783;-1;8;green
734;ITA;Crotone;ITCRV;39.08615;17.130919;883f2476dbfffff;613600362850418687;-1;8;green
735;ITA;Crotone;ITCRV;39.08615;17.130919;883f2476d1fffff;613600362839932927;-1;8;green
736;ITA;Crotone;ITCRV;39.08615;17.130919;883f2476d5fffff;613600362844127231;-1;8;green
737;ITA;Crotone;ITCRV;39.08615;17.130919;883f2476d7fffff;613600362846224383;-1;8;green
738;ITA;Favignana;ITFAV;37.931459;12.325533;88386d21d5fffff;613482211246604287;-1;8;green
739;ITA;Favignana;ITFAV;37.931459;12.325533;88386d21d7fffff;613482211248701439;-1;8;green
740;ITA;Favignana;ITFAV;37.931459;12.325533;88386d218bfffff;613482211169009663;-1;8;green
741;ITA;Favignana;ITFAV;37.931459;12.325533;88386d219dfffff;613482211187884031;-1;8;green
742;ITA;Fiumicino;ITFCO;41.770962;12.229014;881e862e9bfffff;613026535825211391;-1;8;green
743;ITA;Follonica;ITFOL;42.917706;10.759547;881eb11587fffff;613029484030853119;-1;8;green
744;ITA;Forio;ITFRD;40.738829;13.85891;881e836225fffff;613026343501692927;-1;8;green
745;ITA;Forio;ITFRD;40.738829;13.85891;881e836319fffff;613026343757545471;-1;8;green
746;ITA;Forio;ITFRD;40.738829;13.85891;881e836303fffff;613026343734476799;-1;8;green
747;ITA;Forio;ITFRD;40.738829;13.85891;881e836309fffff;613026343740768255;-1;8;green
748;ITA;Forio;ITFRD;40.738829;13.85891;881e836301fffff;613026343732379647;-1;8;green
749;ITA;Forio;ITFRD;40.738829;13.85891;881e83630bfffff;613026343742865407;-1;8;green
750;ITA;Forio;ITFRD;40.738829;13.85891;881e83631dfffff;613026343761739775;-1;8;green
751;ITA;Forio;ITFRD;40.738829;13.85891;881e836315fffff;613026343753351167;-1;8;green
752;ITA;Formia;ITFOM;41.254758;13.6128;881e83114bfffff;613026321798266879;-1;8;green
753;ITA;Formia;ITFOM;41.254758;13.6128;881e831333fffff;613026322309971967;-1;8;green
754;ITA;Formia;ITFOM;41.254758;13.6128;881e831331fffff;613026322307874815;-1;8;green
755;ITA;Formia;ITFOM;41.254758;13.6128;881e831337fffff;613026322314166271;-1;8;green
756;ITA;Gaeta;ITGAE;41.216178;13.573274;881e83112dfffff;613026321766809599;-1;8;green
757;ITA;Gaeta;ITGAE;41.216178;13.573274;881e831167fffff;613026321827627007;-1;8;green
758;ITA;Gaeta;ITGAE;41.216178;13.573274;881e831169fffff;613026321829724159;-1;8;green
759;ITA;Gaeta;ITGAE;41.216178;13.573274;881e83c493fffff;613026369923710975;-1;8;green
760;ITA;Gaeta;ITGAE;41.216178;13.573274;881e83c497fffff;613026369927905279;-1;8;green
761;ITA;Gaeta;ITGAE;41.216178;13.573274;881e83116dfffff;613026321833918463;-1;8;green
762;ITA;Gaeta;ITGAE;41.216178;13.573274;881e831161fffff;613026321821335551;-1;8;green
763;ITA;Gaeta;ITGAE;41.216178;13.573274;881e831165fffff;613026321825529855;-1;8;green
764;ITA;Gallipoli;ITGAL;40.056441;17.980105;881e8b2a27fffff;613026878227218431;-1;8;green
765;ITA;Gallipoli;ITGAL;40.056441;17.980105;881e8b2849fffff;613026877725999103;-1;8;green
766;ITA;Gallipoli;ITGAL;40.056441;17.980105;881e8b284dfffff;613026877730193407;-1;8;green
767;ITA;Giannutri;ITGII;42.25429;11.104826;881e86d6d1fffff;613026580978991103;-1;8;green
768;ITA;Giannutri;ITGII;42.25429;11.104826;881e86d6d3fffff;613026580981088255;-1;8;green
769;ITA;Giannutri;ITGII;42.25429;11.104826;881e86d6dbfffff;613026580989476863;-1;8;green
770;ITA;Gioia Tauro;ITGIT;38.446597;15.902643;883f26c6b9fffff;613600521728557055;-1;8;green
771;ITA;Gioia Tauro;ITGIT;38.446597;15.902643;883f26c4cbfffff;613600521210560511;-1;8;green
772;ITA;Gioia Tauro;ITGIT;38.446597;15.902643;883f26c4c9fffff;613600521208463359;-1;8;green
773;ITA;Gioia Tauro;ITGIT;38.446597;15.902643;883f26c6a3fffff;613600521705488383;-1;8;green
774;ITA;Gioia Tauro;ITGIT;38.446597;15.902643;883f26c6bdfffff;613600521732751359;-1;8;green
775;ITA;Gioia Tauro;ITGIT;38.446597;15.902643;883f26c6b1fffff;613600521720168447;-1;8;green
776;ITA;Gioia Tauro;ITGIT;38.446597;15.902643;883f26c6b5fffff;613600521724362751;-1;8;green
777;ITA;Gioia Tauro;ITGIT;38.446597;15.902643;883f26c6b7fffff;613600521726459903;-1;8;green
778;ITA;Gioia Tauro;ITGIT;38.446597;15.902643;883f26c4d9fffff;613600521225240575;-1;8;green
779;ITA;Gioia Tauro;ITGIT;38.446597;15.902643;883f26136bfffff;613600473596821503;-1;8;green
780;ITA;Gioia Tauro;ITGIT;38.446597;15.902643;883f261345fffff;613600473556975615;-1;8;green
781;ITA;Gioia Tauro;ITGIT;38.446597;15.902643;883f261369fffff;613600473594724351;-1;8;green
782;ITA;Gioia Tauro;ITGIT;38.446597;15.902643;883f261361fffff;613600473586335743;-1;8;green
783;ITA;Gioia Tauro;ITGIT;38.446597;15.902643;883f261365fffff;613600473590530047;-1;8;green
784;ITA;Gioia Tauro;ITGIT;38.446597;15.902643;883f26c4dbfffff;613600521227337727;-1;8;green
785;ITA;Gorgona;ITGOR;43.430812;9.907464;881eb57087fffff;613029783336386559;-1;8;green
786;ITA;Gorgona;ITGOR;43.430812;9.907464;881eb57083fffff;613029783332192255;-1;8;green
787;ITA;Gorgona;ITGOR;43.430812;9.907464;881eb57081fffff;613029783330095103;-1;8;green
788;ITA;Gorgona;ITGOR;43.430812;9.907464;881eb5708bfffff;613029783340580863;-1;8;green
789;ITA;Grado;ITGRD;45.683412;13.377758;881ea520cdfffff;613028662423322623;-1;8;green
790;ITA;Grado;ITGRD;45.683412;13.377758;881ea520c5fffff;613028662414934015;-1;8;green
791;ITA;Grado;ITGRD;45.683412;13.377758;881ea520ebfffff;613028662454779903;-1;8;green
792;ITA;Grado;ITGRD;45.683412;13.377758;881ea520c7fffff;613028662417031167;-1;8;green
793;ITA;Grado;ITGRD;45.683412;13.377758;881ea5208dfffff;613028662356213759;-1;8;green
794;ITA;Grado;ITGRD;45.683412;13.377758;881ea520b9fffff;613028662402351103;-1;8;green
795;ITA;Grado;ITGRD;45.683412;13.377758;881ea52095fffff;613028662364602367;-1;8;green
796;ITA;Grado;ITGRD;45.683412;13.377758;881ea52083fffff;613028662345727999;-1;8;green
797;ITA;Grado;ITGRD;45.683412;13.377758;881ea52087fffff;613028662349922303;-1;8;green
798;ITA;Grado;ITGRD;45.683412;13.377758;881ea52081fffff;613028662343630847;-1;8;green
799;ITA;Imperia;ITIMP;43.885356;8.041238;881eb48a4bfffff;613029721533317119;-1;8;green
800;ITA;Imperia;ITIMP;43.885356;8.041238;881eb48a5dfffff;613029721552191487;-1;8;green
801;ITA;Imperia;ITIMP;43.885356;8.041238;881eb4816dfffff;613029719153049599;-1;8;green
802;ITA;Imperia;ITIMP;43.885356;8.041238;881eb48165fffff;613029719144660991;-1;8;green
803;ITA;Imperia;ITIMP;43.885356;8.041238;881eb48a5bfffff;613029721550094335;-1;8;green
804;ITA;Imperia;ITIMP;43.885356;8.041238;881eb4812bfffff;613029719083843583;-1;8;green
805;ITA;Imperia;ITIMP;43.885356;8.041238;881eb48121fffff;613029719073357823;-1;8;green
806;ITA;Imperia;ITIMP;43.885356;8.041238;881eb48125fffff;613029719077552127;-1;8;green
807;ITA;Imperia;ITIMP;43.885356;8.041238;881eb48a53fffff;613029721541705727;-1;8;green
808;ITA;Imperia;ITIMP;43.885356;8.041238;881eb48a51fffff;613029721539608575;-1;8;green
809;ITA;Imperia;ITIMP;43.885356;8.041238;881eb48a59fffff;613029721547997183;-1;8;green
810;ITA;Isola del Giglio;ITIDG;42.36076;10.920368;881eb16c5bfffff;613029507338600447;-1;8;green
811;ITA;Isola del Giglio;ITIDG;42.36076;10.920368;881eb16ee5fffff;613029508020174847;-1;8;green
812;ITA;Isola del Giglio;ITIDG;42.36076;10.920368;881eb16e17fffff;613029507804168191;-1;8;green
813;ITA;Isola del Giglio;ITIDG;42.36076;10.920368;881eb16ee9fffff;613029508024369151;-1;8;green
814;ITA;Isola del Giglio;ITIDG;42.36076;10.920368;881eb16eedfffff;613029508028563455;-1;8;green
815;ITA;La Maddalena;ITMDA;41.2119529776421;9.40670907383534;881e948431fffff;613027520872185855;-1;8;green
816;ITA;La Maddalena;ITMDA;41.2119529776421;9.40670907383534;881e948421fffff;613027520855408639;-1;8;green
817;ITA;La Maddalena;ITMDA;41.2119529776421;9.40670907383534;881e94842bfffff;613027520865894399;-1;8;green
818;ITA;La Maddalena;ITMDA;41.2119529776421;9.40670907383534;881e94843dfffff;613027520884768767;-1;8;green
819;ITA;La Maddalena;ITMDA;41.2119529776421;9.40670907383534;881e948423fffff;613027520857505791;-1;8;green
820;ITA;La Spezia;ITSPE;44.101545;9.825776;881eb58461fffff;613029788665249791;-1;8;green
821;ITA;La Spezia;ITSPE;44.101545;9.825776;881eb58557fffff;613029788923199487;-1;8;green
822;ITA;La Spezia;ITSPE;44.101545;9.825776;881eb58551fffff;613029788916908031;-1;8;green
823;ITA;La Spezia;ITSPE;44.101545;9.825776;881eb58559fffff;613029788925296639;-1;8;green
824;ITA;La Spezia;ITSPE;44.101545;9.825776;881eb5855bfffff;613029788927393791;-1;8;green
825;ITA;La Spezia;ITSPE;44.101545;9.825776;881eb58553fffff;613029788919005183;-1;8;green
826;ITA;La Spezia;ITSPE;44.101545;9.825776;881eb58511fffff;613029788849799167;-1;8;green
827;ITA;La Spezia;ITSPE;44.101545;9.825776;881eb58519fffff;613029788858187775;-1;8;green
828;ITA;La Spezia;ITSPE;44.101545;9.825776;881eb5851bfffff;613029788860284927;-1;8;green
829;ITA;La Spezia;ITSPE;44.101545;9.825776;881eb58427fffff;613029788604432383;-1;8;green
830;ITA;La Spezia;ITSPE;44.101545;9.825776;881eb58423fffff;613029788600238079;-1;8;green
831;ITA;La Spezia;ITSPE;44.101545;9.825776;881eb58409fffff;613029788572975103;-1;8;green
832;ITA;La Spezia;ITSPE;44.101545;9.825776;881eb5844dfffff;613029788644278271;-1;8;green
833;ITA;La Spezia;ITSPE;44.101545;9.825776;881eb58713fffff;613029789388767231;-1;8;green
834;ITA;La Spezia;ITSPE;44.101545;9.825776;881eb58445fffff;613029788635889663;-1;8;green
835;ITA;La Spezia;ITSPE;44.101545;9.825776;881eb58441fffff;613029788631695359;-1;8;green
836;ITA;La Spezia;ITSPE;44.101545;9.825776;881eb58447fffff;613029788637986815;-1;8;green
837;ITA;La Spezia;ITSPE;44.101545;9.825776;881eb5840dfffff;613029788577169407;-1;8;green
838;ITA;La Spezia;ITSPE;44.101545;9.825776;881eb58405fffff;613029788568780799;-1;8;green
839;ITA;La Spezia;ITSPE;44.101545;9.825776;881eb58429fffff;613029788606529535;-1;8;green
840;ITA;La Spezia;ITSPE;44.101545;9.825776;881eb5842bfffff;613029788608626687;-1;8;green
841;ITA;La Spezia;ITSPE;44.101545;9.825776;881eb58421fffff;613029788598140927;-1;8;green
842;ITA;La Spezia;ITSPE;44.101545;9.825776;881eb5842dfffff;613029788610723839;-1;8;green
843;ITA;La Spezia;ITSPE;44.101545;9.825776;881eb58467fffff;613029788671541247;-1;8;green
844;ITA;La Spezia;ITSPE;44.101545;9.825776;881eb58463fffff;613029788667346943;-1;8;green
845;ITA;La Spezia;ITSPE;44.101545;9.825776;881eb5846bfffff;613029788675735551;-1;8;green
846;ITA;La Spezia;ITSPE;44.101545;9.825776;881eb58469fffff;613029788673638399;-1;8;green
847;ITA;La Spezia;ITSPE;44.101545;9.825776;881eb5846dfffff;613029788677832703;-1;8;green
848;ITA;La Spezia;ITSPE;44.101545;9.825776;881eb58733fffff;613029789422321663;-1;8;green
849;ITA;La Spezia;ITSPE;44.101545;9.825776;881eb58465fffff;613029788669444095;-1;8;green
850;ITA;Levanzo;ITLEV;37.98627;12.340294;88386d20c9fffff;613482210965585919;-1;8;green
851;ITA;Levanzo;ITLEV;37.98627;12.340294;88386d20cbfffff;613482210967683071;-1;8;green
852;ITA;Levanzo;ITLEV;37.98627;12.340294;88386d20c1fffff;613482210957197311;-1;8;green
853;ITA;Levanzo;ITLEV;37.98627;12.340294;88386d2013fffff;613482210774745087;-1;8;green
854;ITA;Levanzo;ITLEV;37.98627;12.340294;88386d20c5fffff;613482210961391615;-1;8;green
855;ITA;Manfredonia;ITMFR;41.623632;15.917186;881e8eb495fffff;613027121545084927;-1;8;green
856;ITA;Manfredonia;ITMFR;41.623632;15.917186;881e8eb491fffff;613027121540890623;-1;8;green
857;ITA;Manfredonia;ITMFR;41.623632;15.917186;881e8eb49dfffff;613027121553473535;-1;8;green
858;ITA;Marettimo;ITMMO;37.967298;12.075074;88386d3805fffff;613482217202515967;-1;8;green
859;ITA;Marina di Carrara;ITMDC;44.034482;10.041039;881eb5bac7fffff;613029803267719167;-1;8;green
860;ITA;Marina di Carrara;ITMDC;44.034482;10.041039;881eb5ba8dfffff;613029803206901759;-1;8;green
861;ITA;Marina di Carrara;ITMDC;44.034482;10.041039;881eb5baebfffff;613029803305467903;-1;8;green
862;ITA;Marina di Carrara;ITMDC;44.034482;10.041039;881eb5bae3fffff;613029803297079295;-1;8;green
863;ITA;Marina di Carrara;ITMDC;44.034482;10.041039;881eb5b8c9fffff;613029802732945407;-1;8;green
864;ITA;Marina di Carrara;ITMDC;44.034482;10.041039;881eb5b85bfffff;613029802617602047;-1;8;green
865;ITA;Marina di Carrara;ITMDC;44.034482;10.041039;881eb5b853fffff;613029802609213439;-1;8;green
866;ITA;Marina di Carrara;ITMDC;44.034482;10.041039;881eb5baa5fffff;613029803232067583;-1;8;green
867;ITA;Marina di Carrara;ITMDC;44.034482;10.041039;881eb5baa7fffff;613029803234164735;-1;8;green
868;ITA;Marina di Carrara;ITMDC;44.034482;10.041039;881eb5babdfffff;613029803257233407;-1;8;green
869;ITA;Marina di Carrara;ITMDC;44.034482;10.041039;881eb5baabfffff;613029803238359039;-1;8;green
870;ITA;Marina di Carrara;ITMDC;44.034482;10.041039;881eb5baa3fffff;613029803229970431;-1;8;green
871;ITA;Marina di Carrara;ITMDC;44.034482;10.041039;881eb5baa1fffff;613029803227873279;-1;8;green
872;ITA;Marina di Carrara;ITMDC;44.034482;10.041039;881eb5baadfffff;613029803240456191;-1;8;green
873;ITA;Marina di Carrara;ITMDC;44.034482;10.041039;881eb5bae7fffff;613029803301273599;-1;8;green
874;ITA;Marina di Carrara;ITMDC;44.034482;10.041039;881eb5baa9fffff;613029803236261887;-1;8;green
875;ITA;Marina di Carrara;ITMDC;44.034482;10.041039;881eb5ba85fffff;613029803198513151;-1;8;green
876;ITA;Marina di Carrara;ITMDC;44.034482;10.041039;881eb5ba87fffff;613029803200610303;-1;8;green
877;ITA;Marina di Carrara;ITMDC;44.034482;10.041039;881eb5ba81fffff;613029803194318847;-1;8;green
878;ITA;Molfetta;ITMOL;41.207805;16.590751;881e8819c1fffff;613026667666866175;-1;8;green
879;ITA;Molfetta;ITMOL;41.207805;16.590751;881e8819cbfffff;613026667677351935;-1;8;green
880;ITA;Molfetta;ITMOL;41.207805;16.590751;881e881839fffff;613026667255824383;-1;8;green
881;ITA;Molfetta;ITMOL;41.207805;16.590751;881e881831fffff;613026667247435775;-1;8;green
882;ITA;Molfetta;ITMOL;41.207805;16.590751;881e8819d9fffff;613026667692031999;-1;8;green
883;ITA;Molfetta;ITMOL;41.207805;16.590751;881e881837fffff;613026667253727231;-1;8;green
884;ITA;Molfetta;ITMOL;41.207805;16.590751;881e8819ddfffff;613026667696226303;-1;8;green
885;ITA;Molfetta;ITMOL;41.207805;16.590751;881e8819c3fffff;613026667668963327;-1;8;green
886;ITA;Monfalcone;ITMNF;45.790025;13.54675;881ea526c9fffff;613028664029741055;-1;8;green
887;ITA;Monfalcone;ITMNF;45.790025;13.54675;881ea52619fffff;613028663845191679;-1;8;green
888;ITA;Monfalcone;ITMNF;45.790025;13.54675;881ea52653fffff;613028663906009087;-1;8;green
889;ITA;Monfalcone;ITMNF;45.790025;13.54675;881e12c925fffff;613018605849673727;-1;8;green
890;ITA;Monfalcone;ITMNF;45.790025;13.54675;881e12c927fffff;613018605851770879;-1;8;green
891;ITA;Monfalcone;ITMNF;45.790025;13.54675;881e12c921fffff;613018605845479423;-1;8;green
892;ITA;Monopoli;ITMNP;40.95582;17.304885;881e882881fffff;613026671626289151;-1;8;green
893;ITA;Monopoli;ITMNP;40.95582;17.304885;881e88288dfffff;613026671638872063;-1;8;green
894;ITA;Monopoli;ITMNP;40.95582;17.304885;881e882885fffff;613026671630483455;-1;8;green
895;ITA;Monopoli;ITMNP;40.95582;17.304885;881e8828a9fffff;613026671668232191;-1;8;green
896;ITA;Monopoli;ITMNP;40.95582;17.304885;881e8828a1fffff;613026671659843583;-1;8;green
897;ITA;Monopoli;ITMNP;40.95582;17.304885;881e8828a3fffff;613026671661940735;-1;8;green
898;ITA;Monopoli;ITMNP;40.95582;17.304885;881e8828abfffff;613026671670329343;-1;8;green
899;ITA;Otranto;ITOTO;40.147354;18.494349;881ed65153fffff;613032042703093759;-1;8;green
900;ITA;Otranto;ITOTO;40.147354;18.494349;881ed65157fffff;613032042707288063;-1;8;green
901;ITA;Palau;ITPAU;41.180828;9.386026;881e9485e1fffff;613027521325170687;-1;8;green
902;ITA;Palau;ITPAU;41.180828;9.386026;881e9485e9fffff;613027521333559295;-1;8;green
903;ITA;Palau;ITPAU;41.180828;9.386026;881e948517fffff;613027521113358335;-1;8;green
904;ITA;Palermo;ITPMO;38.136521;13.370205;881e9a0511fffff;613027899064188927;-1;8;green
905;ITA;Palermo;ITPMO;38.136521;13.370205;881e9a05edfffff;613027899294875647;-1;8;green
906;ITA;Palermo;ITPMO;38.136521;13.370205;881e9a0ecbfffff;613027901675143167;-1;8;green
907;ITA;Palermo;ITPMO;38.136521;13.370205;881e9a052bfffff;613027899091451903;-1;8;green
908;ITA;Palermo;ITPMO;38.136521;13.370205;881e9a053dfffff;613027899110326271;-1;8;green
909;ITA;Palermo;ITPMO;38.136521;13.370205;881e9a0535fffff;613027899101937663;-1;8;green
910;ITA;Palermo;ITPMO;38.136521;13.370205;881e9a0531fffff;613027899097743359;-1;8;green
911;ITA;Palermo;ITPMO;38.136521;13.370205;881e9a0537fffff;613027899104034815;-1;8;green
912;ITA;Palermo;ITPMO;38.136521;13.370205;881e9a05e7fffff;613027899288584191;-1;8;green
913;ITA;Palermo;ITPMO;38.136521;13.370205;881e9a0edbfffff;613027901691920383;-1;8;green
914;ITA;Palermo;ITPMO;38.136521;13.370205;881e9a0ed9fffff;613027901689823231;-1;8;green
915;ITA;Palermo;ITPMO;38.136521;13.370205;881e9a0533fffff;613027899099840511;-1;8;green
916;ITA;Palermo;ITPMO;38.136521;13.370205;881e9a05e5fffff;613027899286487039;-1;8;green
917;ITA;Palermo;ITPMO;38.136521;13.370205;881e9a05e1fffff;613027899282292735;-1;8;green
918;ITA;Palermo;ITPMO;38.136521;13.370205;881e9a05e9fffff;613027899290681343;-1;8;green
919;ITA;Palermo;ITPMO;38.136521;13.370205;881e9a0517fffff;613027899070480383;-1;8;green
920;ITA;Palermo;ITPMO;38.136521;13.370205;881e9a0513fffff;613027899066286079;-1;8;green
921;ITA;Palermo;ITPMO;38.136521;13.370205;881e9a051bfffff;613027899074674687;-1;8;green
922;ITA;Palermo;ITPMO;38.136521;13.370205;881e9a0427fffff;613027898818822143;-1;8;green
923;ITA;Palermo;ITPMO;38.136521;13.370205;881e9a0425fffff;613027898816724991;-1;8;green
924;ITA;Palermo;ITPMO;38.136521;13.370205;881e9a0519fffff;613027899072577535;-1;8;green
925;ITA;Palermo;ITPMO;38.136521;13.370205;881e9a051dfffff;613027899076771839;-1;8;green
926;ITA;Palermo;ITPMO;38.136521;13.370205;881e9a0503fffff;613027899049508863;-1;8;green
927;ITA;Palermo;ITPMO;38.136521;13.370205;881e9a0515fffff;613027899068383231;-1;8;green
928;ITA;Palermo;ITPMO;38.136521;13.370205;881e9a0539fffff;613027899106131967;-1;8;green
929;ITA;Pesaro;ITPES;43.920662;12.904572;881ea300e1fffff;613028516415406079;-1;8;green
930;ITA;Pesaro;ITPES;43.920662;12.904572;881ea300e3fffff;613028516417503231;-1;8;green
931;ITA;Pesaro;ITPES;43.920662;12.904572;881ea300e7fffff;613028516421697535;-1;8;green
932;ITA;Peschici;ITPCH;41.948706;16.00918;881e8c7049fffff;613026965772828671;-1;8;green
933;ITA;Pianosa;ITPIA;42.588525;10.100043;881eb151e5fffff;613029500235546623;-1;8;green
934;ITA;Ponza;ITPNZ;40.896276;12.964474;881e822509fffff;613026258378293247;-1;8;green
935;ITA;Ponza;ITPNZ;40.896276;12.964474;881e822501fffff;613026258369904639;-1;8;green
936;ITA;Ponza;ITPNZ;40.896276;12.964474;881e822e5bfffff;613026260880195583;-1;8;green
937;ITA;Ponza;ITPNZ;40.896276;12.964474;881e822e51fffff;613026260869709823;-1;8;green
938;ITA;Ponza;ITPNZ;40.896276;12.964474;881e822e53fffff;613026260871806975;-1;8;green
939;ITA;Ponza;ITPNZ;40.896276;12.964474;881e822525fffff;613026258407653375;-1;8;green
940;ITA;Ponza;ITPNZ;40.896276;12.964474;881e822521fffff;613026258403459071;-1;8;green
941;ITA;Ponza;ITPNZ;40.896276;12.964474;881e822529fffff;613026258411847679;-1;8;green
942;ITA;Ponza;ITPNZ;40.896276;12.964474;881e82252bfffff;613026258413944831;-1;8;green
943;ITA;Ponza;ITPNZ;40.896276;12.964474;881e822505fffff;613026258374098943;-1;8;green
944;ITA;Ponza;ITPNZ;40.896276;12.964474;881e82250dfffff;613026258382487551;-1;8;green
945;ITA;Ponza;ITPNZ;40.896276;12.964474;881e822547fffff;613026258443304959;-1;8;green
946;ITA;Ponza;ITPNZ;40.896276;12.964474;881e82256dfffff;613026258483150847;-1;8;green
947;ITA;Ponza;ITPNZ;40.896276;12.964474;881e822569fffff;613026258478956543;-1;8;green
948;ITA;Ponza;ITPNZ;40.896276;12.964474;881e822545fffff;613026258441207807;-1;8;green
949;ITA;Ponza;ITPNZ;40.896276;12.964474;881e82256bfffff;613026258481053695;-1;8;green
950;ITA;Ponza;ITPNZ;40.896276;12.964474;881e822563fffff;613026258472665087;-1;8;green
951;ITA;Ponza;ITPNZ;40.896276;12.964474;881e822567fffff;613026258476859391;-1;8;green
952;ITA;Ponza;ITPNZ;40.896276;12.964474;881e82252dfffff;613026258416041983;-1;8;green
953;ITA;Porto Azzurro;ITPAZ;42.764324;10.397434;881eb1193bfffff;613029485024903167;-1;8;green
954;ITA;Porto Levante;ITPVT;45.049825;12.366708;881ea0a127fffff;613028353280049151;-1;8;green
955;ITA;Porto Levante;ITPVT;45.049825;12.366708;881ea0a109fffff;613028353248591871;-1;8;green
956;ITA;Porto Levante;ITPVT;45.049825;12.366708;881ea0a10dfffff;613028353252786175;-1;8;green
957;ITA;Porto Levante;ITPVT;45.049825;12.366708;881ea0a163fffff;613028353342963711;-1;8;green
958;ITA;Porto Levante;ITPVT;45.049825;12.366708;881ea0a129fffff;613028353282146303;-1;8;green
959;ITA;Porto Levante;ITPVT;45.049825;12.366708;881ea0a12bfffff;613028353284243455;-1;8;green
960;ITA;Porto Levante;ITPVT;45.049825;12.366708;881ea0a123fffff;613028353275854847;-1;8;green
961;ITA;Porto Lignano;ITPLI;45.699172;13.147459;881ea53ab1fffff;613028669373284351;-1;8;green
962;ITA;Porto Lignano;ITPLI;45.699172;13.147459;881ea53ab7fffff;613028669379575807;-1;8;green
963;ITA;Porto Lignano;ITPLI;45.699172;13.147459;881ea538cbfffff;613028668863676415;-1;8;green
964;ITA;Porto Nogaro;ITPNG;45.806914;13.227918;881ea530adfffff;613028666684735487;-1;8;green
965;ITA;Porto Nogaro;ITPNG;45.806914;13.227918;881ea530e7fffff;613028666745552895;-1;8;green
966;ITA;Porto Nogaro;ITPNG;45.806914;13.227918;881ea530e3fffff;613028666741358591;-1;8;green
967;ITA;Porto Torres;ITPTO;40.840554;8.397398;883949ac65fffff;613497366726574079;-1;8;green
968;ITA;Porto Torres;ITPTO;40.840554;8.397398;883949ac67fffff;613497366728671231;-1;8;green
969;ITA;Porto Torres;ITPTO;40.840554;8.397398;883949ac2dfffff;613497366667853823;-1;8;green
970;ITA;Porto Torres;ITPTO;40.840554;8.397398;883949ac29fffff;613497366663659519;-1;8;green
971;ITA;Porto Torres;ITPTO;40.840554;8.397398;883949ac2bfffff;613497366665756671;-1;8;green
972;ITA;Porto Torres;ITPTO;40.840554;8.397398;883949ac3dfffff;613497366684631039;-1;8;green
973;ITA;Porto Torres;ITPTO;40.840554;8.397398;883949ac23fffff;613497366657368063;-1;8;green
974;ITA;Portoferraio;ITPFE;42.811991;10.324393;881eb1ccd3fffff;613029533234233343;-1;8;green
975;ITA;Portoferraio;ITPFE;42.811991;10.324393;881eb11b27fffff;613029485540802559;-1;8;green
976;ITA;Portoferraio;ITPFE;42.811991;10.324393;881eb11b2bfffff;613029485544996863;-1;8;green
977;ITA;Portoferraio;ITPFE;42.811991;10.324393;881eb11b07fffff;613029485507248127;-1;8;green
978;ITA;Portoferraio;ITPFE;42.811991;10.324393;881eb11b3dfffff;613029485563871231;-1;8;green
979;ITA;Portoferraio;ITPFE;42.811991;10.324393;881eb11b23fffff;613029485536608255;-1;8;green
980;ITA;Portoferraio;ITPFE;42.811991;10.324393;881eb11b21fffff;613029485534511103;-1;8;green
981;ITA;Portoferraio;ITPFE;42.811991;10.324393;881eb11b29fffff;613029485542899711;-1;8;green
982;ITA;Portoferraio;ITPFE;42.811991;10.324393;881eb11b2dfffff;613029485547094015;-1;8;green
983;ITA;Portofino;ITPTF;44.302656;9.210702;881f9b74e1fffff;613045589984149503;-1;8;green
984;ITA;Portofino;ITPTF;44.302656;9.210702;881f9b74ebfffff;613045589994635263;-1;8;green
985;ITA;Portofino;ITPTF;44.302656;9.210702;881f9b741bfffff;613045589776531455;-1;8;green
986;ITA;Portofino;ITPTF;44.302656;9.210702;881f9b7413fffff;613045589768142847;-1;8;green
987;ITA;Portofino;ITPTF;44.302656;9.210702;881f9b7411fffff;613045589766045695;-1;8;green
988;ITA;Portofino;ITPTF;44.302656;9.210702;881f9b7419fffff;613045589774434303;-1;8;green
989;ITA;Portofino;ITPTF;44.302656;9.210702;881f9b7453fffff;613045589835251711;-1;8;green
990;ITA;Portofino;ITPTF;44.302656;9.210702;881f9b76a5fffff;613045590458105855;-1;8;green
991;ITA;Portofino;ITPTF;44.302656;9.210702;881f9b76a7fffff;613045590460203007;-1;8;green
992;ITA;Portofino;ITPTF;44.302656;9.210702;881f9b74c9fffff;613045589958983679;-1;8;green
993;ITA;Portofino;ITPTF;44.302656;9.210702;881f9b74cdfffff;613045589963177983;-1;8;green
994;ITA;Portofino;ITPTF;44.302656;9.210702;881f9b74c5fffff;613045589954789375;-1;8;green
995;ITA;Portofino;ITPTF;44.302656;9.210702;881f9b74e9fffff;613045589992538111;-1;8;green
996;ITA;Portofino;ITPTF;44.302656;9.210702;881f9b74edfffff;613045589996732415;-1;8;green
997;ITA;Portofino;ITPTF;44.302656;9.210702;881f9b7417fffff;613045589772337151;-1;8;green
998;ITA;Portofino;ITPTF;44.302656;9.210702;881f9b743bfffff;613045589810085887;-1;8;green
999;ITA;Positano;ITPOS;40.627225;14.486319;881e9d80e9fffff;613028138466672639;-1;8;green
1000;ITA;Positano;ITPOS;40.627225;14.486319;881e9d80edfffff;613028138470866943;-1;8;green
1001;ITA;Positano;ITPOS;40.627225;14.486319;881e9d8017fffff;613028138246471679;-1;8;green
1002;ITA;Positano;ITPOS;40.627225;14.486319;881e9d803bfffff;613028138284220415;-1;8;green
1003;ITA;Positano;ITPOS;40.627225;14.486319;881e9d8015fffff;613028138244374527;-1;8;green
1004;ITA;Positano;ITPOS;40.627225;14.486319;881e9d8001fffff;613028138223403007;-1;8;green
1005;ITA;Positano;ITPOS;40.627225;14.486319;881e9d800bfffff;613028138233888767;-1;8;green
1006;ITA;Positano;ITPOS;40.627225;14.486319;881e9d8003fffff;613028138225500159;-1;8;green
1007;ITA;Positano;ITPOS;40.627225;14.486319;881e9d801dfffff;613028138252763135;-1;8;green
1008;ITA;Positano;ITPOS;40.627225;14.486319;881e9d8019fffff;613028138248568831;-1;8;green
1009;ITA;Positano;ITPOS;40.627225;14.486319;881e9d8011fffff;613028138240180223;-1;8;green
1010;ITA;Positano;ITPOS;40.627225;14.486319;881e9d8013fffff;613028138242277375;-1;8;green
1011;ITA;Positano;ITPOS;40.627225;14.486319;881e9d80c5fffff;613028138428923903;-1;8;green
1012;ITA;Positano;ITPOS;40.627225;14.486319;881e9d80c7fffff;613028138431021055;-1;8;green
1013;ITA;Positano;ITPOS;40.627225;14.486319;881e9d80c1fffff;613028138424729599;-1;8;green
1014;ITA;Positano;ITPOS;40.627225;14.486319;881e9d80cdfffff;613028138437312511;-1;8;green
1015;ITA;Positano;ITPOS;40.627225;14.486319;881e9d801bfffff;613028138250665983;-1;8;green
1016;ITA;Positano;ITPOS;40.627225;14.486319;881e9d82a5fffff;613028138932240383;-1;8;green
1017;ITA;Pozzallo;ITPZL;36.716755;14.831726;883f30843bfffff;613601191074463743;-1;8;green
1018;ITA;Pozzallo;ITPZL;36.716755;14.831726;883f308417fffff;613601191036715007;-1;8;green
1019;ITA;Pozzallo;ITPZL;36.716755;14.831726;883f308411fffff;613601191030423551;-1;8;green
1020;ITA;Pozzallo;ITPZL;36.716755;14.831726;883f30841bfffff;613601191040909311;-1;8;green
1021;ITA;Pozzallo;ITPZL;36.716755;14.831726;883f308419fffff;613601191038812159;-1;8;green
1022;ITA;Pozzallo;ITPZL;36.716755;14.831726;883f308457fffff;613601191103823871;-1;8;green
1023;ITA;Pozzallo;ITPZL;36.716755;14.831726;883f30840bfffff;613601191024132095;-1;8;green
1024;ITA;Pozzallo;ITPZL;36.716755;14.831726;883f308455fffff;613601191101726719;-1;8;green
1025;ITA;Pozzuoli;ITPOZ;40.825168;14.117393;881e8374b7fffff;613026348486623231;-1;8;green
1026;ITA;Pozzuoli;ITPOZ;40.825168;14.117393;881e83664bfffff;613026344615280639;-1;8;green
1027;ITA;Pozzuoli;ITPOZ;40.825168;14.117393;881e83660bfffff;613026344548171775;-1;8;green
1028;ITA;Pozzuoli;ITPOZ;40.825168;14.117393;881e836609fffff;613026344546074623;-1;8;green
1029;ITA;Pozzuoli;ITPOZ;40.825168;14.117393;881e836647fffff;613026344611086335;-1;8;green
1030;ITA;Pozzuoli;ITPOZ;40.825168;14.117393;881e83666bfffff;613026344648835071;-1;8;green
1031;ITA;Pozzuoli;ITPOZ;40.825168;14.117393;881e836645fffff;613026344608989183;-1;8;green
1032;ITA;Pozzuoli;ITPOZ;40.825168;14.117393;881e83664dfffff;613026344617377791;-1;8;green
1033;ITA;Pozzuoli;ITPOZ;40.825168;14.117393;881e836641fffff;613026344604794879;-1;8;green
1034;ITA;Pozzuoli;ITPOZ;40.825168;14.117393;881e836643fffff;613026344606892031;-1;8;green
1035;ITA;Pozzuoli;ITPOZ;40.825168;14.117393;881e83665dfffff;613026344634155007;-1;8;green
1036;ITA;Pozzuoli;ITPOZ;40.825168;14.117393;881e836659fffff;613026344629960703;-1;8;green
1037;ITA;Procida;ITPRO;40.766914;14.029716;881e836769fffff;613026344915173375;-1;8;green
1038;ITA;Procida;ITPRO;40.766914;14.029716;881e836745fffff;613026344877424639;-1;8;green
1039;ITA;Procida;ITPRO;40.766914;14.029716;881e83674dfffff;613026344885813247;-1;8;green
1040;ITA;Procida;ITPRO;40.766914;14.029716;881e836293fffff;613026343617036287;-1;8;green
1041;ITA;Procida;ITPRO;40.766914;14.029716;881e836295fffff;613026343619133439;-1;8;green
1042;ITA;Procida;ITPRO;40.766914;14.029716;881e836297fffff;613026343621230591;-1;8;green
1043;ITA;Procida;ITPRO;40.766914;14.029716;881e836765fffff;613026344910979071;-1;8;green
1044;ITA;Procida;ITPRO;40.766914;14.029716;881e8360d9fffff;613026343153565695;-1;8;green
1045;ITA;Procida;ITPRO;40.766914;14.029716;881e8362b3fffff;613026343650590719;-1;8;green
1046;ITA;Procida;ITPRO;40.766914;14.029716;881e8362bbfffff;613026343658979327;-1;8;green
1047;ITA;Procida;ITPRO;40.766914;14.029716;881e83676dfffff;613026344919367679;-1;8;green
1048;ITA;Procida;ITPRO;40.766914;14.029716;881e836761fffff;613026344906784767;-1;8;green
1049;ITA;Procida;ITPRO;40.766914;14.029716;881e836763fffff;613026344908881919;-1;8;green
1050;ITA;Procida;ITPRO;40.766914;14.029716;881e83676bfffff;613026344917270527;-1;8;green
1051;ITA;Procida;ITPRO;40.766914;14.029716;881e83670dfffff;613026344818704383;-1;8;green
1052;ITA;Procida;ITPRO;40.766914;14.029716;881e836709fffff;613026344814510079;-1;8;green
1053;ITA;Procida;ITPRO;40.766914;14.029716;881e836743fffff;613026344875327487;-1;8;green
1054;ITA;Procida;ITPRO;40.766914;14.029716;881e836753fffff;613026344892104703;-1;8;green
1055;ITA;Procida;ITPRO;40.766914;14.029716;881e836751fffff;613026344890007551;-1;8;green
1056;ITA;Procida;ITPRO;40.766914;14.029716;881e83675dfffff;613026344902590463;-1;8;green
1057;ITA;Procida;ITPRO;40.766914;14.029716;881e8375b7fffff;613026348755058687;-1;8;green
1058;ITA;Procida;ITPRO;40.766914;14.029716;881e8375b1fffff;613026348748767231;-1;8;green
1059;ITA;Procida;ITPRO;40.766914;14.029716;881e8375b5fffff;613026348752961535;-1;8;green
1060;ITA;Procida;ITPRO;40.766914;14.029716;881e83674bfffff;613026344883716095;-1;8;green
1061;ITA;Procida;ITPRO;40.766914;14.029716;881e836741fffff;613026344873230335;-1;8;green
1062;ITA;Procida;ITPRO;40.766914;14.029716;881e836747fffff;613026344879521791;-1;8;green
1063;ITA;Ravenna;ITRAN;44.490192;12.285135;881ea06745fffff;613028337742249983;-1;8;green
1064;ITA;Ravenna;ITRAN;44.490192;12.285135;881ea0674dfffff;613028337750638591;-1;8;green
1065;ITA;Ravenna;ITRAN;44.490192;12.285135;881ea06293fffff;613028336481861631;-1;8;green
1066;ITA;Ravenna;ITRAN;44.490192;12.285135;881ea06297fffff;613028336486055935;-1;8;green
1067;ITA;Ravenna;ITRAN;44.490192;12.285135;881ea06769fffff;613028337779998719;-1;8;green
1068;ITA;Ravenna;ITRAN;44.490192;12.285135;881ea0676bfffff;613028337782095871;-1;8;green
1069;ITA;Ravenna;ITRAN;44.490192;12.285135;881ea06747fffff;613028337744347135;-1;8;green
1070;ITA;Ravenna;ITRAN;44.490192;12.285135;881ea06741fffff;613028337738055679;-1;8;green
1071;ITA;Ravenna;ITRAN;44.490192;12.285135;881ea06749fffff;613028337746444287;-1;8;green
1072;ITA;Ravenna;ITRAN;44.490192;12.285135;881ea075a3fffff;613028341598912511;-1;8;green
1073;ITA;Ravenna;ITRAN;44.490192;12.285135;881ea0662dfffff;613028337448648703;-1;8;green
1074;ITA;Ravenna;ITRAN;44.490192;12.285135;881ea06667fffff;613028337509466111;-1;8;green
1075;ITA;Ravenna;ITRAN;44.490192;12.285135;881ea07593fffff;613028341582135295;-1;8;green
1076;ITA;Ravenna;ITRAN;44.490192;12.285135;881ea06669fffff;613028337511563263;-1;8;green
1077;ITA;Ravenna;ITRAN;44.490192;12.285135;881ea06661fffff;613028337503174655;-1;8;green
1078;ITA;Ravenna;ITRAN;44.490192;12.285135;881ea06665fffff;613028337507368959;-1;8;green
1079;ITA;Ravenna;ITRAN;44.490192;12.285135;881ea075b7fffff;613028341619884031;-1;8;green
1080;ITA;Ravenna;ITRAN;44.490192;12.285135;881ea06759fffff;613028337763221503;-1;8;green
1081;ITA;Ravenna;ITRAN;44.490192;12.285135;881ea075b3fffff;613028341615689727;-1;8;green
1082;ITA;Ravenna;ITRAN;44.490192;12.285135;881ea075b1fffff;613028341613592575;-1;8;green
1083;ITA;Ravenna;ITRAN;44.490192;12.285135;881ea075b5fffff;613028341617786879;-1;8;green
1084;ITA;Rimini;ITRMI;44.0762;12.573506;881ea3c6a1fffff;613028569498517503;-1;8;green
1085;ITA;Rimini;ITRMI;44.0762;12.573506;881ea3c6bdfffff;613028569527877631;-1;8;green
1086;ITA;Rimini;ITRMI;44.0762;12.573506;881ea3c6a3fffff;613028569500614655;-1;8;green
1087;ITA;Rio Marina;ITRMA;42.815933;10.429671;881eb1181dfffff;613029484725010431;-1;8;green
1088;ITA;Rio Marina;ITRMA;42.815933;10.429671;881eb1180bfffff;613029484706136063;-1;8;green
1089;ITA;Rio Marina;ITRMA;42.815933;10.429671;881eb11801fffff;613029484695650303;-1;8;green
1090;ITA;Rodi Garganico;ITRGG;41.93211;15.889861;881e8c46b7fffff;613026954613882879;-1;8;green
1091;ITA;Rodi Garganico;ITRGG;41.93211;15.889861;881e8c46b3fffff;613026954609688575;-1;8;green
1092;ITA;Salerno;ITSAL;40.673783;14.76678;881e9d8691fffff;613028139985010687;-1;8;green
1093;ITA;Salerno;ITSAL;40.673783;14.76678;881e9d86bbfffff;613028140029050879;-1;8;green
1094;ITA;Salerno;ITSAL;40.673783;14.76678;881e9db36dfffff;613028152026857471;-1;8;green
1095;ITA;Salerno;ITSAL;40.673783;14.76678;881e9db365fffff;613028152018468863;-1;8;green
1096;ITA;Salerno;ITSAL;40.673783;14.76678;881e9d86b3fffff;613028140020662271;-1;8;green
1097;ITA;Salerno;ITSAL;40.673783;14.76678;881e9d86b1fffff;613028140018565119;-1;8;green
1098;ITA;Salerno;ITSAL;40.673783;14.76678;881e9d86bdfffff;613028140031148031;-1;8;green
1099;ITA;Salerno;ITSAL;40.673783;14.76678;881e9d8687fffff;613028139974524927;-1;8;green
1100;ITA;Salerno;ITSAL;40.673783;14.76678;881e9d8683fffff;613028139970330623;-1;8;green
1101;ITA;Salerno;ITSAL;40.673783;14.76678;881e9d8681fffff;613028139968233471;-1;8;green
1102;ITA;Salerno;ITSAL;40.673783;14.76678;881e9d868bfffff;613028139978719231;-1;8;green
1103;ITA;Salerno;ITSAL;40.673783;14.76678;881e9d86d7fffff;613028140058411007;-1;8;green
1104;ITA;Salerno;ITSAL;40.673783;14.76678;881e9d869dfffff;613028139997593599;-1;8;green
1105;ITA;Salerno;ITSAL;40.673783;14.76678;881e9d8699fffff;613028139993399295;-1;8;green
1106;ITA;Salerno;ITSAL;40.673783;14.76678;881e9d869bfffff;613028139995496447;-1;8;green
1107;ITA;Santa Teresa Di Gallura;ITSTE;41.237969;9.194405;881e948237fffff;613027520341606399;-1;8;green
1108;ITA;Santa Teresa Di Gallura;ITSTE;41.237969;9.194405;881e94805dfffff;613027519844581375;-1;8;green
1109;ITA;Santa Teresa Di Gallura;ITSTE;41.237969;9.194405;881e94804bfffff;613027519825707007;-1;8;green
1110;ITA;Savona;ITSVN;44.312998;8.494431;881f9b4227fffff;613045576367341567;-1;8;green
1111;ITA;Savona;ITSVN;44.312998;8.494431;881f9b4223fffff;613045576363147263;-1;8;green
1112;ITA;Savona;ITSVN;44.312998;8.494431;881f9b4229fffff;613045576369438719;-1;8;green
1113;ITA;Savona;ITSVN;44.312998;8.494431;881f9b4205fffff;613045576331689983;-1;8;green
1114;ITA;Savona;ITSVN;44.312998;8.494431;881f9b4269fffff;613045576436547583;-1;8;green
1115;ITA;Savona;ITSVN;44.312998;8.494431;881f9b4245fffff;613045576398798847;-1;8;green
1116;ITA;Savona;ITSVN;44.312998;8.494431;881f9b4247fffff;613045576400895999;-1;8;green
1117;ITA;Savona;ITSVN;44.312998;8.494431;881f9b4203fffff;613045576329592831;-1;8;green
1118;ITA;Savona;ITSVN;44.312998;8.494431;881f9b420bfffff;613045576337981439;-1;8;green
1119;ITA;Savona;ITSVN;44.312998;8.494431;881f9b4209fffff;613045576335884287;-1;8;green
1120;ITA;Savona;ITSVN;44.312998;8.494431;881f9b420dfffff;613045576340078591;-1;8;green
1121;ITA;Savona;ITSVN;44.312998;8.494431;881f9b4201fffff;613045576327495679;-1;8;green
1122;ITA;Savona;ITSVN;44.312998;8.494431;881f9b4207fffff;613045576333787135;-1;8;green
1123;ITA;Savona;ITSVN;44.312998;8.494431;881f9b422bfffff;613045576371535871;-1;8;green
1124;ITA;Savona;ITSVN;44.312998;8.494431;881f9b4221fffff;613045576361050111;-1;8;green
1125;ITA;Savona;ITSVN;44.312998;8.494431;881f9b422dfffff;613045576373633023;-1;8;green
1126;ITA;Savona;ITSVN;44.312998;8.494431;881f9b4359fffff;613045576688205823;-1;8;green
1127;ITA;Savona;ITSVN;44.312998;8.494431;881f9b435bfffff;613045576690302975;-1;8;green
1128;ITA;Savona;ITSVN;44.312998;8.494431;881f9b4267fffff;613045576434450431;-1;8;green
1129;ITA;Savona;ITSVN;44.312998;8.494431;881f9b4263fffff;613045576430256127;-1;8;green
1130;ITA;Savona;ITSVN;44.312998;8.494431;881f9b426bfffff;613045576438644735;-1;8;green
1131;ITA;Sorrento;ITRRO;40.630043;14.375556;881e9d830bfffff;613028139039195135;-1;8;green
1132;ITA;Sorrento;ITRRO;40.630043;14.375556;881e9d8343fffff;613028139097915391;-1;8;green
1133;ITA;Sorrento;ITRRO;40.630043;14.375556;881e9d836dfffff;613028139141955583;-1;8;green
1134;ITA;Sorrento;ITRRO;40.630043;14.375556;881e9d8361fffff;613028139129372671;-1;8;green
1135;ITA;Sorrento;ITRRO;40.630043;14.375556;881e9d8305fffff;613028139032903679;-1;8;green
1136;ITA;Sorrento;ITRRO;40.630043;14.375556;881e9d830dfffff;613028139041292287;-1;8;green
1137;ITA;Sorrento;ITRRO;40.630043;14.375556;881e9d836bfffff;613028139139858431;-1;8;green
1138;ITA;Sorrento;ITRRO;40.630043;14.375556;881e9d8347fffff;613028139102109695;-1;8;green
1139;ITA;Sorrento;ITRRO;40.630043;14.375556;881e9d8309fffff;613028139037097983;-1;8;green
1140;ITA;Sorrento;ITRRO;40.630043;14.375556;881e9d8355fffff;613028139116789759;-1;8;green
1141;ITA;Sorrento;ITRRO;40.630043;14.375556;881e9d8319fffff;613028139053875199;-1;8;green
1142;ITA;Sorrento;ITRRO;40.630043;14.375556;881e9d8353fffff;613028139114692607;-1;8;green
1143;ITA;Sorrento;ITRRO;40.630043;14.375556;881e9d8357fffff;613028139118886911;-1;8;green
1144;ITA;Sorrento;ITRRO;40.630043;14.375556;881e9d831dfffff;613028139058069503;-1;8;green
1145;ITA;Sorrento;ITRRO;40.630043;14.375556;881e9d8303fffff;613028139030806527;-1;8;green
1146;ITA;Sorrento;ITRRO;40.630043;14.375556;881e9d8301fffff;613028139028709375;-1;8;green
1147;ITA;Talamone;ITTAL;42.556044;11.13584;881eb129d7fffff;613029489483448319;-1;8;green
1148;ITA;Taranto;ITTAR;40.475792;17.220596;881e8bc607fffff;613026920069595135;-1;8;green
1149;ITA;Taranto;ITTAR;40.475792;17.220596;881e8bc75bfffff;613026920426110975;-1;8;green
1150;ITA;Taranto;ITTAR;40.475792;17.220596;881e8bc711fffff;613026920348516351;-1;8;green
1151;ITA;Taranto;ITTAR;40.475792;17.220596;881e8bc717fffff;613026920354807807;-1;8;green
1152;ITA;Taranto;ITTAR;40.475792;17.220596;881e8bc627fffff;613026920103149567;-1;8;green
1153;ITA;Taranto;ITTAR;40.475792;17.220596;881e8bc449fffff;613026919601930239;-1;8;green
1154;ITA;Taranto;ITTAR;40.475792;17.220596;881e8bc441fffff;613026919593541631;-1;8;green
1155;ITA;Taranto;ITTAR;40.475792;17.220596;881e8bc44dfffff;613026919606124543;-1;8;green
1156;ITA;Taranto;ITTAR;40.475792;17.220596;881e8bc445fffff;613026919597735935;-1;8;green
1157;ITA;Taranto;ITTAR;40.475792;17.220596;881e8bc469fffff;613026919635484671;-1;8;green
1158;ITA;Taranto;ITTAR;40.475792;17.220596;881e8bc713fffff;613026920350613503;-1;8;green
1159;ITA;Taranto;ITTAR;40.475792;17.220596;881e8bc71bfffff;613026920359002111;-1;8;green
1160;ITA;Taranto;ITTAR;40.475792;17.220596;881e8bc719fffff;613026920356904959;-1;8;green
1161;ITA;Taranto;ITTAR;40.475792;17.220596;881e8bc71dfffff;613026920361099263;-1;8;green
1162;ITA;Taranto;ITTAR;40.475792;17.220596;881e8bc715fffff;613026920352710655;-1;8;green
1163;ITA;Taranto;ITTAR;40.475792;17.220596;881e8bc703fffff;613026920333836287;-1;8;green
1164;ITA;Taranto;ITTAR;40.475792;17.220596;881e8bc70bfffff;613026920342224895;-1;8;green
1165;ITA;Taranto;ITTAR;40.475792;17.220596;881e8bc755fffff;613026920419819519;-1;8;green
1166;ITA;Taranto;ITTAR;40.475792;17.220596;881e8bc757fffff;613026920421916671;-1;8;green
1167;ITA;Taranto;ITTAR;40.475792;17.220596;881e8bc753fffff;613026920417722367;-1;8;green
1168;ITA;Taranto;ITTAR;40.475792;17.220596;881e8bc62dfffff;613026920109441023;-1;8;green
1169;ITA;Taranto;ITTAR;40.475792;17.220596;881e8bc629fffff;613026920105246719;-1;8;green
1170;ITA;Taranto;ITTAR;40.475792;17.220596;881e8bc62bfffff;613026920107343871;-1;8;green
1171;ITA;Taranto;ITTAR;40.475792;17.220596;881e8bc63dfffff;613026920126218239;-1;8;green
1172;ITA;Taranto;ITTAR;40.475792;17.220596;881e8bc623fffff;613026920098955263;-1;8;green
1173;ITA;Taranto;ITTAR;40.475792;17.220596;881e8bc621fffff;613026920096858111;-1;8;green
1174;ITA;Termini Imerese;ITTRI;37.986252;13.709162;881e9a2131fffff;613027906613936127;-1;8;green
1175;ITA;Termini Imerese;ITTRI;37.986252;13.709162;881e9a2115fffff;613027906584575999;-1;8;green
1176;ITA;Termini Imerese;ITTRI;37.986252;13.709162;881e9a2139fffff;613027906622324735;-1;8;green
1177;ITA;Termini Imerese;ITTRI;37.986252;13.709162;881e9a213bfffff;613027906624421887;-1;8;green
1178;ITA;Termini Imerese;ITTRI;37.986252;13.709162;881e9a2133fffff;613027906616033279;-1;8;green
1179;ITA;Termini Imerese;ITTRI;37.986252;13.709162;881e9a2ad3fffff;613027909199724543;-1;8;green
1180;ITA;Termini Imerese;ITTRI;37.986252;13.709162;881e9a2adbfffff;613027909208113151;-1;8;green
1181;ITA;Termini Imerese;ITTRI;37.986252;13.709162;881e9a2ad9fffff;613027909206015999;-1;8;green
1182;ITA;Termini Imerese;ITTRI;37.986252;13.709162;881e9a2ad1fffff;613027909197627391;-1;8;green
1183;ITA;Termoli;ITTMI;42.003285;15.002828;881e81215bfffff;613026188671057919;-1;8;green
1184;ITA;Terracina;ITTRC;41.283909;13.25688;881e83c2e1fffff;613026369468628991;-1;8;green
1185;ITA;Terracina;ITTRC;41.283909;13.25688;881e83c2e5fffff;613026369472823295;-1;8;green
1186;ITA;Terracina;ITTRC;41.283909;13.25688;881e83c2edfffff;613026369481211903;-1;8;green
1187;ITA;Torre Annunziata;ITTOA;40.747252;14.446394;881e9d9097fffff;613028142675656703;-1;8;green
1188;ITA;Torre Annunziata;ITTOA;40.747252;14.446394;881e9d90bbfffff;613028142713405439;-1;8;green
1189;ITA;Torre Annunziata;ITTOA;40.747252;14.446394;881e9d908bfffff;613028142663073791;-1;8;green
1190;ITA;Torre Annunziata;ITTOA;40.747252;14.446394;881e9d9083fffff;613028142654685183;-1;8;green
1191;ITA;Torre Annunziata;ITTOA;40.747252;14.446394;881e9d909dfffff;613028142681948159;-1;8;green
1192;ITA;Torre Annunziata;ITTOA;40.747252;14.446394;881e9d9095fffff;613028142673559551;-1;8;green
1193;ITA;Torre Annunziata;ITTOA;40.747252;14.446394;881e9d9091fffff;613028142669365247;-1;8;green
1194;ITA;Torre Annunziata;ITTOA;40.747252;14.446394;881e9d972dfffff;613028144443555839;-1;8;green
1195;ITA;Torre Annunziata;ITTOA;40.747252;14.446394;881e9d90d3fffff;613028142738571263;-1;8;green
1196;ITA;Torre Annunziata;ITTOA;40.747252;14.446394;881e9d9549fffff;613028143936045055;-1;8;green
1197;ITA;Torre Annunziata;ITTOA;40.747252;14.446394;881e9d954dfffff;613028143940239359;-1;8;green
1198;ITA;Torre Annunziata;ITTOA;40.747252;14.446394;881e9d9727fffff;613028144437264383;-1;8;green
1199;ITA;Torre Annunziata;ITTOA;40.747252;14.446394;881e9d9725fffff;613028144435167231;-1;8;green
1200;ITA;Torre Annunziata;ITTOA;40.747252;14.446394;881e9d9099fffff;613028142677753855;-1;8;green
1201;ITA;Trapani;ITTPS;38.014424;12.496554;88386d2419fffff;613482211854778367;-1;8;green
1202;ITA;Trapani;ITTPS;38.014424;12.496554;88386d2453fffff;613482211915595775;-1;8;green
1203;ITA;Trapani;ITTPS;38.014424;12.496554;88386d2451fffff;613482211913498623;-1;8;green
1204;ITA;Trapani;ITTPS;38.014424;12.496554;88386d2457fffff;613482211919790079;-1;8;green
1205;ITA;Trapani;ITTPS;38.014424;12.496554;88386d2401fffff;613482211829612543;-1;8;green
1206;ITA;Trapani;ITTPS;38.014424;12.496554;88386d240dfffff;613482211842195455;-1;8;green
1207;ITA;Trapani;ITTPS;38.014424;12.496554;88386d2447fffff;613482211903012863;-1;8;green
1208;ITA;Trapani;ITTPS;38.014424;12.496554;88386d2443fffff;613482211898818559;-1;8;green
1209;ITA;Trapani;ITTPS;38.014424;12.496554;88386d2455fffff;613482211917692927;-1;8;green
1210;ITA;Tremiti;ITTMT;42.119097;15.502177;881e8ccd2bfffff;613026990705868799;-1;8;green
1211;ITA;Tremiti;ITTMT;42.119097;15.502177;881e8ccd05fffff;613026990666022911;-1;8;green
1212;ITA;Tremiti;ITTMT;42.119097;15.502177;881e8ccd29fffff;613026990703771647;-1;8;green
1213;ITA;Tremiti;ITTMT;42.119097;15.502177;881e8ccd67fffff;613026990768783359;-1;8;green
1214;ITA;Tremiti;ITTMT;42.119097;15.502177;881e8ccd2dfffff;613026990707965951;-1;8;green
1215;ITA;Tremiti;ITTMT;42.119097;15.502177;881e8c5257fffff;613026957734445055;-1;8;green
1216;ITA;Tremiti;ITTMT;42.119097;15.502177;881e8c5219fffff;613026957669433343;-1;8;green
1217;ITA;Tremiti;ITTMT;42.119097;15.502177;881e8c521bfffff;613026957671530495;-1;8;green
1218;ITA;Tremiti;ITTMT;42.119097;15.502177;881e8ccd25fffff;613026990699577343;-1;8;green
1219;ITA;Tremiti;ITTMT;42.119097;15.502177;881e8ccd21fffff;613026990695383039;-1;8;green
1220;ITA;Trieste;ITTRS;45.647831;13.752976;881e124369fffff;613018569950625791;-1;8;green
1221;ITA;Trieste;ITTRS;45.647831;13.752976;881e124363fffff;613018569944334335;-1;8;green
1222;ITA;Trieste;ITTRS;45.647831;13.752976;881e12430dfffff;613018569854156799;-1;8;green
1223;ITA;Trieste;ITTRS;45.647831;13.752976;881e124341fffff;613018569908682751;-1;8;green
1224;ITA;Trieste;ITTRS;45.647831;13.752976;881e124343fffff;613018569910779903;-1;8;green
1225;ITA;Trieste;ITTRS;45.647831;13.752976;881e124347fffff;613018569914974207;-1;8;green
1226;ITA;Trieste;ITTRS;45.647831;13.752976;881e124345fffff;613018569912877055;-1;8;green
1227;ITA;Trieste;ITTRS;45.647831;13.752976;881e12434dfffff;613018569921265663;-1;8;green
1228;ITA;Trieste;ITTRS;45.647831;13.752976;881e1251bdfffff;613018573796802559;-1;8;green
1229;ITA;Trieste;ITTRS;45.647831;13.752976;881e1251a3fffff;613018573769539583;-1;8;green
1230;ITA;Trieste;ITTRS;45.647831;13.752976;881e125ad9fffff;613018576242081791;-1;8;green
1231;ITA;Trieste;ITTRS;45.647831;13.752976;881e125adbfffff;613018576244178943;-1;8;green
1232;ITA;Trieste;ITTRS;45.647831;13.752976;881e1251e5fffff;613018573838745599;-1;8;green
1233;ITA;Trieste;ITTRS;45.647831;13.752976;881e1251e1fffff;613018573834551295;-1;8;green
1234;ITA;Trieste;ITTRS;45.647831;13.752976;881e1251e7fffff;613018573840842751;-1;8;green
1235;ITA;Trieste;ITTRS;45.647831;13.752976;881e1251e3fffff;613018573836648447;-1;8;green
1236;ITA;Trieste;ITTRS;45.647831;13.752976;881e125185fffff;613018573738082303;-1;8;green
1237;ITA;Trieste;ITTRS;45.647831;13.752976;881e1251abfffff;613018573777928191;-1;8;green
1238;ITA;Trieste;ITTRS;45.647831;13.752976;881e1251a1fffff;613018573767442431;-1;8;green
1239;ITA;Trieste;ITTRS;45.647831;13.752976;881e1251a5fffff;613018573771636735;-1;8;green
1240;ITA;Trieste;ITTRS;45.647831;13.752976;881e125a9bfffff;613018576177070079;-1;8;green
1241;ITA;Trieste;ITTRS;45.647831;13.752976;881e1251a7fffff;613018573773733887;-1;8;green
1242;ITA;Ustica;ITUST;38.708697;13.196089;881e9a9431fffff;613027937484013567;-1;8;green
1243;ITA;Ustica;ITUST;38.708697;13.196089;881e9a95ddfffff;613027937932804095;-1;8;green
1244;ITA;Ustica;ITUST;38.708697;13.196089;881e9a9437fffff;613027937490305023;-1;8;green
1245;ITA;Vasto;ITVSO;42.100047;14.722997;881e8105c3fffff;613026181263917055;-1;8;green
1246;ITA;Venezia;ITVCE;45.440386;12.311471;881ea541b1fffff;613028671252332543;-1;8;green
1247;ITA;Venezia;ITVCE;45.440386;12.311471;881ea54183fffff;613028671204098047;-1;8;green
1248;ITA;Venezia;ITVCE;45.440386;12.311471;881ea54195fffff;613028671222972415;-1;8;green
1249;ITA;Venezia;ITVCE;45.440386;12.311471;881ea54e6dfffff;613028674670690303;-1;8;green
1250;ITA;Venezia;ITVCE;45.440386;12.311471;881ea54e65fffff;613028674662301695;-1;8;green
1251;ITA;Venezia;ITVCE;45.440386;12.311471;881ea54e61fffff;613028674658107391;-1;8;green
1252;ITA;Venezia;ITVCE;45.440386;12.311471;881ea54e69fffff;613028674666495999;-1;8;green
1253;ITA;Venezia;ITVCE;45.440386;12.311471;881ea54199fffff;613028671227166719;-1;8;green
1254;ITA;Venezia;ITVCE;45.440386;12.311471;881ea5419bfffff;613028671229263871;-1;8;green
1255;ITA;Venezia;ITVCE;45.440386;12.311471;881ea54193fffff;613028671220875263;-1;8;green
1256;ITA;Venezia;ITVCE;45.440386;12.311471;881ea54191fffff;613028671218778111;-1;8;green
1257;ITA;Venezia;ITVCE;45.440386;12.311471;881ea54197fffff;613028671225069567;-1;8;green
1258;ITA;Venezia;ITVCE;45.440386;12.311471;881ea541bbfffff;613028671262818303;-1;8;green
1259;ITA;Venezia;ITVCE;45.440386;12.311471;881ea541b3fffff;613028671254429695;-1;8;green
1260;ITA;Venezia;ITVCE;45.440386;12.311471;881ea54f59fffff;613028674918154239;-1;8;green
1261;ITA;Venezia;ITVCE;45.440386;12.311471;881ea54f43fffff;613028674895085567;-1;8;green
1262;ITA;Venezia;ITVCE;45.440386;12.311471;881ea54f5dfffff;613028674922348543;-1;8;green
1263;ITA;Venezia;ITVCE;45.440386;12.311471;881ea541b7fffff;613028671258623999;-1;8;green
1264;ITA;Venezia;ITVCE;45.440386;12.311471;881ea541b5fffff;613028671256526847;-1;8;green
1265;ITA;Venezia;ITVCE;45.440386;12.311471;881ea54185fffff;613028671206195199;-1;8;green
1266;ITA;Venezia;ITVCE;45.440386;12.311471;881ea541a9fffff;613028671243943935;-1;8;green
1267;ITA;Venezia;ITVCE;45.440386;12.311471;881ea541abfffff;613028671246041087;-1;8;green
1268;ITA;Venezia;ITVCE;45.440386;12.311471;881ea541a3fffff;613028671237652479;-1;8;green
1269;ITA;Venezia;ITVCE;45.440386;12.311471;881ea541bdfffff;613028671264915455;-1;8;green
1270;ITA;Venezia;ITVCE;45.440386;12.311471;881ea54187fffff;613028671208292351;-1;8;green
1271;ITA;Ventotene;ITVTT;40.80002;13.433854;881e8340a3fffff;613026334507007999;-1;8;green
1272;ITA;Ventotene;ITVTT;40.80002;13.433854;881e8340abfffff;613026334515396607;-1;8;green
1273;ITA;Ventotene;ITVTT;40.80002;13.433854;881e8340a1fffff;613026334504910847;-1;8;green
1274;ITA;Viareggio;ITVIA;43.859232;10.240464;881eb5ad49fffff;613029799645937663;-1;8;green
1275;ITA;Viareggio;ITVIA;43.859232;10.240464;881eb5ad41fffff;613029799637549055;-1;8;green
1276;ITA;Viareggio;ITVIA;43.859232;10.240464;881eb5a891fffff;613029798379257855;-1;8;green
1277;ITA;Viareggio;ITVIA;43.859232;10.240464;881eb5af25fffff;613029800145059839;-1;8;green
1278;ITA;Viareggio;ITVIA;43.859232;10.240464;881eb5a89bfffff;613029798389743615;-1;8;green
1279;ITA;Viareggio;ITVIA;43.859232;10.240464;881eb5a893fffff;613029798381355007;-1;8;green
1280;ITA;Viareggio;ITVIA;43.859232;10.240464;881eb5ad45fffff;613029799641743359;-1;8;green
1281;ITA;Viareggio;ITVIA;43.859232;10.240464;881eb5ad4dfffff;613029799650131967;-1;8;green
1282;ITA;Vieste;ITVIE;41.887568;16.178606;881e8c750dfffff;613026967052091391;-1;8;green
1283;ITA;Vieste;ITVIE;41.887568;16.178606;881e8c7501fffff;613026967039508479;-1;8;green
1284;ITA;Vulcano porto;ITVUL;38.415394;14.961727;881e9ba80bfffff;613028011532353535;-1;8;green
1285;ITA;Vulcano porto;ITVUL;38.415394;14.961727;881e9ba857fffff;613028011612045311;-1;8;green
1286;ITA;Vulcano porto;ITVUL;38.415394;14.961727;881e9ba859fffff;613028011614142463;-1;8;green
1287;ITA;Vulcano porto;ITVUL;38.415394;14.961727;881e9ba851fffff;613028011605753855;-1;8;green
1288;ITA;Vulcano porto;ITVUL;38.415394;14.961727;881e9ba855fffff;613028011609948159;-1;8;green
1289;ITA;Vulcano porto;ITVUL;38.415394;14.961727;881e9ba85dfffff;613028011618336767;-1;8;green
1290;ITA;Vulcano porto;ITVUL;38.415394;14.961727;881e9ba843fffff;613028011591073791;-1;8;green
1291;ITA;Vulcano porto;ITVUL;38.415394;14.961727;881e9ba841fffff;613028011588976639;-1;8;green
1292;ITA;Vulcano porto;ITVUL;38.415394;14.961727;881e9ba84dfffff;613028011601559551;-1;8;green
1293;ITA;Vulcano porto;ITVUL;38.415394;14.961727;881e9ba845fffff;613028011593170943;-1;8;green
1294;ITA;Vulcano porto;ITVUL;38.415394;14.961727;881e9ba847fffff;613028011595268095;-1;8;green
1295;ITA;Vulcano porto;ITVUL;38.415394;14.961727;881e9ba809fffff;613028011530256383;-1;8;green
1296;ITA;Alghero;ITAHO;40.565586;8.305476;883949389dfffff;613497335646781439;-1;8;green
1297;ITA;Alghero;ITAHO;40.565586;8.305476;8839493889fffff;613497335625809919;-1;8;green
1298;ITA;Alghero;ITAHO;40.565586;8.305476;883949388bfffff;613497335627907071;-1;8;green
1299;ITA;Augusta;ITAUG;37.236401;15.216821;883f3519c1fffff;613601506089762815;-1;8;green
1300;ITA;Augusta;ITAUG;37.236401;15.216821;883f3519ebfffff;613601506133803007;-1;8;green
1301;ITA;Augusta;ITAUG;37.236401;15.216821;883f35198dfffff;613601506035236863;-1;8;green
1302;ITA;Augusta;ITAUG;37.236401;15.216821;883f3556d9fffff;613601522489491455;-1;8;green
1303;ITA;Augusta;ITAUG;37.236401;15.216821;883f3519a3fffff;613601506058305535;-1;8;green
1304;ITA;Augusta;ITAUG;37.236401;15.216821;883f3519a9fffff;613601506064596991;-1;8;green
1305;ITA;Augusta;ITAUG;37.236401;15.216821;883f3519a1fffff;613601506056208383;-1;8;green
1306;ITA;Augusta;ITAUG;37.236401;15.216821;883f3519adfffff;613601506068791295;-1;8;green
1307;ITA;Augusta;ITAUG;37.236401;15.216821;883f3556dbfffff;613601522491588607;-1;8;green
1308;ITA;Augusta;ITAUG;37.236401;15.216821;883f3519e5fffff;613601506127511551;-1;8;green
1309;ITA;Augusta;ITAUG;37.236401;15.216821;883f3519e7fffff;613601506129608703;-1;8;green
1310;ITA;Augusta;ITAUG;37.236401;15.216821;883f3519e3fffff;613601506125414399;-1;8;green
1311;ITA;Augusta;ITAUG;37.236401;15.216821;883f3519e1fffff;613601506123317247;-1;8;green
1312;ITA;Augusta;ITAUG;37.236401;15.216821;883f3519edfffff;613601506135900159;-1;8;green
1313;ITA;Augusta;ITAUG;37.236401;15.216821;883f351913fffff;613601505907310591;-1;8;green
1314;ITA;Augusta;ITAUG;37.236401;15.216821;883f351917fffff;613601505911504895;-1;8;green
1315;ITA;Augusta;ITAUG;37.236401;15.216821;883f3519e9fffff;613601506131705855;-1;8;green
1316;ITA;Augusta;ITAUG;37.236401;15.216821;883f3519c5fffff;613601506093957119;-1;8;green
1317;ITA;Augusta;ITAUG;37.236401;15.216821;883f3519c7fffff;613601506096054271;-1;8;green
1318;ITA;Augusta;ITAUG;37.236401;15.216821;883f351989fffff;613601506031042559;-1;8;green
1319;ITA;Augusta;ITAUG;37.236401;15.216821;883f3519c3fffff;613601506091859967;-1;8;green
1320;ITA;Augusta;ITAUG;37.236401;15.216821;883f3519cdfffff;613601506102345727;-1;8;green
1321;ITA;Augusta;ITAUG;37.236401;15.216821;883f351985fffff;613601506026848255;-1;8;green
1322;ITA;Augusta;ITAUG;37.236401;15.216821;883f351981fffff;613601506022653951;-1;8;green
1323;ITA;Augusta;ITAUG;37.236401;15.216821;883f35198bfffff;613601506033139711;-1;8;green
1324;ITA;Augusta;ITAUG;37.236401;15.216821;883f3519d5fffff;613601506110734335;-1;8;green
1325;ITA;Augusta;ITAUG;37.236401;15.216821;883f3519ddfffff;613601506119122943;-1;8;green
1326;ITA;Augusta;ITAUG;37.236401;15.216821;883f3519cbfffff;613601506100248575;-1;8;green
1327;ITA;Augusta;ITAUG;37.236401;15.216821;883f3519c9fffff;613601506098151423;-1;8;green
1328;ITA;Augusta;ITAUG;37.236401;15.216821;883f351827fffff;613601505659846655;-1;8;green
1329;ITA;Augusta;ITAUG;37.236401;15.216821;883f35191bfffff;613601505915699199;-1;8;green
1330;ITA;Augusta;ITAUG;37.236401;15.216821;883f351911fffff;613601505905213439;-1;8;green
1331;ITA;Augusta;ITAUG;37.236401;15.216821;883f3519abfffff;613601506066694143;-1;8;green
1332;ITA;Augusta;ITAUG;37.236401;15.216821;883f351987fffff;613601506028945407;-1;8;green
1333;ITA;Augusta;ITAUG;37.236401;15.216821;883f351983fffff;613601506024751103;-1;8;green
1334;ITA;Augusta;ITAUG;37.236401;15.216821;883f35199dfffff;613601506052014079;-1;8;green
1335;ITA;Augusta;ITAUG;37.236401;15.216821;883f3519d7fffff;613601506112831487;-1;8;green
1336;ITA;Augusta;ITAUG;37.236401;15.216821;883f3519d1fffff;613601506106540031;-1;8;green
1337;ITA;Augusta;ITAUG;37.236401;15.216821;883f3519d9fffff;613601506114928639;-1;8;green
1338;ITA;Augusta;ITAUG;37.236401;15.216821;883f351837fffff;613601505676623871;-1;8;green
1339;ITA;Augusta;ITAUG;37.236401;15.216821;883f351835fffff;613601505674526719;-1;8;green
1340;ITA;Augusta;ITAUG;37.236401;15.216821;883f351823fffff;613601505655652351;-1;8;green
1341;ITA;Augusta;ITAUG;37.236401;15.216821;883f351821fffff;613601505653555199;-1;8;green
1342;ITA;Augusta;ITAUG;37.236401;15.216821;883f351825fffff;613601505657749503;-1;8;green
1343;ITA;Augusta;ITAUG;37.236401;15.216821;883f351919fffff;613601505913602047;-1;8;green
1344;ITA;Augusta;ITAUG;37.236401;15.216821;883f35191dfffff;613601505917796351;-1;8;green
1345;ITA;Augusta;ITAUG;37.236401;15.216821;883f351915fffff;613601505909407743;-1;8;green
1346;ITA;Augusta;ITAUG;37.236401;15.216821;883f35193bfffff;613601505949253631;-1;8;green
1347;ITA;Augusta;ITAUG;37.236401;15.216821;883f351933fffff;613601505940865023;-1;8;green
1348;ITA;Augusta;ITAUG;37.236401;15.216821;883f3519bdfffff;613601506085568511;-1;8;green
1349;ITA;Augusta;ITAUG;37.236401;15.216821;883f3519b9fffff;613601506081374207;-1;8;green
1350;ITA;Augusta;ITAUG;37.236401;15.216821;883f351995fffff;613601506043625471;-1;8;green
1351;ITA;Augusta;ITAUG;37.236401;15.216821;883f351991fffff;613601506039431167;-1;8;green
1352;ITA;Augusta;ITAUG;37.236401;15.216821;883f351999fffff;613601506047819775;-1;8;green
1353;ITA;Augusta;ITAUG;37.236401;15.216821;883f3519d3fffff;613601506108637183;-1;8;green
1354;ITA;Augusta;ITAUG;37.236401;15.216821;883f3519dbfffff;613601506117025791;-1;8;green
1355;ITA;Augusta;ITAUG;37.236401;15.216821;883f3518e5fffff;613601505859076095;-1;8;green
1356;ITA;Augusta;ITAUG;37.236401;15.216821;883f351833fffff;613601505672429567;-1;8;green
1357;ITA;Augusta;ITAUG;37.236401;15.216821;883f351831fffff;613601505670332415;-1;8;green
1358;ITA;Augusta;ITAUG;37.236401;15.216821;883f35183dfffff;613601505682915327;-1;8;green
1359;ITA;Augusta;ITAUG;37.236401;15.216821;883f35182bfffff;613601505664040959;-1;8;green
1360;ITA;Augusta;ITAUG;37.236401;15.216821;883f351829fffff;613601505661943807;-1;8;green
1361;ITA;Augusta;ITAUG;37.236401;15.216821;883f35182dfffff;613601505666138111;-1;8;green
1362;ITA;Augusta;ITAUG;37.236401;15.216821;883f351953fffff;613601505974419455;-1;8;green
1363;ITA;Augusta;ITAUG;37.236401;15.216821;883f351957fffff;613601505978613759;-1;8;green
1364;ITA;Augusta;ITAUG;37.236401;15.216821;883f35190bfffff;613601505898921983;-1;8;green
1365;ITA;Augusta;ITAUG;37.236401;15.216821;883f351903fffff;613601505890533375;-1;8;green
1366;ITA;Augusta;ITAUG;37.236401;15.216821;883f351939fffff;613601505947156479;-1;8;green
1367;ITA;Augusta;ITAUG;37.236401;15.216821;883f351931fffff;613601505938767871;-1;8;green
1368;ITA;Augusta;ITAUG;37.236401;15.216821;883f351937fffff;613601505945059327;-1;8;green
1369;ITA;Augusta;ITAUG;37.236401;15.216821;883f3556ddfffff;613601522493685759;-1;8;green
1370;ITA;Augusta;ITAUG;37.236401;15.216821;883f3556d1fffff;613601522481102847;-1;8;green
1371;ITA;Augusta;ITAUG;37.236401;15.216821;883f3556d3fffff;613601522483199999;-1;8;green
1372;ITA;Augusta;ITAUG;37.236401;15.216821;883f3519a5fffff;613601506060402687;-1;8;green
1373;ITA;Augusta;ITAUG;37.236401;15.216821;883f3519a7fffff;613601506062499839;-1;8;green
1374;ITA;Augusta;ITAUG;37.236401;15.216821;883f350b49fffff;613601502205837311;-1;8;green
1375;ITA;Augusta;ITAUG;37.236401;15.216821;883f3519b5fffff;613601506077179903;-1;8;green
1376;ITA;Augusta;ITAUG;37.236401;15.216821;883f3519b1fffff;613601506072985599;-1;8;green
1377;ITA;Augusta;ITAUG;37.236401;15.216821;883f3519bbfffff;613601506083471359;-1;8;green
1378;ITA;Augusta;ITAUG;37.236401;15.216821;883f351997fffff;613601506045722623;-1;8;green
1379;ITA;Augusta;ITAUG;37.236401;15.216821;883f351993fffff;613601506041528319;-1;8;green
1380;ITA;Augusta;ITAUG;37.236401;15.216821;883f35199bfffff;613601506049916927;-1;8;green
1381;ITA;Augusta;ITAUG;37.236401;15.216821;883f3518a5fffff;613601505791967231;-1;8;green
1382;ITA;Augusta;ITAUG;37.236401;15.216821;883f3518adfffff;613601505800355839;-1;8;green
1383;ITA;Augusta;ITAUG;37.236401;15.216821;883f3518e7fffff;613601505861173247;-1;8;green
1384;ITA;Augusta;ITAUG;37.236401;15.216821;883f3518e1fffff;613601505854881791;-1;8;green
1385;ITA;Augusta;ITAUG;37.236401;15.216821;883f3518edfffff;613601505867464703;-1;8;green
1386;ITA;Augusta;ITAUG;37.236401;15.216821;883f35183bfffff;613601505680818175;-1;8;green
1387;ITA;Augusta;ITAUG;37.236401;15.216821;883f351839fffff;613601505678721023;-1;8;green
1388;ITA;Augusta;ITAUG;37.236401;15.216821;883f351807fffff;613601505626292223;-1;8;green
1389;ITA;Augusta;ITAUG;37.236401;15.216821;883f351805fffff;613601505624195071;-1;8;green
1390;ITA;Augusta;ITAUG;37.236401;15.216821;883f351863fffff;613601505722761215;-1;8;green
1391;ITA;Augusta;ITAUG;37.236401;15.216821;883f351867fffff;613601505726955519;-1;8;green
1392;ITA;Augusta;ITAUG;37.236401;15.216821;883f35195bfffff;613601505982808063;-1;8;green
1393;ITA;Augusta;ITAUG;37.236401;15.216821;883f351951fffff;613601505972322303;-1;8;green
1394;ITA;Augusta;ITAUG;37.236401;15.216821;883f351955fffff;613601505976516607;-1;8;green
1395;ITA;Augusta;ITAUG;37.236401;15.216821;883f351909fffff;613601505896824831;-1;8;green
1396;ITA;Augusta;ITAUG;37.236401;15.216821;883f351901fffff;613601505888436223;-1;8;green
1397;ITA;Augusta;ITAUG;37.236401;15.216821;883f351907fffff;613601505894727679;-1;8;green
1398;ITA;Augusta;ITAUG;37.236401;15.216821;883f35193dfffff;613601505951350783;-1;8;green
1399;ITA;Augusta;ITAUG;37.236401;15.216821;883f351935fffff;613601505942962175;-1;8;green
1400;ITA;Augusta;ITAUG;37.236401;15.216821;883f3556cbfffff;613601522474811391;-1;8;green
1401;ITA;Augusta;ITAUG;37.236401;15.216821;883f3556c3fffff;613601522466422783;-1;8;green
1402;ITA;Augusta;ITAUG;37.236401;15.216821;883f3556d5fffff;613601522485297151;-1;8;green
1403;ITA;Augusta;ITAUG;37.236401;15.216821;883f3556d7fffff;613601522487394303;-1;8;green
1404;ITA;Augusta;ITAUG;37.236401;15.216821;883f355699fffff;613601522422382591;-1;8;green
1405;ITA;Augusta;ITAUG;37.236401;15.216821;883f35569bfffff;613601522424479743;-1;8;green
1406;ITA;Augusta;ITAUG;37.236401;15.216821;883f350b4dfffff;613601502210031615;-1;8;green
1407;ITA;Augusta;ITAUG;37.236401;15.216821;883f350b41fffff;613601502197448703;-1;8;green
1408;ITA;Augusta;ITAUG;37.236401;15.216821;883f350b4bfffff;613601502207934463;-1;8;green
1409;ITA;Augusta;ITAUG;37.236401;15.216821;883f3519b7fffff;613601506079277055;-1;8;green
1410;ITA;Augusta;ITAUG;37.236401;15.216821;883f3519b3fffff;613601506075082751;-1;8;green
1411;ITA;Augusta;ITAUG;37.236401;15.216821;883f350a6dfffff;613601501975150591;-1;8;green
1412;ITA;Augusta;ITAUG;37.236401;15.216821;883f350a69fffff;613601501970956287;-1;8;green
1413;ITA;Augusta;ITAUG;37.236401;15.216821;883f350a45fffff;613601501933207551;-1;8;green
1414;ITA;Augusta;ITAUG;37.236401;15.216821;883f350a4dfffff;613601501941596159;-1;8;green
1415;ITA;Augusta;ITAUG;37.236401;15.216821;883f3518a7fffff;613601505794064383;-1;8;green
1416;ITA;Augusta;ITAUG;37.236401;15.216821;883f3518a1fffff;613601505787772927;-1;8;green
1417;ITA;Augusta;ITAUG;37.236401;15.216821;883f3518a9fffff;613601505796161535;-1;8;green
1418;ITA;Augusta;ITAUG;37.236401;15.216821;883f3518e3fffff;613601505856978943;-1;8;green
1419;ITA;Augusta;ITAUG;37.236401;15.216821;883f3518ebfffff;613601505865367551;-1;8;green
1420;ITA;Augusta;ITAUG;37.236401;15.216821;883f3518e9fffff;613601505863270399;-1;8;green
1421;ITA;Augusta;ITAUG;37.236401;15.216821;883f351817fffff;613601505643069439;-1;8;green
1422;ITA;Augusta;ITAUG;37.236401;15.216821;883f351815fffff;613601505640972287;-1;8;green
1423;ITA;Augusta;ITAUG;37.236401;15.216821;883f351803fffff;613601505622097919;-1;8;green
1424;ITA;Augusta;ITAUG;37.236401;15.216821;883f351801fffff;613601505620000767;-1;8;green
1425;ITA;Augusta;ITAUG;37.236401;15.216821;883f35180dfffff;613601505632583679;-1;8;green
1426;ITA;Bari;ITBRI;41.132375;16.853099;881e880f17fffff;613026664804253695;-1;8;green
1427;ITA;Bari;ITBRI;41.132375;16.853099;881e880f13fffff;613026664800059391;-1;8;green
1428;ITA;Bari;ITBRI;41.132375;16.853099;881e880f11fffff;613026664797962239;-1;8;green
1429;ITA;Bari;ITBRI;41.132375;16.853099;881e880f1dfffff;613026664810545151;-1;8;green
1430;ITA;Bari;ITBRI;41.132375;16.853099;881e880f15fffff;613026664802156543;-1;8;green
1431;ITA;Carloforte;ITCLF;39.145672;8.316666;883865b121fffff;613481699956752383;-1;8;green
1432;ITA;Carloforte;ITCLF;39.145672;8.316666;883865b129fffff;613481699965140991;-1;8;green
1433;ITA;Carloforte;ITCLF;39.145672;8.316666;883865b12bfffff;613481699967238143;-1;8;green
1434;ITA;Castellammare del Golfo;ITCTR;38.033684;12.884636;881e9a544dfffff;613027920333504511;-1;8;green
1435;ITA;Castellammare del Golfo;ITCTR;38.033684;12.884636;881e9a5469fffff;613027920362864639;-1;8;green
1436;ITA;Castellammare del Golfo;ITCTR;38.033684;12.884636;881e9a5447fffff;613027920327213055;-1;8;green
1437;ITA;Castellammare del Golfo;ITCTR;38.033684;12.884636;881e9a5445fffff;613027920325115903;-1;8;green
1438;ITA;Catania;ITCTA;37.495771;15.096146;883f35c643fffff;613601552396976127;-1;8;green
1439;ITA;Catania;ITCTA;37.495771;15.096146;883f35c609fffff;613601552336158719;-1;8;green
1440;ITA;Catania;ITCTA;37.495771;15.096146;883f35c60bfffff;613601552338255871;-1;8;green
1441;ITA;Catania;ITCTA;37.495771;15.096146;883f35c653fffff;613601552413753343;-1;8;green
1442;ITA;Catania;ITCTA;37.495771;15.096146;883f35892dfffff;613601535999344639;-1;8;green
1443;ITA;Catania;ITCTA;37.495771;15.096146;883f35c61bfffff;613601552355033087;-1;8;green
1444;ITA;Catania;ITCTA;37.495771;15.096146;883f358927fffff;613601535993053183;-1;8;green
1445;ITA;Catania;ITCTA;37.495771;15.096146;883f358925fffff;613601535990956031;-1;8;green
1446;ITA;Catania;ITCTA;37.495771;15.096146;883f35c619fffff;613601552352935935;-1;8;green
1447;ITA;Catania;ITCTA;37.495771;15.096146;883f35c617fffff;613601552350838783;-1;8;green
1448;ITA;Catania;ITCTA;37.495771;15.096146;883f35c615fffff;613601552348741631;-1;8;green
1449;ITA;Catania;ITCTA;37.495771;15.096146;883f35c61dfffff;613601552357130239;-1;8;green
1450;ITA;Catania;ITCTA;37.495771;15.096146;883f35c657fffff;613601552417947647;-1;8;green
1451;ITA;Catania;ITCTA;37.495771;15.096146;883f35c655fffff;613601552415850495;-1;8;green
1452;ITA;Filicudi Porto;ITFPO;38.5583;14.565953;881e9b8f5bfffff;613028004905353215;-1;8;green
1453;ITA;Filicudi Porto;ITFPO;38.5583;14.565953;881e9b8f0bfffff;613028004821467135;-1;8;green
1454;ITA;Filicudi Porto;ITFPO;38.5583;14.565953;881e9b8f1dfffff;613028004840341503;-1;8;green
1455;ITA;Filicudi Porto;ITFPO;38.5583;14.565953;881e9b8f57fffff;613028004901158911;-1;8;green
1456;ITA;Filicudi Porto;ITFPO;38.5583;14.565953;881e9b8f53fffff;613028004896964607;-1;8;green
1457;ITA;Filicudi Porto;ITFPO;38.5583;14.565953;881e9b8f51fffff;613028004894867455;-1;8;green
1458;ITA;Filicudi Porto;ITFPO;38.5583;14.565953;881e9b8f55fffff;613028004899061759;-1;8;green
1459;ITA;Filicudi Porto;ITFPO;38.5583;14.565953;881e9b8f47fffff;613028004884381695;-1;8;green
1460;ITA;Filicudi Porto;ITFPO;38.5583;14.565953;881e9b8f0dfffff;613028004823564287;-1;8;green
1461;ITA;Filicudi Porto;ITFPO;38.5583;14.565953;881e9b8f09fffff;613028004819369983;-1;8;green
1462;ITA;Giulianova;ITGUI;42.755174;13.97766;881e8574a1fffff;613026485902508031;-1;8;green
1463;ITA;Golfo Aranci;ITGAI;40.996029;9.621632;881e94a841fffff;613027530552639487;-1;8;green
1464;ITA;Golfo Aranci;ITGAI;40.996029;9.621632;881e94a865fffff;613027530590388223;-1;8;green
1465;ITA;Golfo Aranci;ITGAI;40.996029;9.621632;881e94ab33fffff;613027531343265791;-1;8;green
1466;ITA;Golfo Aranci;ITGAI;40.996029;9.621632;881e94a86dfffff;613027530598776831;-1;8;green
1467;ITA;Golfo Aranci;ITGAI;40.996029;9.621632;881e94a869fffff;613027530594582527;-1;8;green
1468;ITA;Golfo Aranci;ITGAI;40.996029;9.621632;881e94a845fffff;613027530556833791;-1;8;green
1469;ITA;Golfo Aranci;ITGAI;40.996029;9.621632;881e94a84dfffff;613027530565222399;-1;8;green
1470;ITA;Lampedusa;ITLMP;35.498315;12.603861;88384d8f53fffff;613480041614934015;-1;8;green
1471;ITA;Lampedusa;ITLMP;35.498315;12.603861;88384d8f5bfffff;613480041623322623;-1;8;green
1472;ITA;Licata;ITLIC;37.091465;13.938116;883f3408c9fffff;613601432815271935;-1;8;green
1473;ITA;Licata;ITLIC;37.091465;13.938116;883f3408cdfffff;613601432819466239;-1;8;green
1474;ITA;Linosa;ITLIU;35.855636;12.86393;883f36416bfffff;613601585456480255;-1;8;green
1475;ITA;Linosa;ITLIU;35.855636;12.86393;883f36410dfffff;613601585357914111;-1;8;green
1476;ITA;Lipari;ITLIP;38.464708;14.957676;881e9baa39fffff;613028012117458943;-1;8;green
1477;ITA;Lipari;ITLIP;38.464708;14.957676;881e9baa17fffff;613028012081807359;-1;8;green
1478;ITA;Lipari;ITLIP;38.464708;14.957676;881e9ba125fffff;613028009680568319;-1;8;green
1479;ITA;Lipari;ITLIP;38.464708;14.957676;881e9baa5bfffff;613028012153110527;-1;8;green
1480;ITA;Lipari;ITLIP;38.464708;14.957676;881e9baa59fffff;613028012151013375;-1;8;green
1481;ITA;Lipari;ITLIP;38.464708;14.957676;881e9baa55fffff;613028012146819071;-1;8;green
1482;ITA;Lipari;ITLIP;38.464708;14.957676;881e9baa51fffff;613028012142624767;-1;8;green
1483;ITA;Lipari;ITLIP;38.464708;14.957676;881e9baa57fffff;613028012148916223;-1;8;green
1484;ITA;Lipari;ITLIP;38.464708;14.957676;881e9baa1dfffff;613028012088098815;-1;8;green
1485;ITA;Lipari;ITLIP;38.464708;14.957676;881e9baa19fffff;613028012083904511;-1;8;green
1486;ITA;Lipari;ITLIP;38.464708;14.957676;881e9baa1bfffff;613028012086001663;-1;8;green
1487;ITA;Lipari;ITLIP;38.464708;14.957676;881e9baa13fffff;613028012077613055;-1;8;green
1488;ITA;Lipari;ITLIP;38.464708;14.957676;881e9baa11fffff;613028012075515903;-1;8;green
1489;ITA;Lipari;ITLIP;38.464708;14.957676;881e9baa15fffff;613028012079710207;-1;8;green
1490;ITA;Lipari;ITLIP;38.464708;14.957676;881e9baa03fffff;613028012060835839;-1;8;green
1491;ITA;Lipari;ITLIP;38.464708;14.957676;881e9baa01fffff;613028012058738687;-1;8;green
1492;ITA;Lipari;ITLIP;38.464708;14.957676;881e9baa0bfffff;613028012069224447;-1;8;green
1493;ITA;Livorno;ITLIV;43.549082;10.312678;881eb52acbfffff;613029764617207807;-1;8;green
1494;ITA;Livorno;ITLIV;43.549082;10.312678;881eb52ac7fffff;613029764613013503;-1;8;green
1495;ITA;Livorno;ITLIV;43.549082;10.312678;881eb52ac1fffff;613029764606722047;-1;8;green
1496;ITA;Livorno;ITLIV;43.549082;10.312678;881eb52ae9fffff;613029764648665087;-1;8;green
1497;ITA;Livorno;ITLIV;43.549082;10.312678;881eb52a13fffff;613029764424269823;-1;8;green
1498;ITA;Livorno;ITLIV;43.549082;10.312678;881eb52acdfffff;613029764619304959;-1;8;green
1499;ITA;Livorno;ITLIV;43.549082;10.312678;881eb52ac9fffff;613029764615110655;-1;8;green
1500;ITA;Livorno;ITLIV;43.549082;10.312678;881eb52123fffff;613029762025127935;-1;8;green
1501;ITA;Livorno;ITLIV;43.549082;10.312678;881eb52131fffff;613029762039807999;-1;8;green
1502;ITA;Livorno;ITLIV;43.549082;10.312678;881eb52133fffff;613029762041905151;-1;8;green
1503;ITA;Livorno;ITLIV;43.549082;10.312678;881eb5213bfffff;613029762050293759;-1;8;green
1504;ITA;Livorno;ITLIV;43.549082;10.312678;881eb5210bfffff;613029761999962111;-1;8;green
1505;ITA;Livorno;ITLIV;43.549082;10.312678;881eb52101fffff;613029761989476351;-1;8;green
1506;ITA;Livorno;ITLIV;43.549082;10.312678;881eb52103fffff;613029761991573503;-1;8;green
1507;ITA;Livorno;ITLIV;43.549082;10.312678;881eb5211dfffff;613029762018836479;-1;8;green
1508;ITA;Livorno;ITLIV;43.549082;10.312678;881eb52111fffff;613029762006253567;-1;8;green
1509;ITA;Livorno;ITLIV;43.549082;10.312678;881eb52115fffff;613029762010447871;-1;8;green
1510;ITA;Livorno;ITLIV;43.549082;10.312678;881eb52139fffff;613029762048196607;-1;8;green
1511;ITA;Livorno;ITLIV;43.549082;10.312678;881eb52107fffff;613029761995767807;-1;8;green
1512;ITA;Livorno;ITLIV;43.549082;10.312678;881eb5213dfffff;613029762052390911;-1;8;green
1513;ITA;Livorno;ITLIV;43.549082;10.312678;881eb52135fffff;613029762044002303;-1;8;green
1514;ITA;Livorno;ITLIV;43.549082;10.312678;881eb52137fffff;613029762046099455;-1;8;green
1515;ITA;Marsala;ITMRA;37.787424;12.436661;88386d2d9dfffff;613482214409109503;-1;8;green
1516;ITA;Marsala;ITMRA;37.787424;12.436661;88386d2d95fffff;613482214400720895;-1;8;green
1517;ITA;Mazara Del Vallo;ITMAZ;37.647691;12.582915;8838698669fffff;613481963367432191;-1;8;green
1518;ITA;Mazara Del Vallo;ITMAZ;37.647691;12.582915;883869866bfffff;613481963369529343;-1;8;green
1519;ITA;Messina;ITMSN;38.19648;15.562839;883f26526bfffff;613600490508255231;-1;8;green
1520;ITA;Messina;ITMSN;38.19648;15.562839;883f26520dfffff;613600490409689087;-1;8;green
1521;ITA;Messina;ITMSN;38.19648;15.562839;883f265263fffff;613600490499866623;-1;8;green
1522;ITA;Messina;ITMSN;38.19648;15.562839;883f265229fffff;613600490439049215;-1;8;green
1523;ITA;Messina;ITMSN;38.19648;15.562839;883f26535bfffff;613600490759913471;-1;8;green
1524;ITA;Messina;ITMSN;38.19648;15.562839;883f26522dfffff;613600490443243519;-1;8;green
1525;ITA;Messina;ITMSN;38.19648;15.562839;883f265267fffff;613600490504060927;-1;8;green
1526;ITA;Ginostra;ITGOS;38.78535;15.18990278;881e99792dfffff;613027861512585215;-1;8;green
1527;ITA;Ginostra;ITGOS;38.78535;15.18990278;881e997929fffff;613027861508390911;-1;8;green
1528;ITA;Tremestieri;ITZVK;38.1331;15.52479722;883f26533dfffff;613600490728456191;-1;8;green
1529;ITA;Tremestieri;ITZVK;38.1331;15.52479722;883f265331fffff;613600490715873279;-1;8;green
1530;ITA;Tremestieri;ITZVK;38.1331;15.52479722;883f265335fffff;613600490720067583;-1;8;green
1531;ITA;Tremestieri;ITZVK;38.1331;15.52479722;883f265149fffff;613600490204168191;-1;8;green
1532;ITA;Milazzo;ITMLZ;38.216068;15.249533;881e9b3531fffff;613027980702121983;-1;8;green
1533;ITA;Milazzo;ITMLZ;38.216068;15.249533;881e9b353dfffff;613027980714704895;-1;8;green
1534;ITA;Milazzo;ITMLZ;38.216068;15.249533;881e9b3539fffff;613027980710510591;-1;8;green
1535;ITA;Milazzo;ITMLZ;38.216068;15.249533;881e9b3515fffff;613027980672761855;-1;8;green
1536;ITA;Milazzo;ITMLZ;38.216068;15.249533;881e9b3511fffff;613027980668567551;-1;8;green
1537;ITA;Milazzo;ITMLZ;38.216068;15.249533;881e9b3513fffff;613027980670664703;-1;8;green
1538;ITA;Milazzo;ITMLZ;38.216068;15.249533;881e9b35e9fffff;613027980895059967;-1;8;green
1539;ITA;Milazzo;ITMLZ;38.216068;15.249533;881e9b3585fffff;613027980790202367;-1;8;green
1540;ITA;Milazzo;ITMLZ;38.216068;15.249533;881e9b35e3fffff;613027980888768511;-1;8;green
1541;ITA;Milazzo;ITMLZ;38.216068;15.249533;881e9b35c1fffff;613027980853116927;-1;8;green
1542;ITA;Milazzo;ITMLZ;38.216068;15.249533;881e9b35c7fffff;613027980859408383;-1;8;green
1543;ITA;Milazzo;ITMLZ;38.216068;15.249533;881e9b358dfffff;613027980798590975;-1;8;green
1544;ITA;Milazzo;ITMLZ;38.216068;15.249533;881e9b35ebfffff;613027980897157119;-1;8;green
1545;ITA;Milazzo;ITMLZ;38.216068;15.249533;881e9b35e1fffff;613027980886671359;-1;8;green
1546;ITA;Milazzo;ITMLZ;38.216068;15.249533;881e9b35e5fffff;613027980890865663;-1;8;green
1547;ITA;Milazzo;ITMLZ;38.216068;15.249533;881e9b35edfffff;613027980899254271;-1;8;green
1548;ITA;Milazzo;ITMLZ;38.216068;15.249533;881e9b3517fffff;613027980674859007;-1;8;green
1549;ITA;Milazzo;ITMLZ;38.216068;15.249533;881e9b353bfffff;613027980712607743;-1;8;green
1550;ITA;Napoli;ITNAP;40.832513;14.271965;881e832985fffff;613026328301535231;-1;8;green
1551;ITA;Napoli;ITNAP;40.832513;14.271965;881e832983fffff;613026328299438079;-1;8;green
1552;ITA;Napoli;ITNAP;40.832513;14.271965;881e83299dfffff;613026328326701055;-1;8;green
1553;ITA;Napoli;ITNAP;40.832513;14.271965;881e832991fffff;613026328314118143;-1;8;green
1554;ITA;Napoli;ITNAP;40.832513;14.271965;881e8328a7fffff;613026328068751359;-1;8;green
1555;ITA;Napoli;ITNAP;40.832513;14.271965;881e8329d5fffff;613026328385421311;-1;8;green
1556;ITA;Napoli;ITNAP;40.832513;14.271965;881e8329d1fffff;613026328381227007;-1;8;green
1557;ITA;Napoli;ITNAP;40.832513;14.271965;881e8329d3fffff;613026328383324159;-1;8;green
1558;ITA;Napoli;ITNAP;40.832513;14.271965;881e8328adfffff;613026328075042815;-1;8;green
1559;ITA;Napoli;ITNAP;40.832513;14.271965;881e8328a5fffff;613026328066654207;-1;8;green
1560;ITA;Napoli;ITNAP;40.832513;14.271965;881e83299bfffff;613026328324603903;-1;8;green
1561;ITA;Napoli;ITNAP;40.832513;14.271965;881e9d924dfffff;613028143134932991;-1;8;green
1562;ITA;Napoli;ITNAP;40.832513;14.271965;881e9d9269fffff;613028143164293119;-1;8;green
1563;ITA;Napoli;ITNAP;40.832513;14.271965;881e9d926dfffff;613028143168487423;-1;8;green
1564;ITA;Napoli;ITNAP;40.832513;14.271965;881e8329bbfffff;613026328358158335;-1;8;green
1565;ITA;Napoli;ITNAP;40.832513;14.271965;881e8329b1fffff;613026328347672575;-1;8;green
1566;ITA;Napoli;ITNAP;40.832513;14.271965;881e8329b3fffff;613026328349769727;-1;8;green
1567;ITA;Napoli;ITNAP;40.832513;14.271965;881e9d9265fffff;613028143160098815;-1;8;green
1568;ITA;Napoli;ITNAP;40.832513;14.271965;881e9d9261fffff;613028143155904511;-1;8;green
1569;ITA;Napoli;ITNAP;40.832513;14.271965;881e9d926bfffff;613028143166390271;-1;8;green
1570;ITA;Napoli;ITNAP;40.832513;14.271965;881e9d9245fffff;613028143126544383;-1;8;green
1571;ITA;Napoli;ITNAP;40.832513;14.271965;881e832993fffff;613026328316215295;-1;8;green
1572;ITA;Napoli;ITNAP;40.832513;14.271965;881e832997fffff;613026328320409599;-1;8;green
1573;ITA;Napoli;ITNAP;40.832513;14.271965;881e832995fffff;613026328318312447;-1;8;green
1574;ITA;Napoli;ITNAP;40.832513;14.271965;881e8329b9fffff;613026328356061183;-1;8;green
1575;ITA;Napoli;ITNAP;40.832513;14.271965;881e8329bdfffff;613026328360255487;-1;8;green
1576;ITA;Napoli;ITNAP;40.832513;14.271965;881e832987fffff;613026328303632383;-1;8;green
1577;ITA;Napoli;ITNAP;40.832513;14.271965;881e832981fffff;613026328297340927;-1;8;green
1578;ITA;Napoli;ITNAP;40.832513;14.271965;881e83298dfffff;613026328309923839;-1;8;green
1579;ITA;Napoli;ITNAP;40.832513;14.271965;881e832989fffff;613026328305729535;-1;8;green
1580;ITA;Napoli;ITNAP;40.832513;14.271965;881e83298bfffff;613026328307826687;-1;8;green
1581;ITA;Napoli;ITNAP;40.832513;14.271965;881e8329d7fffff;613026328387518463;-1;8;green
1582;ITA;Napoli;ITNAP;40.832513;14.271965;881e832999fffff;613026328322506751;-1;8;green
1583;ITA;Olbia;ITOLB;40.922855;9.524417;881e94064bfffff;613027487076581375;-1;8;green
1584;ITA;Olbia;ITOLB;40.922855;9.524417;881e94a967fffff;613027530860920831;-1;8;green
1585;ITA;Olbia;ITOLB;40.922855;9.524417;881e94a965fffff;613027530858823679;-1;8;green
1586;ITA;Olbia;ITOLB;40.922855;9.524417;881e9414b1fffff;613027490941632511;-1;8;green
1587;ITA;Olbia;ITOLB;40.922855;9.524417;881e9414b3fffff;613027490943729663;-1;8;green
1588;ITA;Olbia;ITOLB;40.922855;9.524417;881e940659fffff;613027487091261439;-1;8;green
1589;ITA;Olbia;ITOLB;40.922855;9.524417;881e9414b7fffff;613027490947923967;-1;8;green
1590;ITA;Olbia;ITOLB;40.922855;9.524417;881e9414b5fffff;613027490945826815;-1;8;green
1591;ITA;Oristano;ITQOS;39.861881;8.552688;881e961139fffff;613027627449450495;-1;8;green
1592;ITA;Oristano;ITQOS;39.861881;8.552688;881e96113dfffff;613027627453644799;-1;8;green
1593;ITA;Oristano;ITQOS;39.861881;8.552688;881e96112bfffff;613027627434770431;-1;8;green
1594;ITA;Oristano;ITQOS;39.861881;8.552688;881e961105fffff;613027627394924543;-1;8;green
1595;ITA;Oristano;ITQOS;39.861881;8.552688;881e961107fffff;613027627397021695;-1;8;green
1596;ITA;Ortona;ITOTN;42.351184;14.423717;881e818d2bfffff;613026217611755519;-1;8;green
1597;ITA;Ortona;ITOTN;42.351184;14.423717;881e818d05fffff;613026217571909631;-1;8;green
1598;ITA;Ortona;ITOTN;42.351184;14.423717;881e818d07fffff;613026217574006783;-1;8;green
1599;ITA;Ortona;ITOTN;42.351184;14.423717;881e818d3dfffff;613026217630629887;-1;8;green
1600;ITA;Panarea;ITPAN;38.638091;15.078206;881e9bb555fffff;613028015099609087;-1;8;green
1601;ITA;Panarea;ITPAN;38.638091;15.078206;881e9bb509fffff;613028015019917311;-1;8;green
1602;ITA;Panarea;ITPAN;38.638091;15.078206;881e9bb561fffff;613028015112191999;-1;8;green
1603;ITA;Panarea;ITPAN;38.638091;15.078206;881e9bb56bfffff;613028015122677759;-1;8;green
1604;ITA;Panarea;ITPAN;38.638091;15.078206;881e9bb50dfffff;613028015024111615;-1;8;green
1605;ITA;Panarea;ITPAN;38.638091;15.078206;881e9bb563fffff;613028015114289151;-1;8;green
1606;ITA;Panarea;ITPAN;38.638091;15.078206;881e9ba255fffff;613028009999335423;-1;8;green
1607;ITA;Panarea;ITPAN;38.638091;15.078206;881e9ba25dfffff;613028010007724031;-1;8;green
1608;ITA;Panarea;ITPAN;38.638091;15.078206;881e9ba251fffff;613028009995141119;-1;8;green
1609;ITA;Panarea;ITPAN;38.638091;15.078206;881e9ba257fffff;613028010001432575;-1;8;green
1610;ITA;Panarea;ITPAN;38.638091;15.078206;881e9ba253fffff;613028009997238271;-1;8;green
1611;ITA;Panarea;ITPAN;38.638091;15.078206;881e9bb52dfffff;613028015057666047;-1;8;green
1612;ITA;Panarea;ITPAN;38.638091;15.078206;881e9bb521fffff;613028015045083135;-1;8;green
1613;ITA;Panarea;ITPAN;38.638091;15.078206;881e9bb52bfffff;613028015055568895;-1;8;green
1614;ITA;Panarea;ITPAN;38.638091;15.078206;881e9bb53dfffff;613028015074443263;-1;8;green
1615;ITA;Panarea;ITPAN;38.638091;15.078206;881e9bb507fffff;613028015017820159;-1;8;green
1616;ITA;Panarea;ITPAN;38.638091;15.078206;881e9bb505fffff;613028015015723007;-1;8;green
1617;ITA;Panarea;ITPAN;38.638091;15.078206;881e9bb529fffff;613028015053471743;-1;8;green
1618;ITA;Panarea;ITPAN;38.638091;15.078206;881e9bb567fffff;613028015118483455;-1;8;green
1619;ITA;Pantelleria;ITPNL;36.837715;11.940263;8838695865fffff;613481951015206911;-1;8;green
1620;ITA;Pantelleria;ITPNL;36.837715;11.940263;883869586dfffff;613481951023595519;-1;8;green
1621;ITA;Pantelleria;ITPNL;36.837715;11.940263;8838695b33fffff;613481951768084479;-1;8;green
1622;ITA;Pantelleria;ITPNL;36.837715;11.940263;8838695b37fffff;613481951772278783;-1;8;green
1623;ITA;Pantelleria;ITPNL;36.837715;11.940263;8838695959fffff;613481951271059455;-1;8;green
1624;ITA;Pantelleria;ITPNL;36.837715;11.940263;883869595dfffff;613481951275253759;-1;8;green
1625;ITA;Pantelleria;ITPNL;36.837715;11.940263;8838695951fffff;613481951262670847;-1;8;green
1626;ITA;Pantelleria;ITPNL;36.837715;11.940263;883869595bfffff;613481951273156607;-1;8;green
1627;ITA;Pantelleria;ITPNL;36.837715;11.940263;8838695863fffff;613481951013109759;-1;8;green
1628;ITA;Pantelleria;ITPNL;36.837715;11.940263;8838695867fffff;613481951017304063;-1;8;green
1629;ITA;Pantelleria;ITPNL;36.837715;11.940263;8838695861fffff;613481951011012607;-1;8;green
1630;ITA;Pantelleria;ITPNL;36.837715;11.940263;883869586bfffff;613481951021498367;-1;8;green
1631;ITA;Pescara;ITPSR;42.467165;14.231822;881e818a4bfffff;613026216840003583;-1;8;green
1632;ITA;Pescara;ITPSR;42.467165;14.231822;881e818a41fffff;613026216829517823;-1;8;green
1633;ITA;Pescara;ITPSR;42.467165;14.231822;881e818a45fffff;613026216833712127;-1;8;green
1634;ITA;Pescara;ITPSR;42.467165;14.231822;881e818a47fffff;613026216835809279;-1;8;green
1635;ITA;Pescara;ITPSR;42.467165;14.231822;881e818a43fffff;613026216831614975;-1;8;green
1636;ITA;Porto Empedocle;ITPEM;37.280029;13.528026;883f34ce69fffff;613601485864828927;-1;8;green
1637;ITA;Porto Empedocle;ITPEM;37.280029;13.528026;883f34ce45fffff;613601485827080191;-1;8;green
1638;ITA;Porto Santo Stefano;ITPSS;42.43898;11.124677;881e869147fffff;613026562312241151;-1;8;green
1639;ITA;Porto Santo Stefano;ITPSS;42.43898;11.124677;881e869143fffff;613026562308046847;-1;8;green
1640;ITA;Porto Santo Stefano;ITPSS;42.43898;11.124677;881e86914bfffff;613026562316435455;-1;8;green
1641;ITA;Porto Santo Stefano;ITPSS;42.43898;11.124677;881e869141fffff;613026562305949695;-1;8;green
1642;ITA;Porto Santo Stefano;ITPSS;42.43898;11.124677;881eb16493fffff;613029505249837055;-1;8;green
1643;ITA;Porto Santo Stefano;ITPSS;42.43898;11.124677;881e869145fffff;613026562310143999;-1;8;green
1644;ITA;Porto Santo Stefano;ITPSS;42.43898;11.124677;881e869169fffff;613026562347892735;-1;8;green
1645;ITA;Siracusa;ITSIR;37.067644;15.29353;883f354683fffff;613601518104346623;-1;8;green
1646;ITA;Siracusa;ITSIR;37.067644;15.29353;883f3546c3fffff;613601518171455487;-1;8;green
1647;ITA;Siracusa;ITSIR;37.067644;15.29353;883f354689fffff;613601518110638079;-1;8;green
1648;ITA;Siracusa;ITSIR;37.067644;15.29353;883f35468bfffff;613601518112735231;-1;8;green
1649;ITA;Siracusa;ITSIR;37.067644;15.29353;883f3546d5fffff;613601518190329855;-1;8;green
1650;ITA;Siracusa;ITSIR;37.067644;15.29353;883f3546ddfffff;613601518198718463;-1;8;green
1651;ITA;Siracusa;ITSIR;37.067644;15.29353;883f3546d9fffff;613601518194524159;-1;8;green
1652;ITA;Vada;ITVDA;43.352498;10.444067;881eb190c7fffff;613029517115523071;-1;8;green
1653;ITA;Piombino;ITPIO;42.931995;10.545864;881eb110a9fffff;613029482724327423;-1;8;green
1654;ITA;Piombino;ITPIO;42.931995;10.545864;881eb110e3fffff;613029482785144831;-1;8;green
1655;ITA;Piombino;ITPIO;42.931995;10.545864;881eb110edfffff;613029482795630591;-1;8;green
1656;ITA;Piombino;ITPIO;42.931995;10.545864;881eb110e5fffff;613029482787241983;-1;8;green
1657;ITA;Piombino;ITPIO;42.931995;10.545864;881eb110e7fffff;613029482789339135;-1;8;green
1658;ITA;Piombino;ITPIO;42.931995;10.545864;881eb110adfffff;613029482728521727;-1;8;green
1659;ITA;Piombino;ITPIO;42.931995;10.545864;881eb111ddfffff;613029483047288831;-1;8;green
1660;ITA;Piombino;ITPIO;42.931995;10.545864;881eb111d1fffff;613029483034705919;-1;8;green
1661;ITA;Piombino;ITPIO;42.931995;10.545864;881eb111d7fffff;613029483040997375;-1;8;green
1662;ITA;Piombino;ITPIO;42.931995;10.545864;881eb111d3fffff;613029483036803071;-1;8;green
1663;ITA;Piombino;ITPIO;42.931995;10.545864;881eb111dbfffff;613029483045191679;-1;8;green
1664;ITA;Piombino;ITPIO;42.931995;10.545864;881eb111d9fffff;613029483043094527;-1;8;green
1665;ITA;Piombino;ITPIO;42.931995;10.545864;881eb11033fffff;613029482600595455;-1;8;green
1666;ITA;Piombino;ITPIO;42.931995;10.545864;881eb11037fffff;613029482604789759;-1;8;green
1667;ITA;Casamicciola Terme;ITCML;40.752582;13.911264;881e836041fffff;613026342994182143;-1;8;green
1668;ITA;Casamicciola Terme;ITCML;40.752582;13.911264;881e836049fffff;613026343002570751;-1;8;green
1669;ITA;Casamicciola Terme;ITCML;40.752582;13.911264;881e83604bfffff;613026343004667903;-1;8;green
1670;ITA;Casamicciola Terme;ITCML;40.752582;13.911264;881e836043fffff;613026342996279295;-1;8;green
1671;ITA;Casamicciola Terme;ITCML;40.752582;13.911264;881e83605dfffff;613026343023542271;-1;8;green
1672;ITA;Santa Marina Salina;ITSLA;38.557185;14.873527;881e9bb807fffff;613028015823126527;-1;8;green
1673;ITA;Santa Marina Salina;ITSLA;38.557185;14.873527;881e9bb803fffff;613028015818932223;-1;8;green
1674;ITA;Santa Marina Salina;ITSLA;38.557185;14.873527;881e9bb815fffff;613028015837806591;-1;8;green
1675;ITA;Santa Marina Salina;ITSLA;38.557185;14.873527;881e9bb81dfffff;613028015846195199;-1;8;green
1676;ITA;Santa Marina Salina;ITSLA;38.557185;14.873527;881e9bb80bfffff;613028015827320831;-1;8;green
1677;ITA;Santa Marina Salina;ITSLA;38.557185;14.873527;881e9bb857fffff;613028015907012607;-1;8;green
1678;ITA;Santa Marina Salina;ITSLA;38.557185;14.873527;881e9bb819fffff;613028015842000895;-1;8;green
1679;ITA;Santa Marina Salina;ITSLA;38.557185;14.873527;881e9bb853fffff;613028015902818303;-1;8;green
1680;ITA;Santa Marina Salina;ITSLA;38.557185;14.873527;881e9bbae5fffff;613028016592781311;-1;8;green
1681;ITA;Santa Marina Salina;ITSLA;38.557185;14.873527;881e9bb859fffff;613028015909109759;-1;8;green
1682;ITA;Santa Marina Salina;ITSLA;38.557185;14.873527;881e9bb85bfffff;613028015911206911;-1;8;green
1683;ITA;Santa Marina Salina;ITSLA;38.557185;14.873527;881e9bb851fffff;613028015900721151;-1;8;green
1684;ITA;Giardini Naxos;ITGIA;37.825281;15.273537;883f359099fffff;613601537991639039;-1;8;green
1685;ITA;Giardini Naxos;ITGIA;37.825281;15.273537;883f35909dfffff;613601537995833343;-1;8;green
1686;ITA;Giardini Naxos;ITGIA;37.825281;15.273537;883f3590d7fffff;613601538056650751;-1;8;green
1687;ITA;Giardini Naxos;ITGIA;37.825281;15.273537;883f35908bfffff;613601537976958975;-1;8;green
1688;ITA;Giardini Naxos;ITGIA;37.825281;15.273537;883f359083fffff;613601537968570367;-1;8;green
1689;ITA;Giardini Naxos;ITGIA;37.825281;15.273537;883f359087fffff;613601537972764671;-1;8;green
1690;ITA;Palmi;ITPMM;38.390157;15.861487;883f26c4a5fffff;613600521170714623;-1;8;green
1691;ITA;Porto d'Ischia;ITPDI;40.744247;13.939346;881e8362a9fffff;613026343640104959;-1;8;green
1692;ITA;Porto d'Ischia;ITPDI;40.744247;13.939346;881e836287fffff;613026343604453375;-1;8;green
1693;ITA;Porto d'Ischia;ITPDI;40.744247;13.939346;881e8362abfffff;613026343642202111;-1;8;green
1694;ITA;Porto d'Ischia;ITPDI;40.744247;13.939346;881e8362a1fffff;613026343631716351;-1;8;green
1695;ITA;Porto d'Ischia;ITPDI;40.744247;13.939346;881e8362adfffff;613026343644299263;-1;8;green
1696;ITA;Porto d'Ischia;ITPDI;40.744247;13.939346;881e8362a5fffff;613026343635910655;-1;8;green
1697;ITA;Porto d'Ischia;ITPDI;40.744247;13.939346;881e836019fffff;613026342952239103;-1;8;green
1698;ITA;Porto d'Ischia;ITPDI;40.744247;13.939346;881e836057fffff;613026343017250815;-1;8;green
1699;ITA;Porto d'Ischia;ITPDI;40.744247;13.939346;881e836053fffff;613026343013056511;-1;8;green
1700;ITA;San Vito Lo Capo;ITSVC;38.180344;12.734055;881e9acf1dfffff;613027953300733951;-1;8;green
1701;ITA;San Vito Lo Capo;ITSVC;38.180344;12.734055;881e9acf57fffff;613027953361551359;-1;8;green
1702;ITA;Sant'Antioco;ITSAT;39.063836555955;8.46075316642293;883865a025fffff;613481695397543935;-1;8;green
1703;ITA;Sant'Antioco;ITSAT;39.063836555955;8.46075316642293;883865a02dfffff;613481695405932543;-1;8;green
1704;ITA;Sant'Antioco;ITSAT;39.063836555955;8.46075316642293;883865a15bfffff;613481695722602495;-1;8;green
1705;ITA;Villa San Giovanni. Calabria;ITVSG;38.216667;15.633333;883f26521bfffff;613600490424369151;-1;8;green
1706;ITA;Villa San Giovanni. Calabria;ITVSG;38.216667;15.633333;883f265219fffff;613600490422271999;-1;8;green
1707;ITA;Villa San Giovanni. Calabria;ITVSG;38.216667;15.633333;883f26cd25fffff;613600523452415999;-1;8;green
1708;ITA;Villa San Giovanni. Calabria;ITVSG;38.216667;15.633333;883f26cd21fffff;613600523448221695;-1;8;green
1709;ITA;Villa San Giovanni. Calabria;ITVSG;38.216667;15.633333;883f26cd27fffff;613600523454513151;-1;8;green
1710;ITA;Reggio Calabria;ITREG;38.124733;15.647891;883f2650e7fffff;613600490101407743;-1;8;green
1711;ITA;Reggio Calabria;ITREG;38.124733;15.647891;883f2650e9fffff;613600490103504895;-1;8;green
1712;ITA;Reggio Calabria;ITREG;38.124733;15.647891;883f2650c5fffff;613600490065756159;-1;8;green
1713;ITA;Reggio Calabria;ITREG;38.124733;15.647891;883f2650ebfffff;613600490105602047;-1;8;green
1714;ITA;Reggio Calabria;ITREG;38.124733;15.647891;883f2650e1fffff;613600490095116287;-1;8;green
1715;ITA;Stromboli;ITSTR;38.806654;15.240043;881e997915fffff;613027861487419391;-1;8;green
1716;ITA;Stromboli;ITSTR;38.806654;15.240043;881e997911fffff;613027861483225087;-1;8;green
1717;ITA;Stromboli;ITSTR;38.806654;15.240043;881e997917fffff;613027861489516543;-1;8;green
1718;ITA;Stromboli;ITSTR;38.806654;15.240043;881e997931fffff;613027861516779519;-1;8;green
1719;ITA;Stromboli;ITSTR;38.806654;15.240043;881e997933fffff;613027861518876671;-1;8;green
1720;ITA;Stromboli;ITSTR;38.806654;15.240043;881e9979edfffff;613027861713911807;-1;8;green
1721;ITA;Stromboli;ITSTR;38.806654;15.240043;881e9979e9fffff;613027861709717503;-1;8;green
1722;ITA;Stromboli;ITSTR;38.806654;15.240043;881e9979e1fffff;613027861701328895;-1;8;green
1723;ITA;Stromboli;ITSTR;38.806654;15.240043;881e997821fffff;613027861231566847;-1;8;green
1724;ITA;Stromboli;ITSTR;38.806654;15.240043;881e99782bfffff;613027861242052607;-1;8;green
1725;ITA;Stromboli;ITSTR;38.806654;15.240043;881e997823fffff;613027861233663999;-1;8;green
1726;ITA;Stromboli;ITSTR;38.806654;15.240043;881e997827fffff;613027861237858303;-1;8;green
1727;ITA;Stromboli;ITSTR;38.806654;15.240043;881e9979cdfffff;613027861680357375;-1;8;green
1728;ITA;Stromboli;ITSTR;38.806654;15.240043;881e9979c1fffff;613027861667774463;-1;8;green
1729;ITA;Stromboli;ITSTR;38.806654;15.240043;881e9979c7fffff;613027861674065919;-1;8;green
1730;ITA;Stromboli;ITSTR;38.806654;15.240043;881e9979ebfffff;613027861711814655;-1;8;green
1731;ITA;Stromboli;ITSTR;38.806654;15.240043;881e9979c5fffff;613027861671968767;-1;8;green
1732;ITA;Stromboli;ITSTR;38.806654;15.240043;881e997913fffff;613027861485322239;-1;8;green
1733;ITA;Stromboli;ITSTR;38.806654;15.240043;881e99791bfffff;613027861493710847;-1;8;green
1734;ITA;Stromboli;ITSTR;38.806654;15.240043;881e997919fffff;613027861491613695;-1;8;green
1735;ITA;Stromboli;ITSTR;38.806654;15.240043;881e997825fffff;613027861235761151;-1;8;green
1736;ITA;Vibo Valentia Marina;ITVVA;38.724317;16.128606;883f26872bfffff;613600504668225535;-1;8;green
1737;ITA;Vibo Valentia Marina;ITVVA;38.724317;16.128606;883f268727fffff;613600504664031231;-1;8;green
1738;ITA;Vibo Valentia Marina;ITVVA;38.724317;16.128606;883f268725fffff;613600504661934079;-1;8;green
1739;ITA;Vibo Valentia Marina;ITVVA;38.724317;16.128606;883f26872dfffff;613600504670322687;-1;8;green
1740;ITA;Vibo Valentia Marina;ITVVA;38.724317;16.128606;883f268767fffff;613600504731140095;-1;8;green
1741;ITA;Vibo Valentia Marina;ITVVA;38.724317;16.128606;883f268729fffff;613600504666128383;-1;8;green
1742;ITA;Vibo Valentia Marina;ITVVA;38.724317;16.128606;883f268721fffff;613600504657739775;-1;8;green
1743;ITA;Portoscuso (Porto Vesme);ITPVE;39.193261;8.386692;883865b003fffff;613481699656859647;-1;8;green
1744;ITA;Portoscuso (Porto Vesme);ITPVE;39.193261;8.386692;883865b03bfffff;613481699715579903;-1;8;green
1745;ITA;Portoscuso (Porto Vesme);ITPVE;39.193261;8.386692;883865b015fffff;613481699675734015;-1;8;green
1746;ITA;Portoscuso (Porto Vesme);ITPVE;39.193261;8.386692;883865b039fffff;613481699713482751;-1;8;green
1747;ITA;Civitavecchia;ITCVV;42.097224;11.780849;881e86ab33fffff;613026569270591487;-1;8;purple
1748;ITA;Civitavecchia;ITCVV;42.097224;11.780849;881e86a957fffff;613026568771469311;-1;8;purple
1749;ITA;Civitavecchia;ITCVV;42.097224;11.780849;881e86a91bfffff;613026568708554751;-1;8;purple
1750;ITA;Civitavecchia;ITCVV;42.097224;11.780849;881e86a919fffff;613026568706457599;-1;8;purple
1751;ITA;Civitavecchia;ITCVV;42.097224;11.780849;881e86a911fffff;613026568698068991;-1;8;purple
1752;ITA;Civitavecchia;ITCVV;42.097224;11.780849;881e86a913fffff;613026568700166143;-1;8;purple
1753;ITA;Civitavecchia;ITCVV;42.097224;11.780849;881e86a827fffff;613026568452702207;-1;8;purple
1754;ITA;Civitavecchia;ITCVV;42.097224;11.780849;881e86a9cdfffff;613026568895201279;-1;8;purple
1755;ITA;Civitavecchia;ITCVV;42.097224;11.780849;881e86a9c5fffff;613026568886812671;-1;8;purple
1756;ITA;Civitavecchia;ITCVV;42.097224;11.780849;881e86a9c1fffff;613026568882618367;-1;8;purple
1757;ITA;Civitavecchia;ITCVV;42.097224;11.780849;881e86a9c7fffff;613026568888909823;-1;8;purple
1758;ITA;Fiumicino;ITFCO;41.770962;12.229014;881e862c57fffff;613026535217037311;-1;8;green
1759;ITA;Fiumicino;ITFCO;41.770962;12.229014;881e862ea5fffff;613026535835697151;-1;8;green
1760;ITA;Fiumicino;ITFCO;41.770962;12.229014;881e862c53fffff;613026535212843007;-1;8;green
1761;ITA;Fiumicino;ITFCO;41.770962;12.229014;881e862c51fffff;613026535210745855;-1;8;green
1762;ITA;Fiumicino;ITFCO;41.770962;12.229014;881e862c5bfffff;613026535221231615;-1;8;green
1763;ITA;Fiumicino;ITFCO;41.770962;12.229014;881e862eadfffff;613026535844085759;-1;8;green
1764;ITA;Fiumicino;ITFCO;41.770962;12.229014;881e862c5dfffff;613026535223328767;-1;8;green
1765;ITA;Fiumicino;ITFCO;41.770962;12.229014;881e862c59fffff;613026535219134463;-1;8;green
1766;ITA;Fiumicino;ITFCO;41.770962;12.229014;881e862ee5fffff;613026535902806015;-1;8;green
1767;ITA;Fiumicino;ITFCO;41.770962;12.229014;881e862e33fffff;613026535716159487;-1;8;green
1768;ITA;Fiumicino;ITFCO;41.770962;12.229014;881e862e31fffff;613026535714062335;-1;8;green
1769;ITA;Fiumicino;ITFCO;41.770962;12.229014;881e862e39fffff;613026535722450943;-1;8;green
1770;ITA;Fiumicino;ITFCO;41.770962;12.229014;881e862e3dfffff;613026535726645247;-1;8;green
1771;ITA;Fiumicino;ITFCO;41.770962;12.229014;881e862e21fffff;613026535697285119;-1;8;green
1772;ITA;Fiumicino;ITFCO;41.770962;12.229014;881e862e03fffff;613026535665827839;-1;8;green
1773;ITA;Fiumicino;ITFCO;41.770962;12.229014;881e862e07fffff;613026535670022143;-1;8;green
1774;ITA;Fiumicino;ITFCO;41.770962;12.229014;881e862e01fffff;613026535663730687;-1;8;green
1775;ITA;Fiumicino;ITFCO;41.770962;12.229014;881e862e0bfffff;613026535674216447;-1;8;green
1776;ITA;Fiumicino;ITFCO;41.770962;12.229014;881e862e05fffff;613026535667924991;-1;8;green
1777;ITA;Fiumicino;ITFCO;41.770962;12.229014;881e862e55fffff;613026535751811071;-1;8;green
1778;ITA;Fiumicino;ITFCO;41.770962;12.229014;881e862e09fffff;613026535672119295;-1;8;green
1779;ITA;Fiumicino;ITFCO;41.770962;12.229014;881e862e0dfffff;613026535676313599;-1;8;green
1780;ITA;Fiumicino;ITFCO;41.770962;12.229014;881e862c3bfffff;613026535187677183;-1;8;green
1781;ITA;Fiumicino;ITFCO;41.770962;12.229014;881e862c17fffff;613026535149928447;-1;8;green
1782;ITA;Fiumicino;ITFCO;41.770962;12.229014;881e862c15fffff;613026535147831295;-1;8;green
1783;ITA;Fiumicino;ITFCO;41.770962;12.229014;881e862c11fffff;613026535143636991;-1;8;green
1784;ITA;Trieste;ITTRS;45.647831;13.752976;881e124309fffff;613018569849962495;-1;8;green
1785;ITA;Trieste;ITTRS;45.647831;13.752976;881e125137fffff;613018573656293375;-1;8;green
1786;ITA;Trieste;ITTRS;45.647831;13.752976;881e125ac1fffff;613018576216915967;-1;8;green
1787;ITA;Trieste;ITTRS;45.647831;13.752976;881e12434bfffff;613018569919168511;-1;8;green
1788;ITA;Trieste;ITTRS;45.647831;13.752976;881e125127fffff;613018573639516159;-1;8;green
1789;ITA;Trieste;ITTRS;45.647831;13.752976;881e1251edfffff;613018573847134207;-1;8;green
1790;ITA;Trieste;ITTRS;45.647831;13.752976;881e125ab1fffff;613018576200138751;-1;8;green
1791;ITA;Trieste;ITTRS;45.647831;13.752976;881e125ae3fffff;613018576252567551;-1;8;green
1792;ITA;Trieste;ITTRS;45.647831;13.752976;881e125117fffff;613018573622738943;-1;8;green
1793;ITA;Trieste;ITTRS;45.647831;13.752976;881e125aa1fffff;613018576183361535;-1;8;green
1794;ITA;Trieste;ITTRS;45.647831;13.752976;881e12436dfffff;613018569954820095;-1;8;green
1795;ITA;Trieste;ITTRS;45.647831;13.752976;881e12432bfffff;613018569885614079;-1;8;green
1796;ITA;Trieste;ITTRS;45.647831;13.752976;881e125ad3fffff;613018576235790335;-1;8;green
1797;ITA;Trieste;ITTRS;45.647831;13.752976;881e125a91fffff;613018576166584319;-1;8;green
1798;ITA;Trieste;ITTRS;45.647831;13.752976;881e125105fffff;613018573603864575;-1;8;green
1799;ITA;Trieste;ITTRS;45.647831;13.752976;881e125ad1fffff;613018576233693183;-1;8;green
1800;ITA;Trieste;ITTRS;45.647831;13.752976;881e125107fffff;613018573605961727;-1;8;green
1801;ITA;Trieste;ITTRS;45.647831;13.752976;881e12435dfffff;613018569938042879;-1;8;green
1802;ITA;Trieste;ITTRS;45.647831;13.752976;881e125ac3fffff;613018576219013119;-1;8;green
1803;ITA;Trieste;ITTRS;45.647831;13.752976;881e125a81fffff;613018576149807103;-1;8;green
1804;ITA;Trieste;ITTRS;45.647831;13.752976;881e12430bfffff;613018569852059647;-1;8;green
1805;ITA;Trieste;ITTRS;45.647831;13.752976;881e1251adfffff;613018573780025343;-1;8;green
1806;ITA;Trieste;ITTRS;45.647831;13.752976;881e125129fffff;613018573641613311;-1;8;green
1807;ITA;Trieste;ITTRS;45.647831;13.752976;881e125ab3fffff;613018576202235903;-1;8;green
1808;ITA;Trieste;ITTRS;45.647831;13.752976;881e12433dfffff;613018569904488447;-1;8;green
1809;ITA;Trieste;ITTRS;45.647831;13.752976;881e125ae5fffff;613018576254664703;-1;8;green
1810;ITA;Trieste;ITTRS;45.647831;13.752976;881e125aa3fffff;613018576185458687;-1;8;green
1811;ITA;Trieste;ITTRS;45.647831;13.752976;881e125ad5fffff;613018576237887487;-1;8;green
1812;ITA;Trieste;ITTRS;45.647831;13.752976;881e124329fffff;613018569883516927;-1;8;green
1813;ITA;Trieste;ITTRS;45.647831;13.752976;881e125a1bfffff;613018576042852351;-1;8;green
1814;ITA;Trieste;ITTRS;45.647831;13.752976;881e125ae1fffff;613018576250470399;-1;8;green
1815;ITA;Trieste;ITTRS;45.647831;13.752976;881e12436bfffff;613018569952722943;-1;8;green
1816;ITA;Trieste;ITTRS;45.647831;13.752976;881e125a93fffff;613018576168681471;-1;8;green
1817;ITA;Trieste;ITTRS;45.647831;13.752976;881e12431dfffff;613018569870934015;-1;8;green
1818;ITA;Trieste;ITTRS;45.647831;13.752976;881e12518dfffff;613018573746470911;-1;8;green
1819;ITA;Trieste;ITTRS;45.647831;13.752976;881e125ac5fffff;613018576221110271;-1;8;green
1820;ITA;Trieste;ITTRS;45.647831;13.752976;881e125a83fffff;613018576151904255;-1;8;green
1821;ITA;Trieste;ITTRS;45.647831;13.752976;881e12512bfffff;613018573643710463;-1;8;green
1822;ITA;Trieste;ITTRS;45.647831;13.752976;881e125ae7fffff;613018576256761855;-1;8;green
1823;ITA;Trieste;ITTRS;45.647831;13.752976;881e125ad7fffff;613018576239984639;-1;8;green
1824;ITA;Trieste;ITTRS;45.647831;13.752976;881e125a95fffff;613018576170778623;-1;8;green
1825;ITA;Trieste;ITTRS;45.647831;13.752976;881e124361fffff;613018569942237183;-1;8;green
1826;ITA;Trieste;ITTRS;45.647831;13.752976;881e1251ebfffff;613018573845037055;-1;8;green
1827;ITA;Trieste;ITTRS;45.647831;13.752976;881e124339fffff;613018569900294143;-1;8;green
1828;ITA;Trieste;ITTRS;45.647831;13.752976;881e125125fffff;613018573637419007;-1;8;green
1829;ITA;Trieste;ITTRS;45.647831;13.752976;881e1251a9fffff;613018573775831039;-1;8;green
1830;ITA;Trieste;ITTRS;45.647831;13.752976;881e125a11fffff;613018576032366591;-1;8;green
1831;ITA;Trieste;ITTRS;45.647831;13.752976;881e125ac7fffff;613018576223207423;-1;8;green
1832;ITA;Trieste;ITTRS;45.647831;13.752976;881e125a85fffff;613018576154001407;-1;8;green
1833;ITA;Trieste;ITTRS;45.647831;13.752976;881e12513dfffff;613018573662584831;-1;8;green
1834;ITA;Trieste;ITTRS;45.647831;13.752976;881e12512dfffff;613018573645807615;-1;8;green
1835;ITA;Trieste;ITTRS;45.647831;13.752976;881e125a33fffff;613018576068018175;-1;8;green
1836;ITA;Trieste;ITTRS;45.647831;13.752976;881e125ae9fffff;613018576258859007;-1;8;green
1837;ITA;Trieste;ITTRS;45.647831;13.752976;881e124331fffff;613018569891905535;-1;8;green
1838;ITA;Trieste;ITTRS;45.647831;13.752976;881e124349fffff;613018569917071359;-1;8;green
1839;ITA;Trieste;ITTRS;45.647831;13.752976;881e124307fffff;613018569847865343;-1;8;green
1840;ITA;Trieste;ITTRS;45.647831;13.752976;881e125135fffff;613018573654196223;-1;8;green
1841;ITA;Trieste;ITTRS;45.647831;13.752976;881e125a97fffff;613018576172875775;-1;8;green
1842;ITA;Trieste;ITTRS;45.647831;13.752976;881e125a13fffff;613018576034463743;-1;8;green
1843;ITA;Trieste;ITTRS;45.647831;13.752976;881e125ac9fffff;613018576225304575;-1;8;green
1844;ITA;Trieste;ITTRS;45.647831;13.752976;881e125a87fffff;613018576156098559;-1;8;green
1845;ITA;Trieste;ITTRS;45.647831;13.752976;881e124301fffff;613018569841573887;-1;8;green
1846;ITA;Trieste;ITTRS;45.647831;13.752976;881e125ab9fffff;613018576208527359;-1;8;green
1847;ITA;Trieste;ITTRS;45.647831;13.752976;881e125aebfffff;613018576260956159;-1;8;green
1848;ITA;Trieste;ITTRS;45.647831;13.752976;881e125aa9fffff;613018576191750143;-1;8;green
1849;ITA;Trieste;ITTRS;45.647831;13.752976;881e125a99fffff;613018576174972927;-1;8;green
1850;ITA;Trieste;ITTRS;45.647831;13.752976;881e125187fffff;613018573740179455;-1;8;green
1851;ITA;Trieste;ITTRS;45.647831;13.752976;881e125a8dfffff;613018576162390015;-1;8;green
1852;ITA;Trieste;ITTRS;45.647831;13.752976;881e124365fffff;613018569946431487;-1;8;green
1853;ITA;Trieste;ITTRS;45.647831;13.752976;881e125a89fffff;613018576158195711;-1;8;green
1854;ITA;Trieste;ITTRS;45.647831;13.752976;881e125acbfffff;613018576227401727;-1;8;green
1855;ITA;Trieste;ITTRS;45.647831;13.752976;881e124355fffff;613018569929654271;-1;8;green
1856;ITA;Trieste;ITTRS;45.647831;13.752976;881e1251c5fffff;613018573805191167;-1;8;green
1857;ITA;Trieste;ITTRS;45.647831;13.752976;881e125131fffff;613018573650001919;-1;8;green
1858;ITA;Trieste;ITTRS;45.647831;13.752976;881e125abbfffff;613018576210624511;-1;8;green
1859;ITA;Trieste;ITTRS;45.647831;13.752976;881e124303fffff;613018569843671039;-1;8;green
1860;ITA;Trieste;ITTRS;45.647831;13.752976;881e1251b5fffff;613018573788413951;-1;8;green
1861;ITA;Trieste;ITTRS;45.647831;13.752976;881e125163fffff;613018573702430719;-1;8;green
1862;ITA;Trieste;ITTRS;45.647831;13.752976;881e125113fffff;613018573618544639;-1;8;green
1863;ITA;Trieste;ITTRS;45.647831;13.752976;881e125a9dfffff;613018576179167231;-1;8;green
1864;ITA;Trieste;ITTRS;45.647831;13.752976;881e125121fffff;613018573633224703;-1;8;green
1865;ITA;Trieste;ITTRS;45.647831;13.752976;881e125aedfffff;613018576263053311;-1;8;green
1866;ITA;Trieste;ITTRS;45.647831;13.752976;881e125aabfffff;613018576193847295;-1;8;green
1867;ITA;Trieste;ITTRS;45.647831;13.752976;881e124335fffff;613018569896099839;-1;8;green
1868;ITA;Trieste;ITTRS;45.647831;13.752976;881e125addfffff;613018576246276095;-1;8;green
1869;ITA;Trieste;ITTRS;45.647831;13.752976;881e125a17fffff;613018576038658047;-1;8;green
1870;ITA;Trieste;ITTRS;45.647831;13.752976;881e124367fffff;613018569948528639;-1;8;green
1871;ITA;Trieste;ITTRS;45.647831;13.752976;881e125a8bfffff;613018576160292863;-1;8;green
1872;ITA;Trieste;ITTRS;45.647831;13.752976;881e125acdfffff;613018576229498879;-1;8;green
1873;ITA;Trieste;ITTRS;45.647831;13.752976;881e124315fffff;613018569862545407;-1;8;green
1874;ITA;Trieste;ITTRS;45.647831;13.752976;881e124357fffff;613018569931751423;-1;8;green
1875;ITA;Trieste;ITTRS;45.647831;13.752976;881e125aadfffff;613018576195944447;-1;8;green
1876;ITA;Trieste;ITTRS;45.647831;13.752976;881e12585bfffff;613018575573090303;-1;8;green
1877;ITA;Trieste;ITTRS;45.647831;13.752976;881e1251e9fffff;613018573842939903;-1;8;green
1878;ITA;Trieste;ITTRS;45.647831;13.752976;881e125123fffff;613018573635321855;-1;8;green
1879;ITA;Trieste;ITTRS;45.647831;13.752976;881e1251c7fffff;613018573807288319;-1;8;green
1880;ITA;Trieste;ITTRS;45.647831;13.752976;881e124305fffff;613018569845768191;-1;8;green
1881;ITA;Trieste;ITTRS;45.647831;13.752976;881e125133fffff;613018573652099071;-1;8;green
1882;ITA;Trieste;ITTRS;45.647831;13.752976;881e125abdfffff;613018576212721663;-1;8;green
1883;ITA;Trieste;ITTRS;45.647831;13.752976;881e1251b7fffff;613018573790511103;-1;8;green
1884;ITA;Messina;ITMSN;38.19648;15.562839;883f265205fffff;613600490401300479;-1;8;green
1885;ITA;Messina;ITMSN;38.19648;15.562839;883f265243fffff;613600490466312191;-1;8;green
1886;ITA;Messina;ITMSN;38.19648;15.562839;883f265223fffff;613600490432757759;-1;8;green
1887;ITA;Messina;ITMSN;38.19648;15.562839;883f265261fffff;613600490497769471;-1;8;green
1888;ITA;Messina;ITMSN;38.19648;15.562839;883f26c8b5fffff;613600522261233663;-1;8;green
1889;ITA;Messina;ITMSN;38.19648;15.562839;883f26522bfffff;613600490441146367;-1;8;green
1890;ITA;Messina;ITMSN;38.19648;15.562839;883f26525dfffff;613600490493575167;-1;8;green
1891;ITA;Messina;ITMSN;38.19648;15.562839;883f26c8b1fffff;613600522257039359;-1;8;green
1892;ITA;Messina;ITMSN;38.19648;15.562839;883f26c8bbfffff;613600522267525119;-1;8;green
1893;ITA;Messina;ITMSN;38.19648;15.562839;883f265241fffff;613600490464215039;-1;8;green
1894;ITA;Messina;ITMSN;38.19648;15.562839;883f26524bfffff;613600490474700799;-1;8;green
1895;ITA;Messina;ITMSN;38.19648;15.562839;883f26c8b7fffff;613600522263330815;-1;8;green
1896;ITA;Messina;ITMSN;38.19648;15.562839;883f265247fffff;613600490470506495;-1;8;green
1897;ITA;Messina;ITMSN;38.19648;15.562839;883f265221fffff;613600490430660607;-1;8;green
1898;ITA;Napoli;ITNAP;40.832513;14.271965;881e9d935bfffff;613028143418048511;-1;8;green
1899;ITA;Napoli;ITNAP;40.832513;14.271965;881e9d9305fffff;613028143327870975;-1;8;green
1900;ITA;Napoli;ITNAP;40.832513;14.271965;881e9d9203fffff;613028143057338367;-1;8;green
1901;ITA;Napoli;ITNAP;40.832513;14.271965;881e9d936bfffff;613028143434825727;-1;8;green
1902;ITA;Napoli;ITNAP;40.832513;14.271965;881e9d9315fffff;613028143344648191;-1;8;green
1903;ITA;Napoli;ITNAP;40.832513;14.271965;881e9d9249fffff;613028143130738687;-1;8;green
1904;ITA;Napoli;ITNAP;40.832513;14.271965;881e9d934bfffff;613028143401271295;-1;8;green
1905;ITA;Napoli;ITNAP;40.832513;14.271965;881e9d9065fffff;613028142623227903;-1;8;green
1906;ITA;Napoli;ITNAP;40.832513;14.271965;881e9d9355fffff;613028143411757055;-1;8;green
1907;ITA;Napoli;ITNAP;40.832513;14.271965;881e9d9263fffff;613028143158001663;-1;8;green
1908;ITA;Napoli;ITNAP;40.832513;14.271965;881e9d920dfffff;613028143067824127;-1;8;green
1909;ITA;Napoli;ITNAP;40.832513;14.271965;881e9d921dfffff;613028143084601343;-1;8;green
1910;ITA;Napoli;ITNAP;40.832513;14.271965;881e9d922dfffff;613028143101378559;-1;8;green
1911;ITA;Napoli;ITNAP;40.832513;14.271965;881e9d9049fffff;613028142593867775;-1;8;green
1912;ITA;Napoli;ITNAP;40.832513;14.271965;881e9d9309fffff;613028143332065279;-1;8;green
1913;ITA;Napoli;ITNAP;40.832513;14.271965;881e9d9207fffff;613028143061532671;-1;8;green
1914;ITA;Napoli;ITNAP;40.832513;14.271965;881e9d9319fffff;613028143348842495;-1;8;green
1915;ITA;Napoli;ITNAP;40.832513;14.271965;881e9d9069fffff;613028142627422207;-1;8;green
1916;ITA;Napoli;ITNAP;40.832513;14.271965;881e9d9227fffff;613028143095087103;-1;8;green
1917;ITA;Napoli;ITNAP;40.832513;14.271965;881e9d9339fffff;613028143382396927;-1;8;green
1918;ITA;Napoli;ITNAP;40.832513;14.271965;881e9d933bfffff;613028143384494079;-1;8;green
1919;ITA;Napoli;ITNAP;40.832513;14.271965;881e9d9247fffff;613028143128641535;-1;8;green
1920;ITA;Napoli;ITNAP;40.832513;14.271965;881e9d9359fffff;613028143415951359;-1;8;green
1921;ITA;Napoli;ITNAP;40.832513;14.271965;881e9d9303fffff;613028143325773823;-1;8;green
1922;ITA;Napoli;ITNAP;40.832513;14.271965;881e9d9201fffff;613028143055241215;-1;8;green
1923;ITA;Napoli;ITNAP;40.832513;14.271965;881e9d9313fffff;613028143342551039;-1;8;green
1924;ITA;Napoli;ITNAP;40.832513;14.271965;881e9d9267fffff;613028143162195967;-1;8;green
1925;ITA;Napoli;ITNAP;40.832513;14.271965;881e9d9221fffff;613028143088795647;-1;8;green
1926;ITA;Napoli;ITNAP;40.832513;14.271965;881e9d9343fffff;613028143392882687;-1;8;green
1927;ITA;Napoli;ITNAP;40.832513;14.271965;881e9d9241fffff;613028143122350079;-1;8;green
1928;ITA;Napoli;ITNAP;40.832513;14.271965;881e9d9353fffff;613028143409659903;-1;8;green
1929;ITA;Napoli;ITNAP;40.832513;14.271965;881e9d904dfffff;613028142598062079;-1;8;green
1930;ITA;Napoli;ITNAP;40.832513;14.271965;881e9d930dfffff;613028143336259583;-1;8;green
1931;ITA;Napoli;ITNAP;40.832513;14.271965;881e9d920bfffff;613028143065726975;-1;8;green
1932;ITA;Napoli;ITNAP;40.832513;14.271965;881e9d931dfffff;613028143353036799;-1;8;green
1933;ITA;Napoli;ITNAP;40.832513;14.271965;881e9d906dfffff;613028142631616511;-1;8;green
1934;ITA;Napoli;ITNAP;40.832513;14.271965;881e9d933dfffff;613028143386591231;-1;8;green
1935;ITA;Napoli;ITNAP;40.832513;14.271965;881e9d9229fffff;613028143097184255;-1;8;green
1936;ITA;Napoli;ITNAP;40.832513;14.271965;881e9d932bfffff;613028143367716863;-1;8;green
1937;ITA;Napoli;ITNAP;40.832513;14.271965;881e9d935dfffff;613028143420145663;-1;8;green
1938;ITA;Napoli;ITNAP;40.832513;14.271965;881e9d9307fffff;613028143329968127;-1;8;green
1939;ITA;Napoli;ITNAP;40.832513;14.271965;881e9d9205fffff;613028143059435519;-1;8;green
1940;ITA;Napoli;ITNAP;40.832513;14.271965;881e9d9317fffff;613028143346745343;-1;8;green
1941;ITA;Napoli;ITNAP;40.832513;14.271965;881e9d9225fffff;613028143092989951;-1;8;green
1942;ITA;Napoli;ITNAP;40.832513;14.271965;881e9d9347fffff;613028143397076991;-1;8;green
1943;ITA;Napoli;ITNAP;40.832513;14.271965;881e9d9357fffff;613028143413854207;-1;8;green
1944;ITA;Napoli;ITNAP;40.832513;14.271965;881e9d9301fffff;613028143323676671;-1;8;green
1945;ITA;Napoli;ITNAP;40.832513;14.271965;881e9d9311fffff;613028143340453887;-1;8;green
1946;ITA;Napoli;ITNAP;40.832513;14.271965;881e9d9061fffff;613028142619033599;-1;8;green
1947;ITA;Napoli;ITNAP;40.832513;14.271965;881e8329b7fffff;613026328353964031;-1;8;green
1948;ITA;Napoli;ITNAP;40.832513;14.271965;881e9d9331fffff;613028143374008319;-1;8;green
1949;ITA;Napoli;ITNAP;40.832513;14.271965;881e8329c7fffff;613026328370741247;-1;8;green
1950;ITA;Napoli;ITNAP;40.832513;14.271965;881e9d9341fffff;613028143390785535;-1;8;green
1951;ITA;Napoli;ITNAP;40.832513;14.271965;881e9d9351fffff;613028143407562751;-1;8;green
1952;ITA;Napoli;ITNAP;40.832513;14.271965;881e9d931bfffff;613028143350939647;-1;8;green
1953;ITA;Napoli;ITNAP;40.832513;14.271965;881e9d930bfffff;613028143334162431;-1;8;green
1954;ITA;Napoli;ITNAP;40.832513;14.271965;881e9d9209fffff;613028143063629823;-1;8;green
1955;ITA;Olbia;ITOLB;40.922855;9.524417;881e94a961fffff;613027530854629375;-1;8;green
1956;ITA;Olbia;ITOLB;40.922855;9.524417;881e9414bdfffff;613027490954215423;-1;8;green
1957;ITA;Olbia;ITOLB;40.922855;9.524417;881e940649fffff;613027487074484223;-1;8;green
1958;ITA;Olbia;ITOLB;40.922855;9.524417;881e9414a3fffff;613027490926952447;-1;8;green
1959;ITA;Olbia;ITOLB;40.922855;9.524417;881e9414a7fffff;613027490931146751;-1;8;green
1960;ITA;Olbia;ITOLB;40.922855;9.524417;881e9414abfffff;613027490935341055;-1;8;green
1961;ITA;Ortona;ITOTN;42.351184;14.423717;881e818d35fffff;613026217622241279;-1;8;green
1962;ITA;Ortona;ITOTN;42.351184;14.423717;881e818d31fffff;613026217618046975;-1;8;green
1963;ITA;Ortona;ITOTN;42.351184;14.423717;881e818d1dfffff;613026217597075455;-1;8;green
1964;ITA;Ortona;ITOTN;42.351184;14.423717;881e818d39fffff;613026217626435583;-1;8;green
1965;ITA;Ortona;ITOTN;42.351184;14.423717;881e818d19fffff;613026217592881151;-1;8;green
1966;ITA;Ortona;ITOTN;42.351184;14.423717;881e818d15fffff;613026217588686847;-1;8;green
1967;ITA;Ortona;ITOTN;42.351184;14.423717;881e818dedfffff;613026217815179263;-1;8;green
1968;ITA;Ortona;ITOTN;42.351184;14.423717;881e818d11fffff;613026217584492543;-1;8;green
1969;ITA;Ortona;ITOTN;42.351184;14.423717;881e818de9fffff;613026217810984959;-1;8;green
1970;ITA;Ortona;ITOTN;42.351184;14.423717;881e818c2dfffff;613026217345417215;-1;8;green
1971;ITA;Ortona;ITOTN;42.351184;14.423717;881e818de1fffff;613026217802596351;-1;8;green
1972;ITA;Ortona;ITOTN;42.351184;14.423717;881e818c25fffff;613026217337028607;-1;8;green
1973;ITA;Ortona;ITOTN;42.351184;14.423717;881e818c21fffff;613026217332834303;-1;8;green
1974;ITA;Ortona;ITOTN;42.351184;14.423717;881e818d5bfffff;613026217662087167;-1;8;green
1975;ITA;Ortona;ITOTN;42.351184;14.423717;881e818d57fffff;613026217657892863;-1;8;green
1976;ITA;Ortona;ITOTN;42.351184;14.423717;881e818d53fffff;613026217653698559;-1;8;green
1977;ITA;Ortona;ITOTN;42.351184;14.423717;881e818d3bfffff;613026217628532735;-1;8;green
1978;ITA;Ortona;ITOTN;42.351184;14.423717;881e818d33fffff;613026217620144127;-1;8;green
1979;ITA;Ortona;ITOTN;42.351184;14.423717;881e818d1bfffff;613026217594978303;-1;8;green
1980;ITA;Ortona;ITOTN;42.351184;14.423717;881e818d17fffff;613026217590783999;-1;8;green
1981;ITA;Ortona;ITOTN;42.351184;14.423717;881e818d13fffff;613026217586589695;-1;8;green
1982;ITA;Ortona;ITOTN;42.351184;14.423717;881e818d0bfffff;613026217578201087;-1;8;green
1983;ITA;Ortona;ITOTN;42.351184;14.423717;881e818d55fffff;613026217655795711;-1;8;green
1984;ITA;Ortona;ITOTN;42.351184;14.423717;881e818d51fffff;613026217651601407;-1;8;green
1985;ITA;Forio;ITFRD;40.738829;13.85891;881e836307fffff;613026343738671103;-1;8;green
1986;ITA;Forio;ITFRD;40.738829;13.85891;881e836331fffff;613026343782711295;-1;8;green
1987;ITA;Forio;ITFRD;40.738829;13.85891;881e836335fffff;613026343786905599;-1;8;green
1988;ITA;Forio;ITFRD;40.738829;13.85891;881e836337fffff;613026343789002751;-1;8;green
1989;ITA;Forio;ITFRD;40.738829;13.85891;881e836311fffff;613026343749156863;-1;8;green
1990;ITA;Forio;ITFRD;40.738829;13.85891;881e836339fffff;613026343791099903;-1;8;green
1991;ITA;Casamicciola Terme;ITCML;40.752582;13.911264;881e836237fffff;613026343520567295;-1;8;green
1992;ITA;Casamicciola Terme;ITCML;40.752582;13.911264;881e836233fffff;613026343516372991;-1;8;green
1993;ITA;Casamicciola Terme;ITCML;40.752582;13.911264;881e836059fffff;613026343019347967;-1;8;green
1994;ITA;Otranto;ITOTO;40.147354;18.494349;881ed65151fffff;613032042700996607;-1;8;green
1995;ITA;Otranto;ITOTO;40.147354;18.494349;881ed65333fffff;613032043206410239;-1;8;green
1996;ITA;Otranto;ITOTO;40.147354;18.494349;881ed65159fffff;613032042709385215;-1;8;green
1997;ITA;Otranto;ITOTO;40.147354;18.494349;881ed65155fffff;613032042705190911;-1;8;green
1998;ITA;Otranto;ITOTO;40.147354;18.494349;881ed65337fffff;613032043210604543;-1;8;green
1999;ITA;Panarea;ITPAN;38.638091;15.078206;881e9bb557fffff;613028015101706239;-1;8;green
2000;ITA;Panarea;ITPAN;38.638091;15.078206;881e9bb543fffff;613028015080734719;-1;8;green
2001;ITA;Panarea;ITPAN;38.638091;15.078206;881e9bb50bfffff;613028015022014463;-1;8;green
2002;ITA;Panarea;ITPAN;38.638091;15.078206;881e9bb0b7fffff;613028013860192255;-1;8;green
2003;ITA;Panarea;ITPAN;38.638091;15.078206;881e9bb0b3fffff;613028013855997951;-1;8;green
2004;ITA;Panarea;ITPAN;38.638091;15.078206;881e9bb55dfffff;613028015107997695;-1;8;green
2005;ITA;Panarea;ITPAN;38.638091;15.078206;881e9bb525fffff;613028015049277439;-1;8;green
2006;ITA;Panarea;ITPAN;38.638091;15.078206;881e9bb56dfffff;613028015124774911;-1;8;green
2007;ITA;Panarea;ITPAN;38.638091;15.078206;881e9bb551fffff;613028015095414783;-1;8;green
2008;ITA;Porto Azzurro;ITPAZ;42.764324;10.397434;881eb119e5fffff;613029485203161087;-1;8;green
2009;ITA;Porto Azzurro;ITPAZ;42.764324;10.397434;881eb119a1fffff;613029485131857919;-1;8;green
2010;ITA;Porto Azzurro;ITPAZ;42.764324;10.397434;881eb119e7fffff;613029485205258239;-1;8;green
2011;ITA;Porto Azzurro;ITPAZ;42.764324;10.397434;881eb119c5fffff;613029485169606655;-1;8;green
2012;ITA;Porto Azzurro;ITPAZ;42.764324;10.397434;881eb119e9fffff;613029485207355391;-1;8;green
2013;ITA;Porto Azzurro;ITPAZ;42.764324;10.397434;881eb11981fffff;613029485098303487;-1;8;green
2014;ITA;Porto Azzurro;ITPAZ;42.764324;10.397434;881eb119c7fffff;613029485171703807;-1;8;green
2015;ITA;Porto Azzurro;ITPAZ;42.764324;10.397434;881eb15693fffff;613029501491740671;-1;8;green
2016;ITA;Porto Azzurro;ITPAZ;42.764324;10.397434;881eb119a5fffff;613029485136052223;-1;8;green
2017;ITA;Porto Azzurro;ITPAZ;42.764324;10.397434;881eb119ebfffff;613029485209452543;-1;8;green
2018;ITA;Porto Azzurro;ITPAZ;42.764324;10.397434;881eb156dbfffff;613029501567238143;-1;8;green
2019;ITA;Porto Azzurro;ITPAZ;42.764324;10.397434;881eb119a7fffff;613029485138149375;-1;8;green
2020;ITA;Porto Azzurro;ITPAZ;42.764324;10.397434;881eb119edfffff;613029485211549695;-1;8;green
2021;ITA;Porto Azzurro;ITPAZ;42.764324;10.397434;881eb119a9fffff;613029485140246527;-1;8;green
2022;ITA;Porto Azzurro;ITPAZ;42.764324;10.397434;881eb119e3fffff;613029485201063935;-1;8;green
2023;ITA;Porto Azzurro;ITPAZ;42.764324;10.397434;881eb10b4dfffff;613029481285681151;-1;8;green
2024;ITA;Porto Azzurro;ITPAZ;42.764324;10.397434;881eb11931fffff;613029485014417407;-1;8;green
2025;ITA;Porto Azzurro;ITPAZ;42.764324;10.397434;881eb11989fffff;613029485106692095;-1;8;green
2026;ITA;Porto Azzurro;ITPAZ;42.764324;10.397434;881eb1569bfffff;613029501500129279;-1;8;green
2027;ITA;Porto Azzurro;ITPAZ;42.764324;10.397434;881eb119e1fffff;613029485198966783;-1;8;green
2028;ITA;Porto Azzurro;ITPAZ;42.764324;10.397434;881eb11933fffff;613029485016514559;-1;8;green
2029;ITA;Porto Azzurro;ITPAZ;42.764324;10.397434;881eb119adfffff;613029485144440831;-1;8;green
2030;ITA;Pesaro;ITPES;43.920662;12.904572;881ea300c5fffff;613028516386045951;-1;8;green
2031;ITA;Pesaro;ITPES;43.920662;12.904572;881ea300ebfffff;613028516425891839;-1;8;green
2032;ITA;Pesaro;ITPES;43.920662;12.904572;881ea300e9fffff;613028516423794687;-1;8;green
2033;ITA;Pesaro;ITPES;43.920662;12.904572;881ea300edfffff;613028516427988991;-1;8;green
2034;ITA;Portoferraio;ITPFE;42.811991;10.324393;881eb1194bfffff;613029485041680383;-1;8;green
2035;ITA;Portoferraio;ITPFE;42.811991;10.324393;881eb11b61fffff;613029485601619967;-1;8;green
2036;ITA;Portoferraio;ITPFE;42.811991;10.324393;881eb11b3bfffff;613029485561774079;-1;8;green
2037;ITA;Portoferraio;ITPFE;42.811991;10.324393;881eb1ccdbfffff;613029533242621951;-1;8;green
2038;ITA;Portoferraio;ITPFE;42.811991;10.324393;881eb11b15fffff;613029485521928191;-1;8;green
2039;ITA;Portoferraio;ITPFE;42.811991;10.324393;881eb11b63fffff;613029485603717119;-1;8;green
2040;ITA;Portoferraio;ITPFE;42.811991;10.324393;881eb11b39fffff;613029485559676927;-1;8;green
2041;ITA;Portoferraio;ITPFE;42.811991;10.324393;881eb11b6dfffff;613029485614202879;-1;8;green
2042;ITA;Portoferraio;ITPFE;42.811991;10.324393;881eb11b03fffff;613029485503053823;-1;8;green
2043;ITA;Portoferraio;ITPFE;42.811991;10.324393;881eb11b65fffff;613029485605814271;-1;8;green
2044;ITA;Portoferraio;ITPFE;42.811991;10.324393;881eb11b25fffff;613029485538705407;-1;8;green
2045;ITA;Portoferraio;ITPFE;42.811991;10.324393;881eb11b35fffff;613029485555482623;-1;8;green
2046;ITA;Portoferraio;ITPFE;42.811991;10.324393;881eb11b05fffff;613029485505150975;-1;8;green
2047;ITA;Portoferraio;ITPFE;42.811991;10.324393;881eb11b67fffff;613029485607911423;-1;8;green
2048;ITA;Portoferraio;ITPFE;42.811991;10.324393;881eb1ceb3fffff;613029533737549823;-1;8;green
2049;ITA;Portoferraio;ITPFE;42.811991;10.324393;881eb11949fffff;613029485039583231;-1;8;green
2050;ITA;Portoferraio;ITPFE;42.811991;10.324393;881eb11b11fffff;613029485517733887;-1;8;green
2051;ITA;Piombino;ITPIO;42.931995;10.545864;881eb11111fffff;613029482833379327;-1;8;green
2052;ITA;Piombino;ITPIO;42.931995;10.545864;881eb11119fffff;613029482841767935;-1;8;green
2053;ITA;Piombino;ITPIO;42.931995;10.545864;881eb111ebfffff;613029483061968895;-1;8;green
2054;ITA;Piombino;ITPIO;42.931995;10.545864;881eb111c5fffff;613029483022123007;-1;8;green
2055;ITA;Piombino;ITPIO;42.931995;10.545864;881eb11153fffff;613029482902585343;-1;8;green
2056;ITA;Piombino;ITPIO;42.931995;10.545864;881eb111cdfffff;613029483030511615;-1;8;green
2057;ITA;Piombino;ITPIO;42.931995;10.545864;881eb11113fffff;613029482835476479;-1;8;green
2058;ITA;Piombino;ITPIO;42.931995;10.545864;881eb11189fffff;613029482959208447;-1;8;green
2059;ITA;Piombino;ITPIO;42.931995;10.545864;881eb11027fffff;613029482588012543;-1;8;green
2060;ITA;Piombino;ITPIO;42.931995;10.545864;881eb1118dfffff;613029482963402751;-1;8;green
2061;ITA;Piombino;ITPIO;42.931995;10.545864;881eb1111bfffff;613029482843865087;-1;8;green
2062;ITA;Piombino;ITPIO;42.931995;10.545864;881eb111e1fffff;613029483051483135;-1;8;green
2063;ITA;Piombino;ITPIO;42.931995;10.545864;881eb111edfffff;613029483064066047;-1;8;green
2064;ITA;Piombino;ITPIO;42.931995;10.545864;881eb111c7fffff;613029483024220159;-1;8;green
2065;ITA;Piombino;ITPIO;42.931995;10.545864;881eb11197fffff;613029482973888511;-1;8;green
2066;ITA;Piombino;ITPIO;42.931995;10.545864;881eb10241fffff;613029478857179135;-1;8;green
2067;ITA;Piombino;ITPIO;42.931995;10.545864;881eb10269fffff;613029478899122175;-1;8;green
2068;ITA;Piombino;ITPIO;42.931995;10.545864;881eb110a5fffff;613029482720133119;-1;8;green
2069;ITA;Piombino;ITPIO;42.931995;10.545864;881eb110a7fffff;613029482722230271;-1;8;green
2070;ITA;Piombino;ITPIO;42.931995;10.545864;881eb11195fffff;613029482971791359;-1;8;green
2071;ITA;Piombino;ITPIO;42.931995;10.545864;881eb1024dfffff;613029478869762047;-1;8;green
2072;ITA;Piombino;ITPIO;42.931995;10.545864;881eb1026bfffff;613029478901219327;-1;8;green
2073;ITA;Piombino;ITPIO;42.931995;10.545864;881eb10243fffff;613029478859276287;-1;8;green
2074;ITA;Piombino;ITPIO;42.931995;10.545864;881eb11193fffff;613029482969694207;-1;8;green
2075;ITA;Piombino;ITPIO;42.931995;10.545864;881eb10209fffff;613029478798458879;-1;8;green
2076;ITA;Piombino;ITPIO;42.931995;10.545864;881eb110a1fffff;613029482715938815;-1;8;green
2077;ITA;Piombino;ITPIO;42.931995;10.545864;881eb11191fffff;613029482967597055;-1;8;green
2078;ITA;Piombino;ITPIO;42.931995;10.545864;881eb111b9fffff;613029483009540095;-1;8;green
2079;ITA;Piombino;ITPIO;42.931995;10.545864;881eb1108dfffff;613029482694967295;-1;8;green
2080;ITA;Piombino;ITPIO;42.931995;10.545864;881eb11085fffff;613029482686578687;-1;8;green
2081;ITA;Piombino;ITPIO;42.931995;10.545864;881eb1119dfffff;613029482980179967;-1;8;green
2082;ITA;Piombino;ITPIO;42.931995;10.545864;881eb110e1fffff;613029482783047679;-1;8;green
2083;ITA;Piombino;ITPIO;42.931995;10.545864;881eb10247fffff;613029478863470591;-1;8;green
2084;ITA;Piombino;ITPIO;42.931995;10.545864;881eb1119bfffff;613029482978082815;-1;8;green
2085;ITA;Piombino;ITPIO;42.931995;10.545864;881eb10261fffff;613029478890733567;-1;8;green
2086;ITA;Piombino;ITPIO;42.931995;10.545864;881eb10245fffff;613029478861373439;-1;8;green
2087;ITA;Piombino;ITPIO;42.931995;10.545864;881eb11199fffff;613029482975985663;-1;8;green
2088;ITA;Marghera;ITPMA;45.465793;12.233153;881ea5413dfffff;613028671130697727;-1;8;green
2089;ITA;Marghera;ITPMA;45.465793;12.233153;881ea54ab5fffff;613028673672445951;-1;8;green
2090;ITA;Marghera;ITPMA;45.465793;12.233153;881ea548cbfffff;613028673158643711;-1;8;green
2091;ITA;Marghera;ITPMA;45.465793;12.233153;881ea548c9fffff;613028673156546559;-1;8;green
2092;ITA;Marghera;ITPMA;45.465793;12.233153;881ea54133fffff;613028671120211967;-1;8;green
2093;ITA;Marghera;ITPMA;45.465793;12.233153;881ea54a83fffff;613028673620017151;-1;8;green
2094;ITA;Marghera;ITPMA;45.465793;12.233153;881ea548c1fffff;613028673148157951;-1;8;green
2095;ITA;Marghera;ITPMA;45.465793;12.233153;881ea54a8bfffff;613028673628405759;-1;8;green
2096;ITA;Marghera;ITPMA;45.465793;12.233153;881ea54abdfffff;613028673680834559;-1;8;green
2097;ITA;Marghera;ITPMA;45.465793;12.233153;881ea54a87fffff;613028673624211455;-1;8;green
2098;ITA;Marghera;ITPMA;45.465793;12.233153;881ea54ab9fffff;613028673676640255;-1;8;green
2099;ITA;Palmi;ITPMM;38.390157;15.861487;883f26c4a7fffff;613600521172811775;-1;8;green
2100;ITA;Palmi;ITPMM;38.390157;15.861487;883f26c59bfffff;613600521428664319;-1;8;green
2101;ITA;Palermo;ITPMO;38.136521;13.370205;881e9a05a9fffff;613027899223572479;-1;8;green
2102;ITA;Palermo;ITPMO;38.136521;13.370205;881e9a05cdfffff;613027899261321215;-1;8;green
2103;ITA;Palermo;ITPMO;38.136521;13.370205;881e9a053bfffff;613027899108229119;-1;8;green
2104;ITA;Palermo;ITPMO;38.136521;13.370205;881e9a05b9fffff;613027899240349695;-1;8;green
2105;ITA;Palermo;ITPMO;38.136521;13.370205;881e9a05a5fffff;613027899219378175;-1;8;green
2106;ITA;Palermo;ITPMO;38.136521;13.370205;881e9a05c9fffff;613027899257126911;-1;8;green
2107;ITA;Palermo;ITPMO;38.136521;13.370205;881e9a05b5fffff;613027899236155391;-1;8;green
2108;ITA;Palermo;ITPMO;38.136521;13.370205;881e9a0559fffff;613027899139686399;-1;8;green
2109;ITA;Palermo;ITPMO;38.136521;13.370205;881e9a05a1fffff;613027899215183871;-1;8;green
2110;ITA;Palermo;ITPMO;38.136521;13.370205;881e9a05c5fffff;613027899252932607;-1;8;green
2111;ITA;Palermo;ITPMO;38.136521;13.370205;881e9a0ed3fffff;613027901683531775;-1;8;green
2112;ITA;Palermo;ITPMO;38.136521;13.370205;881e9a05bdfffff;613027899244543999;-1;8;green
2113;ITA;Palermo;ITPMO;38.136521;13.370205;881e9a05c1fffff;613027899248738303;-1;8;green
2114;ITA;Palermo;ITPMO;38.136521;13.370205;881e9a05abfffff;613027899225669631;-1;8;green
2115;ITA;Palermo;ITPMO;38.136521;13.370205;881e9a0553fffff;613027899133394943;-1;8;green
2116;ITA;Palermo;ITPMO;38.136521;13.370205;881e9a05adfffff;613027899227766783;-1;8;green
2117;ITA;Palermo;ITPMO;38.136521;13.370205;881e9a05e3fffff;613027899284389887;-1;8;green
2118;ITA;Palermo;ITPMO;38.136521;13.370205;881e9a0551fffff;613027899131297791;-1;8;green
2119;ITA;Palermo;ITPMO;38.136521;13.370205;881e9a0587fffff;613027899187920895;-1;8;green
2120;ITA;Porto Nogaro;ITPNG;45.806914;13.227918;881ea5215bfffff;613028662572220415;-1;8;green
2121;ITA;Porto Nogaro;ITPNG;45.806914;13.227918;881ea521cdfffff;613028662691758079;-1;8;green
2122;ITA;Porto Nogaro;ITPNG;45.806914;13.227918;881ea52113fffff;613028662496722943;-1;8;green
2123;ITA;Porto Nogaro;ITPNG;45.806914;13.227918;881ea52067fffff;613028662316367871;-1;8;green
2124;ITA;Porto Nogaro;ITPNG;45.806914;13.227918;881ea52317fffff;613028663037788159;-1;8;green
2125;ITA;Porto Nogaro;ITPNG;45.806914;13.227918;881ea52185fffff;613028662616260607;-1;8;green
2126;ITA;Porto Nogaro;ITPNG;45.806914;13.227918;881ea5202dfffff;613028662255550463;-1;8;green
2127;ITA;Porto Nogaro;ITPNG;45.806914;13.227918;881ea521bdfffff;613028662674980863;-1;8;green
2128;ITA;Porto Nogaro;ITPNG;45.806914;13.227918;881ea521cbfffff;613028662689660927;-1;8;green
2129;ITA;Porto Nogaro;ITPNG;45.806914;13.227918;881ea52111fffff;613028662494625791;-1;8;green
2130;ITA;Porto Nogaro;ITPNG;45.806914;13.227918;881ea52065fffff;613028662314270719;-1;8;green
2131;ITA;Porto Nogaro;ITPNG;45.806914;13.227918;881ea521e7fffff;613028662719021055;-1;8;green
2132;ITA;Porto Nogaro;ITPNG;45.806914;13.227918;881ea521c9fffff;613028662687563775;-1;8;green
2133;ITA;Porto Nogaro;ITPNG;45.806914;13.227918;881ea52181fffff;613028662612066303;-1;8;green
2134;ITA;Porto Nogaro;ITPNG;45.806914;13.227918;881ea52311fffff;613028663031496703;-1;8;green
2135;ITA;Porto Nogaro;ITPNG;45.806914;13.227918;881ea521abfffff;613028662656106495;-1;8;green
2136;ITA;Porto Nogaro;ITPNG;45.806914;13.227918;881ea521c7fffff;613028662685466623;-1;8;green
2137;ITA;Porto Nogaro;ITPNG;45.806914;13.227918;881ea521d5fffff;613028662700146687;-1;8;green
2138;ITA;Porto Nogaro;ITPNG;45.806914;13.227918;881ea5211bfffff;613028662505111551;-1;8;green
2139;ITA;Porto Nogaro;ITPNG;45.806914;13.227918;881ea521ebfffff;613028662723215359;-1;8;green
2140;ITA;Porto Nogaro;ITPNG;45.806914;13.227918;881ea52061fffff;613028662310076415;-1;8;green
2141;ITA;Porto Nogaro;ITPNG;45.806914;13.227918;881ea521e3fffff;613028662714826751;-1;8;green
2142;ITA;Porto Nogaro;ITPNG;45.806914;13.227918;881ea5218dfffff;613028662624649215;-1;8;green
2143;ITA;Porto Nogaro;ITPNG;45.806914;13.227918;881ea52027fffff;613028662249259007;-1;8;green
2144;ITA;Porto Nogaro;ITPNG;45.806914;13.227918;881ea52187fffff;613028662618357759;-1;8;green
2145;ITA;Porto Nogaro;ITPNG;45.806914;13.227918;881ea521a9fffff;613028662654009343;-1;8;green
2146;ITA;Porto Nogaro;ITPNG;45.806914;13.227918;881ea52153fffff;613028662563831807;-1;8;green
2147;ITA;Porto Nogaro;ITPNG;45.806914;13.227918;881ea521c5fffff;613028662683369471;-1;8;green
2148;ITA;Porto Nogaro;ITPNG;45.806914;13.227918;881ea52069fffff;613028662318465023;-1;8;green
2149;ITA;Porto Nogaro;ITPNG;45.806914;13.227918;881ea52119fffff;613028662503014399;-1;8;green
2150;ITA;Porto Nogaro;ITPNG;45.806914;13.227918;881ea521e1fffff;613028662712729599;-1;8;green
2151;ITA;Porto Nogaro;ITPNG;45.806914;13.227918;881ea5206dfffff;613028662322659327;-1;8;green
2152;ITA;Porto Nogaro;ITPNG;45.806914;13.227918;881ea52025fffff;613028662247161855;-1;8;green
2153;ITA;Porto Nogaro;ITPNG;45.806914;13.227918;881ea52189fffff;613028662620454911;-1;8;green
2154;ITA;Porto Nogaro;ITPNG;45.806914;13.227918;881ea52319fffff;613028663039885311;-1;8;green
2155;ITA;Porto Nogaro;ITPNG;45.806914;13.227918;881ea52115fffff;613028662498820095;-1;8;green
2156;ITA;Porto Nogaro;ITPNG;45.806914;13.227918;881ea52269fffff;613028662855335935;-1;8;green
2157;ITA;Porto Nogaro;ITPNG;45.806914;13.227918;881ea53197fffff;613028666930102271;-1;8;green
2158;ITA;Porto Nogaro;ITPNG;45.806914;13.227918;881ea530a9fffff;613028666680541183;-1;8;green
2159;ITA;Porto Nogaro;ITPNG;45.806914;13.227918;881ea5224dfffff;613028662825975807;-1;8;green
2160;ITA;Porto Nogaro;ITPNG;45.806914;13.227918;881ea52245fffff;613028662817587199;-1;8;green
2161;ITA;Porto Nogaro;ITPNG;45.806914;13.227918;881ea530a7fffff;613028666678444031;-1;8;green
2162;ITA;Porto Nogaro;ITPNG;45.806914;13.227918;881ea530a1fffff;613028666672152575;-1;8;green
2163;ITA;Positano;ITPOS;40.627225;14.486319;881e9d80ebfffff;613028138468769791;-1;8;green
2164;ITA;Positano;ITPOS;40.627225;14.486319;881e9d8005fffff;613028138227597311;-1;8;green
2165;ITA;Positano;ITPOS;40.627225;14.486319;881e9d8007fffff;613028138229694463;-1;8;green
2166;ITA;Pozzuoli;ITPOZ;40.825168;14.117393;881e836667fffff;613026344644640767;-1;8;green
2167;ITA;Pozzuoli;ITPOZ;40.825168;14.117393;881e836653fffff;613026344623669247;-1;8;green
2168;ITA;Pozzuoli;ITPOZ;40.825168;14.117393;881e836663fffff;613026344640446463;-1;8;green
2169;ITA;Pozzuoli;ITPOZ;40.825168;14.117393;881e837593fffff;613026348717309951;-1;8;green
2170;ITA;Pozzuoli;ITPOZ;40.825168;14.117393;881e836619fffff;613026344562851839;-1;8;green
2171;ITA;Pozzuoli;ITPOZ;40.825168;14.117393;881e836655fffff;613026344625766399;-1;8;green
2172;ITA;Pozzuoli;ITPOZ;40.825168;14.117393;881e836629fffff;613026344579629055;-1;8;green
2173;ITA;Pozzuoli;ITPOZ;40.825168;14.117393;881e836651fffff;613026344621572095;-1;8;green
2174;ITA;Pozzuoli;ITPOZ;40.825168;14.117393;881e83660dfffff;613026344550268927;-1;8;green
2175;ITA;Pozzuoli;ITPOZ;40.825168;14.117393;881e836603fffff;613026344539783167;-1;8;green
2176;ITA;Pozzuoli;ITPOZ;40.825168;14.117393;881e83759bfffff;613026348725698559;-1;8;green
2177;ITA;Capri;ITPRJ;40.556223;14.242025;881e9d990bfffff;613028144944775167;-1;8;green
2178;ITA;Capri;ITPRJ;40.556223;14.242025;881e9d9937fffff;613028144990912511;-1;8;green
2179;ITA;Capri;ITPRJ;40.556223;14.242025;881e9dd6d1fffff;613028161526956031;-1;8;green
2180;ITA;Capri;ITPRJ;40.556223;14.242025;881e9d99adfffff;613028145114644479;-1;8;green
2181;ITA;Capri;ITPRJ;40.556223;14.242025;881e9d9931fffff;613028144984621055;-1;8;green
2182;ITA;Capri;ITPRJ;40.556223;14.242025;881e9d9953fffff;613028145020272639;-1;8;green
2183;ITA;Capri;ITPRJ;40.556223;14.242025;881e9d9935fffff;613028144988815359;-1;8;green
2184;ITA;Capri;ITPRJ;40.556223;14.242025;881e9d9957fffff;613028145024466943;-1;8;green
2185;ITA;Capri;ITPRJ;40.556223;14.242025;881e9d998dfffff;613028145081090047;-1;8;green
2186;ITA;Capri;ITPRJ;40.556223;14.242025;881e9d9903fffff;613028144936386559;-1;8;green
2187;ITA;Capri;ITPRJ;40.556223;14.242025;881e9dd6ddfffff;613028161539538943;-1;8;green
2188;ITA;Capri;ITPRJ;40.556223;14.242025;881e9d9939fffff;613028144993009663;-1;8;green
2189;ITA;Capri;ITPRJ;40.556223;14.242025;881e9dd6d3fffff;613028161529053183;-1;8;green
2190;ITA;Procida;ITPRO;40.766914;14.029716;881e8360dbfffff;613026343155662847;-1;8;green
2191;ITA;Procida;ITPRO;40.766914;14.029716;881e836705fffff;613026344810315775;-1;8;green
2192;ITA;Procida;ITPRO;40.766914;14.029716;881e836767fffff;613026344913076223;-1;8;green
2193;ITA;La Spezia;ITSPE;44.101545;9.825776;881eb585e3fffff;613029789070000127;-1;8;green
2194;ITA;La Spezia;ITSPE;44.101545;9.825776;881eb585d5fffff;613029789055320063;-1;8;green
2195;ITA;La Spezia;ITSPE;44.101545;9.825776;881eb585c7fffff;613029789040639999;-1;8;green
2196;ITA;La Spezia;ITSPE;44.101545;9.825776;881eb585b9fffff;613029789025959935;-1;8;green
2197;ITA;La Spezia;ITSPE;44.101545;9.825776;881eb585abfffff;613029789011279871;-1;8;green
2198;ITA;La Spezia;ITSPE;44.101545;9.825776;881eb5859dfffff;613029788996599807;-1;8;green
2199;ITA;La Spezia;ITSPE;44.101545;9.825776;881eb58581fffff;613029788967239679;-1;8;green
2200;ITA;La Spezia;ITSPE;44.101545;9.825776;881eb58537fffff;613029788889645055;-1;8;green
2201;ITA;La Spezia;ITSPE;44.101545;9.825776;881eb585e7fffff;613029789074194431;-1;8;green
2202;ITA;La Spezia;ITSPE;44.101545;9.825776;881eb585cbfffff;613029789044834303;-1;8;green
2203;ITA;La Spezia;ITSPE;44.101545;9.825776;881eb585bdfffff;613029789030154239;-1;8;green
2204;ITA;La Spezia;ITSPE;44.101545;9.825776;881eb585a1fffff;613029789000794111;-1;8;green
2205;ITA;La Spezia;ITSPE;44.101545;9.825776;881eb58593fffff;613029788986114047;-1;8;green
2206;ITA;La Spezia;ITSPE;44.101545;9.825776;881eb58585fffff;613029788971433983;-1;8;green
2207;ITA;La Spezia;ITSPE;44.101545;9.825776;881eb58ed3fffff;613029791469142015;-1;8;green
2208;ITA;La Spezia;ITSPE;44.101545;9.825776;881eb585ebfffff;613029789078388735;-1;8;green
2209;ITA;La Spezia;ITSPE;44.101545;9.825776;881eb585ddfffff;613029789063708671;-1;8;green
2210;ITA;La Spezia;ITSPE;44.101545;9.825776;881eb5bb59fffff;613029803420811263;-1;8;green
2211;ITA;La Spezia;ITSPE;44.101545;9.825776;881eb585b3fffff;613029789019668479;-1;8;green
2212;ITA;La Spezia;ITSPE;44.101545;9.825776;881eb5bb4bfffff;613029803406131199;-1;8;green
2213;ITA;La Spezia;ITSPE;44.101545;9.825776;881eb585a5fffff;613029789004988415;-1;8;green
2214;ITA;La Spezia;ITSPE;44.101545;9.825776;881eb58589fffff;613029788975628287;-1;8;green
2215;ITA;La Spezia;ITSPE;44.101545;9.825776;881eb58e83fffff;613029791385255935;-1;8;green
2216;ITA;La Spezia;ITSPE;44.101545;9.825776;881eb58435fffff;613029788619112447;-1;8;green
2217;ITA;La Spezia;ITSPE;44.101545;9.825776;881eb585e1fffff;613029789067902975;-1;8;green
2218;ITA;La Spezia;ITSPE;44.101545;9.825776;881eb585d3fffff;613029789053222911;-1;8;green
2219;ITA;La Spezia;ITSPE;44.101545;9.825776;881eb5bb5dfffff;613029803425005567;-1;8;green
2220;ITA;La Spezia;ITSPE;44.101545;9.825776;881eb585b7fffff;613029789023862783;-1;8;green
2221;ITA;La Spezia;ITSPE;44.101545;9.825776;881eb585a9fffff;613029789009182719;-1;8;green
2222;ITA;La Spezia;ITSPE;44.101545;9.825776;881eb5858dfffff;613029788979822591;-1;8;green
2223;ITA;La Spezia;ITSPE;44.101545;9.825776;881eb58edbfffff;613029791477530623;-1;8;green
2224;ITA;La Spezia;ITSPE;44.101545;9.825776;881eb58e95fffff;613029791404130303;-1;8;green
2225;ITA;La Spezia;ITSPE;44.101545;9.825776;881eb585e5fffff;613029789072097279;-1;8;green
2226;ITA;La Spezia;ITSPE;44.101545;9.825776;881eb585d7fffff;613029789057417215;-1;8;green
2227;ITA;La Spezia;ITSPE;44.101545;9.825776;881eb585c9fffff;613029789042737151;-1;8;green
2228;ITA;La Spezia;ITSPE;44.101545;9.825776;881eb585bbfffff;613029789028057087;-1;8;green
2229;ITA;La Spezia;ITSPE;44.101545;9.825776;881eb585adfffff;613029789013377023;-1;8;green
2230;ITA;La Spezia;ITSPE;44.101545;9.825776;881eb58591fffff;613029788984016895;-1;8;green
2231;ITA;La Spezia;ITSPE;44.101545;9.825776;881eb58583fffff;613029788969336831;-1;8;green
2232;ITA;La Spezia;ITSPE;44.101545;9.825776;881eb58ed1fffff;613029791467044863;-1;8;green
2233;ITA;La Spezia;ITSPE;44.101545;9.825776;881eb58e99fffff;613029791408324607;-1;8;green
2234;ITA;La Spezia;ITSPE;44.101545;9.825776;881eb58513fffff;613029788851896319;-1;8;green
2235;ITA;La Spezia;ITSPE;44.101545;9.825776;881eb585e9fffff;613029789076291583;-1;8;green
2236;ITA;La Spezia;ITSPE;44.101545;9.825776;881eb5858bfffff;613029788977725439;-1;8;green
2237;ITA;La Spezia;ITSPE;44.101545;9.825776;881eb585cdfffff;613029789046931455;-1;8;green
2238;ITA;La Spezia;ITSPE;44.101545;9.825776;881eb5ba65fffff;613029803164958719;-1;8;green
2239;ITA;La Spezia;ITSPE;44.101545;9.825776;881eb58595fffff;613029788988211199;-1;8;green
2240;ITA;La Spezia;ITSPE;44.101545;9.825776;881eb58587fffff;613029788973531135;-1;8;green
2241;ITA;La Spezia;ITSPE;44.101545;9.825776;881eb58599fffff;613029788992405503;-1;8;green
2242;ITA;La Spezia;ITSPE;44.101545;9.825776;881eb58e9dfffff;613029791412518911;-1;8;green
2243;ITA;La Spezia;ITSPE;44.101545;9.825776;881eb58533fffff;613029788885450751;-1;8;green
2244;ITA;La Spezia;ITSPE;44.101545;9.825776;881eb58517fffff;613029788856090623;-1;8;green
2245;ITA;La Spezia;ITSPE;44.101545;9.825776;881eb585edfffff;613029789080485887;-1;8;green
2246;ITA;La Spezia;ITSPE;44.101545;9.825776;881eb58425fffff;613029788602335231;-1;8;green
2247;ITA;La Spezia;ITSPE;44.101545;9.825776;881eb585d1fffff;613029789051125759;-1;8;green
2248;ITA;La Spezia;ITSPE;44.101545;9.825776;881eb585b5fffff;613029789021765631;-1;8;green
2249;ITA;Pescara;ITPSR;42.467165;14.231822;881e818a51fffff;613026216846295039;-1;8;green
2250;ITA;Pescara;ITPSR;42.467165;14.231822;881e818a09fffff;613026216770797567;-1;8;green
2251;ITA;Pescara;ITPSR;42.467165;14.231822;881e818a0bfffff;613026216772894719;-1;8;green
2252;ITA;Pescara;ITPSR;42.467165;14.231822;881e818a01fffff;613026216762408959;-1;8;green
2253;ITA;Pescara;ITPSR;42.467165;14.231822;881e818a5bfffff;613026216856780799;-1;8;green
2254;ITA;Pescara;ITPSR;42.467165;14.231822;881e818a55fffff;613026216850489343;-1;8;green
2255;ITA;Pescara;ITPSR;42.467165;14.231822;881e8198b7fffff;613026220711346175;-1;8;green
2256;ITA;Pescara;ITPSR;42.467165;14.231822;881e818a5dfffff;613026216858877951;-1;8;green
2257;ITA;Pescara;ITPSR;42.467165;14.231822;881e818a57fffff;613026216852586495;-1;8;green
2258;ITA;Porto Torres;ITPTO;40.840554;8.397398;883949ac13fffff;613497366640590847;-1;8;green
2259;ITA;Porto Torres;ITPTO;40.840554;8.397398;883949ac1bfffff;613497366648979455;-1;8;green
2260;ITA;Porto Torres;ITPTO;40.840554;8.397398;883949aea5fffff;613497367330553855;-1;8;green
2261;ITA;Porto Torres;ITPTO;40.840554;8.397398;883949ac11fffff;613497366638493695;-1;8;green
2262;ITA;Porto Torres;ITPTO;40.840554;8.397398;883949ac39fffff;613497366680436735;-1;8;green
2263;ITA;Porto Torres;ITPTO;40.840554;8.397398;883949accdfffff;613497366835625983;-1;8;green
2264;ITA;Porto Torres;ITPTO;40.840554;8.397398;883949ac15fffff;613497366642687999;-1;8;green
2265;ITA;Porto Torres;ITPTO;40.840554;8.397398;883949ac03fffff;613497366623813631;-1;8;green
2266;ITA;Porto Torres;ITPTO;40.840554;8.397398;883949ac19fffff;613497366646882303;-1;8;green
2267;ITA;Porto Torres;ITPTO;40.840554;8.397398;883949ac07fffff;613497366628007935;-1;8;green
2268;ITA;Porto Torres;ITPTO;40.840554;8.397398;883949ac1dfffff;613497366651076607;-1;8;green
2269;ITA;Porto Torres;ITPTO;40.840554;8.397398;883949ac57fffff;613497366711894015;-1;8;green
2270;ITA;Pozzallo;ITPZL;36.716755;14.831726;883f3085d1fffff;613601191500185599;-1;8;green
2271;ITA;Pozzallo;ITPZL;36.716755;14.831726;883f308431fffff;613601191063977983;-1;8;green
2272;ITA;Pozzallo;ITPZL;36.716755;14.831726;883f308433fffff;613601191066075135;-1;8;green
2273;ITA;Pozzallo;ITPZL;36.716755;14.831726;883f3085d9fffff;613601191508574207;-1;8;green
2274;ITA;Pozzallo;ITPZL;36.716755;14.831726;883f3085ddfffff;613601191512768511;-1;8;green
2275;ITA;Pozzallo;ITPZL;36.716755;14.831726;883f308439fffff;613601191072366591;-1;8;green
2276;ITA;Pozzallo;ITPZL;36.716755;14.831726;883f3084a9fffff;613601191189807103;-1;8;green
2277;ITA;Pozzallo;ITPZL;36.716755;14.831726;883f3084e1fffff;613601191248527359;-1;8;green
2278;ITA;Pozzallo;ITPZL;36.716755;14.831726;883f3084e3fffff;613601191250624511;-1;8;green
2279;ITA;Pozzallo;ITPZL;36.716755;14.831726;883f3084e5fffff;613601191252721663;-1;8;green
2280;ITA;Pozzallo;ITPZL;36.716755;14.831726;883f308413fffff;613601191032520703;-1;8;green
2281;ITA;Pozzallo;ITPZL;36.716755;14.831726;883f3084e9fffff;613601191256915967;-1;8;green
2282;ITA;Pozzallo;ITPZL;36.716755;14.831726;883f30848dfffff;613601191160446975;-1;8;green
2283;ITA;Pozzallo;ITPZL;36.716755;14.831726;883f3084ebfffff;613601191259013119;-1;8;green
2284;ITA;Pozzallo;ITPZL;36.716755;14.831726;883f3084edfffff;613601191261110271;-1;8;green
2285;ITA;Pozzallo;ITPZL;36.716755;14.831726;883f308485fffff;613601191152058367;-1;8;green
2286;ITA;Pozzallo;ITPZL;36.716755;14.831726;883f30841dfffff;613601191043006463;-1;8;green
2287;ITA;Alghero;ITAHO;40.565586;8.305476;8839493881fffff;613497335617421311;-1;8;green
2288;ITA;Alghero;ITAHO;40.565586;8.305476;88394938d7fffff;613497335707598847;-1;8;green
2289;ITA;Alghero;ITAHO;40.565586;8.305476;88394938c3fffff;613497335686627327;-1;8;green
2290;ITA;Amalfi;ITAMA;40.633136;14.599431;881e9d8409fffff;613028139305533439;-1;8;green
2291;ITA;Amalfi;ITAMA;40.633136;14.599431;881e9d8549fffff;613028139641077759;-1;8;green
2292;ITA;Amalfi;ITAMA;40.633136;14.599431;881e9d8519fffff;613028139590746111;-1;8;green
2293;ITA;Amalfi;ITAMA;40.633136;14.599431;881e9d8557fffff;613028139655757823;-1;8;green
2294;ITA;Amalfi;ITAMA;40.633136;14.599431;881e9d80d7fffff;613028138447798271;-1;8;green
2295;ITA;Amalfi;ITAMA;40.633136;14.599431;881e9d8541fffff;613028139632689151;-1;8;green
2296;ITA;Amalfi;ITAMA;40.633136;14.599431;881e9d8467fffff;613028139404099583;-1;8;green
2297;ITA;Amalfi;ITAMA;40.633136;14.599431;881e9d8099fffff;613028138382786559;-1;8;green
2298;ITA;Amalfi;ITAMA;40.633136;14.599431;881e9d8555fffff;613028139653660671;-1;8;green
2299;ITA;Amalfi;ITAMA;40.633136;14.599431;881e9d808bfffff;613028138368106495;-1;8;green
2300;ITA;Amalfi;ITAMA;40.633136;14.599431;881e9d8447fffff;613028139370545151;-1;8;green
2301;ITA;Amalfi;ITAMA;40.633136;14.599431;881e9d855bfffff;613028139659952127;-1;8;green
2302;ITA;Amalfi;ITAMA;40.633136;14.599431;881e9d8543fffff;613028139634786303;-1;8;green
2303;ITA;Amalfi;ITAMA;40.633136;14.599431;881e9d8091fffff;613028138374397951;-1;8;green
2304;ITA;Amalfi;ITAMA;40.633136;14.599431;881e9d854dfffff;613028139645272063;-1;8;green
2305;ITA;Amalfi;ITAMA;40.633136;14.599431;881e9d80d5fffff;613028138445701119;-1;8;green
2306;ITA;Amalfi;ITAMA;40.633136;14.599431;881e9d8443fffff;613028139366350847;-1;8;green
2307;ITA;Amalfi;ITAMA;40.633136;14.599431;881e9d846bfffff;613028139408293887;-1;8;green
2308;ITA;Amalfi;ITAMA;40.633136;14.599431;881e9d809dfffff;613028138386980863;-1;8;green
2309;ITA;Amalfi;ITAMA;40.633136;14.599431;881e9d8559fffff;613028139657854975;-1;8;green
2310;ITA;Amalfi;ITAMA;40.633136;14.599431;881e9d8721fffff;613028140136005631;-1;8;green
2311;ITA;Amalfi;ITAMA;40.633136;14.599431;881e9d840bfffff;613028139307630591;-1;8;green
2312;ITA;Amalfi;ITAMA;40.633136;14.599431;881e9d8551fffff;613028139649466367;-1;8;green
2313;ITA;Amalfi;ITAMA;40.633136;14.599431;881e9d854bfffff;613028139643174911;-1;8;green
2314;ITA;Amalfi;ITAMA;40.633136;14.599431;881e9d8441fffff;613028139364253695;-1;8;green
2315;ITA;Ancona;ITAOI;43.616973;13.495666;881ea32d03fffff;613028528262217727;-1;8;green
2316;ITA;Ancona;ITAOI;43.616973;13.495666;881e8592c7fffff;613026493995417599;-1;8;green
2317;ITA;Ancona;ITAOI;43.616973;13.495666;881ea32d3dfffff;613028528323035135;-1;8;green
2318;ITA;Ancona;ITAOI;43.616973;13.495666;881ea32de1fffff;613028528495001599;-1;8;green
2319;ITA;Ancona;ITAOI;43.616973;13.495666;881e859289fffff;613026493930405887;-1;8;green
2320;ITA;Ancona;ITAOI;43.616973;13.495666;881ea32d17fffff;613028528283189247;-1;8;green
2321;ITA;Ancona;ITAOI;43.616973;13.495666;881ea32d33fffff;613028528312549375;-1;8;green
2322;ITA;Ancona;ITAOI;43.616973;13.495666;881e85928dfffff;613026493934600191;-1;8;green
2323;ITA;Ancona;ITAOI;43.616973;13.495666;881e8592c3fffff;613026493991223295;-1;8;green
2324;ITA;Ancona;ITAOI;43.616973;13.495666;881ea32d39fffff;613028528318840831;-1;8;green
2325;ITA;Ancona;ITAOI;43.616973;13.495666;881e8592cdfffff;613026494001709055;-1;8;green
2326;ITA;Ancona;ITAOI;43.616973;13.495666;881ea32de5fffff;613028528499195903;-1;8;green
2327;ITA;Ancona;ITAOI;43.616973;13.495666;881e859285fffff;613026493926211583;-1;8;green
2328;ITA;Ancona;ITAOI;43.616973;13.495666;881ea32dadfffff;613028528440475647;-1;8;green
2329;ITA;Ancona;ITAOI;43.616973;13.495666;881e8592d5fffff;613026494010097663;-1;8;green
2330;ITA;Ancona;ITAOI;43.616973;13.495666;881ea32de7fffff;613028528501293055;-1;8;green
2331;ITA;Ancona;ITAOI;43.616973;13.495666;881ea32d35fffff;613028528314646527;-1;8;green
2332;ITA;Ancona;ITAOI;43.616973;13.495666;881e8592c9fffff;613026493997514751;-1;8;green
2333;ITA;Ancona;ITAOI;43.616973;13.495666;881ea32d11fffff;613028528276897791;-1;8;green
2334;ITA;Ancona;ITAOI;43.616973;13.495666;881ea32d31fffff;613028528310452223;-1;8;green
2335;ITA;Ancona;ITAOI;43.616973;13.495666;881e859283fffff;613026493924114431;-1;8;green
2336;ITA;Ancona;ITAOI;43.616973;13.495666;881e8592ddfffff;613026494018486271;-1;8;green
2337;ITA;Ancona;ITAOI;43.616973;13.495666;881e8592c5fffff;613026493993320447;-1;8;green
2338;ITA;Ancona;ITAOI;43.616973;13.495666;881ea32dedfffff;613028528507584511;-1;8;green
2339;ITA;Ancona;ITAOI;43.616973;13.495666;881e859213fffff;613026493806673919;-1;8;green
2340;ITA;Ancona;ITAOI;43.616973;13.495666;881ea32d3bfffff;613028528320937983;-1;8;green
2341;ITA;Ancona;ITAOI;43.616973;13.495666;881ea32d23fffff;613028528295772159;-1;8;green
2342;ITA;Ancona;ITAOI;43.616973;13.495666;881e859287fffff;613026493928308735;-1;8;green
2343;ITA;Ancona;ITAOI;43.616973;13.495666;881ea32d15fffff;613028528281092095;-1;8;green
2344;ITA;Ancona;ITAOI;43.616973;13.495666;881e8592d9fffff;613026494014291967;-1;8;green
2345;ITA;Ancona;ITAOI;43.616973;13.495666;881e8592cbfffff;613026493999611903;-1;8;green
2346;ITA;Ancona;ITAOI;43.616973;13.495666;881e8592c1fffff;613026493989126143;-1;8;green
2347;ITA;Ancona;ITAOI;43.616973;13.495666;881ea32de9fffff;613028528503390207;-1;8;green
2348;ITA;Ancona;ITAOI;43.616973;13.495666;881ea32d37fffff;613028528316743679;-1;8;green
2349;ITA;Ancona;ITAOI;43.616973;13.495666;881e8592e3fffff;613026494024777727;-1;8;green
2350;ITA;Ravenna;ITRAN;44.490192;12.285135;881ea075bbfffff;613028341624078335;-1;8;green
2351;ITA;Ravenna;ITRAN;44.490192;12.285135;881ea060d1fffff;613028336010002431;-1;8;green
2352;ITA;Ravenna;ITRAN;44.490192;12.285135;881ea07597fffff;613028341586329599;-1;8;green
2353;ITA;Ravenna;ITRAN;44.490192;12.285135;881ea06765fffff;613028337775804415;-1;8;green
2354;ITA;Ravenna;ITRAN;44.490192;12.285135;881ea06753fffff;613028337756930047;-1;8;green
2355;ITA;Ravenna;ITRAN;44.490192;12.285135;881ea060c3fffff;613028335995322367;-1;8;green
2356;ITA;Ravenna;ITRAN;44.490192;12.285135;881ea06761fffff;613028337771610111;-1;8;green
2357;ITA;Ravenna;ITRAN;44.490192;12.285135;881ea06767fffff;613028337777901567;-1;8;green
2358;ITA;Ravenna;ITRAN;44.490192;12.285135;881ea062b3fffff;613028336515416063;-1;8;green
2359;ITA;Ravenna;ITRAN;44.490192;12.285135;881ea060d9fffff;613028336018391039;-1;8;green
2360;ITA;Ravenna;ITRAN;44.490192;12.285135;881ea060dbfffff;613028336020488191;-1;8;green
2361;ITA;Ravenna;ITRAN;44.490192;12.285135;881ea0666dfffff;613028337515757567;-1;8;green
2362;ITA;Ravenna;ITRAN;44.490192;12.285135;881ea0676dfffff;613028337784193023;-1;8;green
2363;ITA;Ravenna;ITRAN;44.490192;12.285135;881ea0675bfffff;613028337765318655;-1;8;green
2364;ITA;Ravenna;ITRAN;44.490192;12.285135;881ea060ddfffff;613028336022585343;-1;8;green
2365;ITA;Ravenna;ITRAN;44.490192;12.285135;881ea06625fffff;613028337440260095;-1;8;green
2366;ITA;Ravenna;ITRAN;44.490192;12.285135;881ea0674bfffff;613028337748541439;-1;8;green
2367;ITA;Reggio Calabria;ITREG;38.124733;15.647891;883f265011fffff;613600489877012479;-1;8;green
2368;ITA;Reggio Calabria;ITREG;38.124733;15.647891;883f2650e5fffff;613600490099310591;-1;8;green
2369;ITA;Reggio Calabria;ITREG;38.124733;15.647891;883f2650edfffff;613600490107699199;-1;8;green
2370;ITA;Reggio Calabria;ITREG;38.124733;15.647891;883f265033fffff;613600489912664063;-1;8;green
2371;ITA;Reggio Calabria;ITREG;38.124733;15.647891;883f265017fffff;613600489883303935;-1;8;green
2372;ITA;Reggio Calabria;ITREG;38.124733;15.647891;883f265013fffff;613600489879109631;-1;8;green
2373;ITA;Reggio Calabria;ITREG;38.124733;15.647891;883f26503bfffff;613600489921052671;-1;8;green
2374;ITA;Reggio Calabria;ITREG;38.124733;15.647891;883f2651dbfffff;613600490357260287;-1;8;green
2375;ITA;Reggio Calabria;ITREG;38.124733;15.647891;883f2651d9fffff;613600490355163135;-1;8;green
2376;ITA;Rimini;ITRMI;44.0762;12.573506;881ea3c6a9fffff;613028569506906111;-1;8;green
2377;ITA;Rimini;ITRMI;44.0762;12.573506;881ea3c6abfffff;613028569509003263;-1;8;green
2378;ITA;Sorrento;ITRRO;40.630043;14.375556;881e9d8349fffff;613028139104206847;-1;8;green
2379;ITA;Sorrento;ITRRO;40.630043;14.375556;881e9d8225fffff;613028138798022655;-1;8;green
2380;ITA;Sorrento;ITRRO;40.630043;14.375556;881e9d8363fffff;613028139131469823;-1;8;green
2381;ITA;Sorrento;ITRRO;40.630043;14.375556;881e9d8351fffff;613028139112595455;-1;8;green
2382;ITA;Sorrento;ITRRO;40.630043;14.375556;881e9d98d5fffff;613028144888152063;-1;8;green
2383;ITA;Sorrento;ITRRO;40.630043;14.375556;881e9d9883fffff;613028144802168831;-1;8;green
2384;ITA;Sorrento;ITRRO;40.630043;14.375556;881e9d98dbfffff;613028144894443519;-1;8;green
2385;ITA;Sorrento;ITRRO;40.630043;14.375556;881e9d988bfffff;613028144810557439;-1;8;green
2386;ITA;Sorrento;ITRRO;40.630043;14.375556;881e9d834bfffff;613028139106303999;-1;8;green
2387;ITA;Sorrento;ITRRO;40.630043;14.375556;881e9d98d1fffff;613028144883957759;-1;8;green
2388;ITA;Sorrento;ITRRO;40.630043;14.375556;881e9d9881fffff;613028144800071679;-1;8;green
2389;ITA;Sorrento;ITRRO;40.630043;14.375556;881e9d8365fffff;613028139133566975;-1;8;green
2390;ITA;Sorrento;ITRRO;40.630043;14.375556;881e9d98d9fffff;613028144892346367;-1;8;green
2391;ITA;Sorrento;ITRRO;40.630043;14.375556;881e9d8341fffff;613028139095818239;-1;8;green
2392;ITA;Arbatax;ITATX;39.939487;9.701233;881e90c193fffff;613027262471602175;-1;8;green
2393;ITA;Arbatax;ITATX;39.939487;9.701233;881e90c0a3fffff;613027262219943935;-1;8;green
2394;ITA;Arbatax;ITATX;39.939487;9.701233;881e90cf53fffff;613027266162589695;-1;8;green
2395;ITA;Arbatax;ITATX;39.939487;9.701233;881e90ce45fffff;613027265879474175;-1;8;green
2396;ITA;Arbatax;ITATX;39.939487;9.701233;881e90ce69fffff;613027265917222911;-1;8;green
2397;ITA;Arbatax;ITATX;39.939487;9.701233;881e90c0a1fffff;613027262217846783;-1;8;green
2398;ITA;Arbatax;ITATX;39.939487;9.701233;881e90c0a7fffff;613027262224138239;-1;8;green
2399;ITA;Arbatax;ITATX;39.939487;9.701233;881e90c19bfffff;613027262479990783;-1;8;green
2400;ITA;Arbatax;ITATX;39.939487;9.701233;881e90ce4dfffff;613027265887862783;-1;8;green
2401;ITA;Arbatax;ITATX;39.939487;9.701233;881e90ce2dfffff;613027265854308351;-1;8;green
2402;ITA;Arbatax;ITATX;39.939487;9.701233;881e90c0a9fffff;613027262226235391;-1;8;green
2403;ITA;Augusta;ITAUG;37.236401;15.216821;883f350a61fffff;613601501962567679;-1;8;green
2404;ITA;Augusta;ITAUG;37.236401;15.216821;883f350b69fffff;613601502239391743;-1;8;green
2405;ITA;Augusta;ITAUG;37.236401;15.216821;883f350a47fffff;613601501935304703;-1;8;green
2406;ITA;Augusta;ITAUG;37.236401;15.216821;883f350a0dfffff;613601501874487295;-1;8;green
2407;ITA;Augusta;ITAUG;37.236401;15.216821;883f350b59fffff;613601502222614527;-1;8;green
2408;ITA;Augusta;ITAUG;37.236401;15.216821;883f350a6bfffff;613601501973053439;-1;8;green
2409;ITA;Augusta;ITAUG;37.236401;15.216821;883f355691fffff;613601522413993983;-1;8;green
2410;ITA;Augusta;ITAUG;37.236401;15.216821;883f350a63fffff;613601501964664831;-1;8;green
2411;ITA;Augusta;ITAUG;37.236401;15.216821;883f350a41fffff;613601501929013247;-1;8;green
2412;ITA;Augusta;ITAUG;37.236401;15.216821;883f355697fffff;613601522420285439;-1;8;green
2413;ITA;Augusta;ITAUG;37.236401;15.216821;883f350b5bfffff;613601502224711679;-1;8;green
2414;ITA;Augusta;ITAUG;37.236401;15.216821;883f350a29fffff;613601501903847423;-1;8;green
2415;ITA;Augusta;ITAUG;37.236401;15.216821;883f355693fffff;613601522416091135;-1;8;green
2416;ITA;Augusta;ITAUG;37.236401;15.216821;883f350a65fffff;613601501966761983;-1;8;green
2417;ITA;Augusta;ITAUG;37.236401;15.216821;883f350a21fffff;613601501895458815;-1;8;green
2418;ITA;Augusta;ITAUG;37.236401;15.216821;883f350b6dfffff;613601502243586047;-1;8;green
2419;ITA;Augusta;ITAUG;37.236401;15.216821;883f35569dfffff;613601522426576895;-1;8;green
2420;ITA;Augusta;ITAUG;37.236401;15.216821;883f350a67fffff;613601501968859135;-1;8;green
2421;ITA;Augusta;ITAUG;37.236401;15.216821;883f350a2dfffff;613601501908041727;-1;8;green
2422;ITA;Brindisi;ITBDS;40.641502;17.936303;881e8ba255fffff;613026910487707647;-1;8;green
2423;ITA;Brindisi;ITBDS;40.641502;17.936303;881e8ba201fffff;613026910399627263;-1;8;green
2424;ITA;Brindisi;ITBDS;40.641502;17.936303;881e8ba209fffff;613026910408015871;-1;8;green
2425;ITA;Salerno;ITSAL;40.673783;14.76678;881e9d849dfffff;613028139460722687;-1;8;green
2426;ITA;Salerno;ITSAL;40.673783;14.76678;881e9db161fffff;613028151477403647;-1;8;green
2427;ITA;Salerno;ITSAL;40.673783;14.76678;881e9db323fffff;613028151949262847;-1;8;green
2428;ITA;Salerno;ITSAL;40.673783;14.76678;881e9d86b9fffff;613028140026953727;-1;8;green
2429;ITA;Salerno;ITSAL;40.673783;14.76678;881e9db147fffff;613028151450140671;-1;8;green
2430;ITA;Salerno;ITSAL;40.673783;14.76678;881e9d84ddfffff;613028139527831551;-1;8;green
2431;ITA;Salerno;ITSAL;40.673783;14.76678;881e9db363fffff;613028152016371711;-1;8;green
2432;ITA;Salerno;ITSAL;40.673783;14.76678;881e9d84c3fffff;613028139500568575;-1;8;green
2433;ITA;Salerno;ITSAL;40.673783;14.76678;881e9d8685fffff;613028139972427775;-1;8;green
2434;ITA;Salerno;ITSAL;40.673783;14.76678;881e9db16dfffff;613028151489986559;-1;8;green
2435;ITA;Salerno;ITSAL;40.673783;14.76678;881e9d84e9fffff;613028139540414463;-1;8;green
2436;ITA;Salerno;ITSAL;40.673783;14.76678;881e9db33dfffff;613028151976525823;-1;8;green
2437;ITA;Salerno;ITSAL;40.673783;14.76678;881e9d86abfffff;613028140012273663;-1;8;green
2438;ITA;Salerno;ITSAL;40.673783;14.76678;881e9d841bfffff;613028139324407807;-1;8;green
2439;ITA;Salerno;ITSAL;40.673783;14.76678;881e9db321fffff;613028151947165695;-1;8;green
2440;ITA;Salerno;ITSAL;40.673783;14.76678;881e9d86b7fffff;613028140024856575;-1;8;green
2441;ITA;Salerno;ITSAL;40.673783;14.76678;881e9d8481fffff;613028139431362559;-1;8;green
2442;ITA;Salerno;ITSAL;40.673783;14.76678;881e9db145fffff;613028151448043519;-1;8;green
2443;ITA;Salerno;ITSAL;40.673783;14.76678;881e9d84dbfffff;613028139525734399;-1;8;green
2444;ITA;Salerno;ITSAL;40.673783;14.76678;881e9db307fffff;613028151919902719;-1;8;green
2445;ITA;Salerno;ITSAL;40.673783;14.76678;881e9d84c1fffff;613028139498471423;-1;8;green
2446;ITA;Salerno;ITSAL;40.673783;14.76678;881e9db32dfffff;613028151959748607;-1;8;green
2447;ITA;Salerno;ITSAL;40.673783;14.76678;881e9d8433fffff;613028139349573631;-1;8;green
2448;ITA;Salerno;ITSAL;40.673783;14.76678;881e9d848dfffff;613028139443945471;-1;8;green
2449;ITA;Salerno;ITSAL;40.673783;14.76678;881e9d86a9fffff;613028140010176511;-1;8;green
2450;ITA;Salerno;ITSAL;40.673783;14.76678;881e9d8419fffff;613028139322310655;-1;8;green
2451;ITA;Salerno;ITSAL;40.673783;14.76678;881e9d84cdfffff;613028139511054335;-1;8;green
2452;ITA;Salerno;ITSAL;40.673783;14.76678;881e9d84b3fffff;613028139483791359;-1;8;green
2453;ITA;Salerno;ITSAL;40.673783;14.76678;881e9db339fffff;613028151972331519;-1;8;green
2454;ITA;Salerno;ITSAL;40.673783;14.76678;881e9d8499fffff;613028139456528383;-1;8;green
2455;ITA;Salerno;ITSAL;40.673783;14.76678;881e9d86b5fffff;613028140022759423;-1;8;green
2456;ITA;Salerno;ITSAL;40.673783;14.76678;881e9d84d9fffff;613028139523637247;-1;8;green
2457;ITA;Salerno;ITSAL;40.673783;14.76678;881e9db305fffff;613028151917805567;-1;8;green
2458;ITA;Salerno;ITSAL;40.673783;14.76678;881e9db169fffff;613028151485792255;-1;8;green
2459;ITA;Salerno;ITSAL;40.673783;14.76678;881e9db32bfffff;613028151957651455;-1;8;green
2460;ITA;Salerno;ITSAL;40.673783;14.76678;881e9d848bfffff;613028139441848319;-1;8;green
2461;ITA;Salerno;ITSAL;40.673783;14.76678;881e9d86a7fffff;613028140008079359;-1;8;green
2462;ITA;Salerno;ITSAL;40.673783;14.76678;881e9d8417fffff;613028139320213503;-1;8;green
2463;ITA;Salerno;ITSAL;40.673783;14.76678;881e9d84cbfffff;613028139508957183;-1;8;green
2464;ITA;Salerno;ITSAL;40.673783;14.76678;881e9d8693fffff;613028139987107839;-1;8;green
2465;ITA;Salerno;ITSAL;40.673783;14.76678;881e9d8497fffff;613028139454431231;-1;8;green
2466;ITA;Salerno;ITSAL;40.673783;14.76678;881e9db141fffff;613028151443849215;-1;8;green
2467;ITA;Salerno;ITSAL;40.673783;14.76678;881e9d84d7fffff;613028139521540095;-1;8;green
2468;ITA;Salerno;ITSAL;40.673783;14.76678;881e9db303fffff;613028151915708415;-1;8;green
2469;ITA;Salerno;ITSAL;40.673783;14.76678;881e9db10dfffff;613028151389323263;-1;8;green
2470;ITA;Salerno;ITSAL;40.673783;14.76678;881e9db329fffff;613028151955554303;-1;8;green
2471;ITA;Salerno;ITSAL;40.673783;14.76678;881e9db14dfffff;613028151456432127;-1;8;green
2472;ITA;Salerno;ITSAL;40.673783;14.76678;881e9d86a5fffff;613028140005982207;-1;8;green
2473;ITA;Salerno;ITSAL;40.673783;14.76678;881e9db369fffff;613028152022663167;-1;8;green
2474;ITA;Salerno;ITSAL;40.673783;14.76678;881e9d8415fffff;613028139318116351;-1;8;green
2475;ITA;Salerno;ITSAL;40.673783;14.76678;881e9d84c9fffff;613028139506860031;-1;8;green
2476;ITA;Salerno;ITSAL;40.673783;14.76678;881e9d8495fffff;613028139452334079;-1;8;green
2477;ITA;Salerno;ITSAL;40.673783;14.76678;881e9db301fffff;613028151913611263;-1;8;green
2478;ITA;Salerno;ITSAL;40.673783;14.76678;881e9d84d1fffff;613028139515248639;-1;8;green
2479;ITA;Salerno;ITSAL;40.673783;14.76678;881e9d8697fffff;613028139991302143;-1;8;green
2480;ITA;Salerno;ITSAL;40.673783;14.76678;881e9d84bbfffff;613028139492179967;-1;8;green
2481;ITA;Salerno;ITSAL;40.673783;14.76678;881e9db327fffff;613028151953457151;-1;8;green
2482;ITA;Salerno;ITSAL;40.673783;14.76678;881e9d84e1fffff;613028139532025855;-1;8;green
2483;ITA;Salerno;ITSAL;40.673783;14.76678;881e9db30dfffff;613028151926194175;-1;8;green
2484;ITA;Salerno;ITSAL;40.673783;14.76678;881e9d86a3fffff;613028140003885055;-1;8;green
2485;ITA;Salerno;ITSAL;40.673783;14.76678;881e9db367fffff;613028152020566015;-1;8;green
2486;ITA;Salerno;ITSAL;40.673783;14.76678;881e9d8413fffff;613028139316019199;-1;8;green
2487;ITA;Salerno;ITSAL;40.673783;14.76678;881e9db34dfffff;613028151993303039;-1;8;green
2488;ITA;Salerno;ITSAL;40.673783;14.76678;881e9d84edfffff;613028139544608767;-1;8;green
2489;ITA;Salerno;ITSAL;40.673783;14.76678;881e9d84d3fffff;613028139517345791;-1;8;green
2490;ITA;Salerno;ITSAL;40.673783;14.76678;881e9d8695fffff;613028139989204991;-1;8;green
2491;ITA;Salerno;ITSAL;40.673783;14.76678;881e9db163fffff;613028151479500799;-1;8;green
2492;ITA;Salerno;ITSAL;40.673783;14.76678;881e9db325fffff;613028151951359999;-1;8;green
2493;ITA;Salerno;ITSAL;40.673783;14.76678;881e9d8485fffff;613028139435556863;-1;8;green
2494;ITA;Salerno;ITSAL;40.673783;14.76678;881e9db149fffff;613028151452237823;-1;8;green
2495;ITA;Salerno;ITSAL;40.673783;14.76678;881e9d86a1fffff;613028140001787903;-1;8;green
2496;ITA;Salerno;ITSAL;40.673783;14.76678;881e9d84c5fffff;613028139502665727;-1;8;green
2497;ITA;Salerno;ITSAL;40.673783;14.76678;881e9db331fffff;613028151963942911;-1;8;green
2498;ITA;Salerno;ITSAL;40.673783;14.76678;881e9d8437fffff;613028139353767935;-1;8;green
2499;ITA;Salerno;ITSAL;40.673783;14.76678;881e9d8491fffff;613028139448139775;-1;8;green
2500;ITA;Salerno;ITSAL;40.673783;14.76678;881e9d84ebfffff;613028139542511615;-1;8;green
2501;ITA;Bari;ITBRI;41.132375;16.853099;881e880c09fffff;613026663984267263;-1;8;green
2502;ITA;Bari;ITBRI;41.132375;16.853099;881e880f0bfffff;613026664791670783;-1;8;green
2503;ITA;Bari;ITBRI;41.132375;16.853099;881e880f09fffff;613026664789573631;-1;8;green
2504;ITA;Bari;ITBRI;41.132375;16.853099;881e880f5dfffff;613026664877654015;-1;8;green
2505;ITA;Bari;ITBRI;41.132375;16.853099;881e880f5bfffff;613026664875556863;-1;8;green
2506;ITA;Bari;ITBRI;41.132375;16.853099;881e8801a7fffff;613026661197152255;-1;8;green
2507;ITA;Bari;ITBRI;41.132375;16.853099;881e880f59fffff;613026664873459711;-1;8;green
2508;ITA;Bari;ITBRI;41.132375;16.853099;881e880f03fffff;613026664783282175;-1;8;green
2509;ITA;Bari;ITBRI;41.132375;16.853099;881e880c57fffff;613026664066056191;-1;8;green
2510;ITA;Bari;ITBRI;41.132375;16.853099;881e8801b1fffff;613026661207638015;-1;8;green
2511;ITA;Bari;ITBRI;41.132375;16.853099;881e880f0dfffff;613026664793767935;-1;8;green
2512;ITA;Bari;ITBRI;41.132375;16.853099;881e880f57fffff;613026664871362559;-1;8;green
2513;ITA;Bari;ITBRI;41.132375;16.853099;881e880f01fffff;613026664781185023;-1;8;green
2514;ITA;Bari;ITBRI;41.132375;16.853099;881e880c55fffff;613026664063959039;-1;8;green
2515;ITA;Bari;ITBRI;41.132375;16.853099;881e880f55fffff;613026664869265407;-1;8;green
2516;ITA;Bari;ITBRI;41.132375;16.853099;881e880f53fffff;613026664867168255;-1;8;green
2517;ITA;Bari;ITBRI;41.132375;16.853099;881e8801a1fffff;613026661190860799;-1;8;green
2518;ITA;Bari;ITBRI;41.132375;16.853099;881e8801b3fffff;613026661209735167;-1;8;green
2519;ITA;Bari;ITBRI;41.132375;16.853099;881e880f51fffff;613026664865071103;-1;8;green
2520;ITA;Bari;ITBRI;41.132375;16.853099;881e880c4dfffff;613026664055570431;-1;8;green
2521;ITA;Bari;ITBRI;41.132375;16.853099;881e880c4bfffff;613026664053473279;-1;8;green
2522;ITA;Bari;ITBRI;41.132375;16.853099;881e880e65fffff;613026664617607167;-1;8;green
2523;ITA;Bari;ITBRI;41.132375;16.853099;881e880f4bfffff;613026664858779647;-1;8;green
2524;ITA;Bari;ITBRI;41.132375;16.853099;881e880c49fffff;613026664051376127;-1;8;green
2525;ITA;Bari;ITBRI;41.132375;16.853099;881e880f49fffff;613026664856682495;-1;8;green
2526;ITA;Bari;ITBRI;41.132375;16.853099;881e8801b5fffff;613026661211832319;-1;8;green
2527;ITA;Bari;ITBRI;41.132375;16.853099;881e880c47fffff;613026664049278975;-1;8;green
2528;ITA;Bari;ITBRI;41.132375;16.853099;881e880c45fffff;613026664047181823;-1;8;green
2529;ITA;Bari;ITBRI;41.132375;16.853099;881e880e67fffff;613026664619704319;-1;8;green
2530;ITA;Bari;ITBRI;41.132375;16.853099;881e880f43fffff;613026664850391039;-1;8;green
2531;ITA;Bari;ITBRI;41.132375;16.853099;881e880c11fffff;613026663992655871;-1;8;green
2532;ITA;Bari;ITBRI;41.132375;16.853099;881e880c41fffff;613026664042987519;-1;8;green
2533;ITA;Bari;ITBRI;41.132375;16.853099;881e8801b7fffff;613026661213929471;-1;8;green
2534;ITA;Bari;ITBRI;41.132375;16.853099;881e880f41fffff;613026664848293887;-1;8;green
2535;ITA;Bari;ITBRI;41.132375;16.853099;881e880e2dfffff;613026664558886911;-1;8;green
2536;ITA;Bari;ITBRI;41.132375;16.853099;881e880e27fffff;613026664552595455;-1;8;green
2537;ITA;Bari;ITBRI;41.132375;16.853099;881e880e25fffff;613026664550498303;-1;8;green
2538;ITA;Bari;ITBRI;41.132375;16.853099;881e880e23fffff;613026664548401151;-1;8;green
2539;ITA;Bari;ITBRI;41.132375;16.853099;881e880e21fffff;613026664546303999;-1;8;green
2540;ITA;Bari;ITBRI;41.132375;16.853099;881e880c69fffff;613026664084930559;-1;8;green
2541;ITA;Bari;ITBRI;41.132375;16.853099;881e880c1dfffff;613026664005238783;-1;8;green
2542;ITA;Bari;ITBRI;41.132375;16.853099;881e880f1bfffff;613026664808447999;-1;8;green
2543;ITA;Bari;ITBRI;41.132375;16.853099;881e880f19fffff;613026664806350847;-1;8;green
2544;ITA;Bari;ITBRI;41.132375;16.853099;881e8801bdfffff;613026661220220927;-1;8;green
2545;ITA;Bari;ITBRI;41.132375;16.853099;881e8801bbfffff;613026661218123775;-1;8;green
2546;ITA;Bari;ITBRI;41.132375;16.853099;881e880c6bfffff;613026664087027711;-1;8;green
2547;ITA;Siracusa;ITSIR;37.067644;15.29353;883f3544d1fffff;613601517649264639;-1;8;green
2548;ITA;Siracusa;ITSIR;37.067644;15.29353;883f3544ddfffff;613601517661847551;-1;8;green
2549;ITA;Siracusa;ITSIR;37.067644;15.29353;883f3546d7fffff;613601518192427007;-1;8;green
2550;ITA;Siracusa;ITSIR;37.067644;15.29353;883f3509e5fffff;613601501832544255;-1;8;green
2551;ITA;Siracusa;ITSIR;37.067644;15.29353;883f35469bfffff;613601518129512447;-1;8;green
2552;ITA;Siracusa;ITSIR;37.067644;15.29353;883f354699fffff;613601518127415295;-1;8;green
2553;ITA;Siracusa;ITSIR;37.067644;15.29353;883f3509a7fffff;613601501767532543;-1;8;green
2554;ITA;Siracusa;ITSIR;37.067644;15.29353;883f3509edfffff;613601501840932863;-1;8;green
2555;ITA;Siracusa;ITSIR;37.067644;15.29353;883f3509e1fffff;613601501828349951;-1;8;green
2556;ITA;Siracusa;ITSIR;37.067644;15.29353;883f3546dbfffff;613601518196621311;-1;8;green
2557;ITA;Siracusa;ITSIR;37.067644;15.29353;883f3509adfffff;613601501773823999;-1;8;green
2558;ITA;Siracusa;ITSIR;37.067644;15.29353;883f3509a1fffff;613601501761241087;-1;8;green
2559;ITA;Siracusa;ITSIR;37.067644;15.29353;883f354691fffff;613601518119026687;-1;8;green
2560;ITA;Fiumicino;ITFCO;41.770962;12.229014;881e805b01fffff;613026135426465791;-1;8;green
2561;ITA;Santa Panagia;ITSPA;37.114285;15.251981;883f35094dfffff;613601501673160703;-1;8;green
2562;ITA;Santa Panagia;ITSPA;37.114285;15.251981;883f350863fffff;613601501427793919;-1;8;green
2563;ITA;Santa Panagia;ITSPA;37.114285;15.251981;883f355493fffff;613601521879220223;-1;8;green
2564;ITA;Santa Panagia;ITSPA;37.114285;15.251981;883f350867fffff;613601501431988223;-1;8;green
2565;ITA;Santa Panagia;ITSPA;37.114285;15.251981;883f350b2dfffff;613601502176477183;-1;8;green
2566;ITA;Santa Panagia;ITSPA;37.114285;15.251981;883f350b21fffff;613601502163894271;-1;8;green
2567;ITA;Santa Panagia;ITSPA;37.114285;15.251981;883f35549bfffff;613601521887608831;-1;8;green
2568;ITA;Santa Teresa Di Gallura;ITSTE;41.237969;9.194405;881e948231fffff;613027520335314943;-1;8;green
2569;ITA;Santa Teresa Di Gallura;ITSTE;41.237969;9.194405;881e948235fffff;613027520339509247;-1;8;green
2570;ITA;Stromboli;ITSTR;38.806654;15.240043;881e997963fffff;613027861569208319;-1;8;green
2571;ITA;Stromboli;ITSTR;38.806654;15.240043;881e99795dfffff;613027861562916863;-1;8;green
2572;ITA;Stromboli;ITSTR;38.806654;15.240043;881e997967fffff;613027861573402623;-1;8;green
2573;ITA;Stromboli;ITSTR;38.806654;15.240043;881e994c9bfffff;613027849548333055;-1;8;green
2574;ITA;Stromboli;ITSTR;38.806654;15.240043;881e997959fffff;613027861558722559;-1;8;green
2575;ITA;Stromboli;ITSTR;38.806654;15.240043;881e994c93fffff;613027849539944447;-1;8;green
2576;ITA;Stromboli;ITSTR;38.806654;15.240043;881e997953fffff;613027861552431103;-1;8;green
2577;ITA;Stromboli;ITSTR;38.806654;15.240043;881e994c91fffff;613027849537847295;-1;8;green
2578;ITA;Stromboli;ITSTR;38.806654;15.240043;881e997951fffff;613027861550333951;-1;8;green
2579;ITA;Stromboli;ITSTR;38.806654;15.240043;881e997969fffff;613027861575499775;-1;8;green
2580;ITA;Stromboli;ITSTR;38.806654;15.240043;881e99794dfffff;613027861546139647;-1;8;green
2581;ITA;Stromboli;ITSTR;38.806654;15.240043;881e99794bfffff;613027861544042495;-1;8;green
2582;ITA;Stromboli;ITSTR;38.806654;15.240043;881e997949fffff;613027861541945343;-1;8;green
2583;ITA;Stromboli;ITSTR;38.806654;15.240043;881e997945fffff;613027861537751039;-1;8;green
2584;ITA;Stromboli;ITSTR;38.806654;15.240043;881e997943fffff;613027861535653887;-1;8;green
2585;ITA;Stromboli;ITSTR;38.806654;15.240043;881e99796bfffff;613027861577596927;-1;8;green
2586;ITA;Stromboli;ITSTR;38.806654;15.240043;881e997941fffff;613027861533556735;-1;8;green
2587;ITA;Stromboli;ITSTR;38.806654;15.240043;881e994cd3fffff;613027849607053311;-1;8;green
2588;ITA;Stromboli;ITSTR;38.806654;15.240043;881e997b3dfffff;613027862066233343;-1;8;green
2589;ITA;Stromboli;ITSTR;38.806654;15.240043;881e99793bfffff;613027861527265279;-1;8;green
2590;ITA;Stromboli;ITSTR;38.806654;15.240043;881e997b37fffff;613027862059941887;-1;8;green
2591;ITA;Stromboli;ITSTR;38.806654;15.240043;881e997b35fffff;613027862057844735;-1;8;green
2592;ITA;Stromboli;ITSTR;38.806654;15.240043;881e997b31fffff;613027862053650431;-1;8;green
2593;ITA;Stromboli;ITSTR;38.806654;15.240043;881e997b2dfffff;613027862049456127;-1;8;green
2594;ITA;Stromboli;ITSTR;38.806654;15.240043;881e99792bfffff;613027861510488063;-1;8;green
2595;ITA;Stromboli;ITSTR;38.806654;15.240043;881e997b2bfffff;613027862047358975;-1;8;green
2596;ITA;Stromboli;ITSTR;38.806654;15.240043;881e997b27fffff;613027862043164671;-1;8;green
2597;ITA;Stromboli;ITSTR;38.806654;15.240043;881e997b25fffff;613027862041067519;-1;8;green
2598;ITA;Stromboli;ITSTR;38.806654;15.240043;881e997b23fffff;613027862038970367;-1;8;green
2599;ITA;Stromboli;ITSTR;38.806654;15.240043;881e997b21fffff;613027862036873215;-1;8;green
2600;ITA;Savona;ITSVN;44.312998;8.494431;881f9b4217fffff;613045576350564351;-1;8;green
2601;ITA;Savona;ITSVN;44.312998;8.494431;881f9b4225fffff;613045576365244415;-1;8;green
2602;ITA;Savona;ITSVN;44.312998;8.494431;881f9b4233fffff;613045576379924479;-1;8;green
2603;ITA;Savona;ITSVN;44.312998;8.494431;881f9b4241fffff;613045576394604543;-1;8;green
2604;ITA;Savona;ITSVN;44.312998;8.494431;881f9b425dfffff;613045576423964671;-1;8;green
2605;ITA;Savona;ITSVN;44.312998;8.494431;881f9b431bfffff;613045576623194111;-1;8;green
2606;ITA;Savona;ITSVN;44.312998;8.494431;881f9b4265fffff;613045576432353279;-1;8;green
2607;ITA;Savona;ITSVN;44.312998;8.494431;881f9b4315fffff;613045576616902655;-1;8;green
2608;ITA;Savona;ITSVN;44.312998;8.494431;881f9b404dfffff;613045575870316543;-1;8;green
2609;ITA;Savona;ITSVN;44.312998;8.494431;881f9b4069fffff;613045575899676671;-1;8;green
2610;ITA;Savona;ITSVN;44.312998;8.494431;881f9b4353fffff;613045576681914367;-1;8;green
2611;ITA;Savona;ITSVN;44.312998;8.494431;881f9b4257fffff;613045576417673215;-1;8;green
2612;ITA;Savona;ITSVN;44.312998;8.494431;881f9b421dfffff;613045576356855807;-1;8;green
2613;ITA;Savona;ITSVN;44.312998;8.494431;881f9b400dfffff;613045575803207679;-1;8;green
2614;ITA;Savona;ITSVN;44.312998;8.494431;881f9b42e9fffff;613045576570765311;-1;8;green
2615;ITA;Savona;ITSVN;44.312998;8.494431;881f9b4239fffff;613045576386215935;-1;8;green
2616;ITA;Savona;ITSVN;44.312998;8.494431;881f9b4029fffff;613045575832567807;-1;8;green
2617;ITA;Savona;ITSVN;44.312998;8.494431;881f9b4255fffff;613045576415576063;-1;8;green
2618;ITA;Savona;ITSVN;44.312998;8.494431;881f9b4313fffff;613045576614805503;-1;8;green
2619;ITA;Savona;ITSVN;44.312998;8.494431;881f9b423bfffff;613045576388313087;-1;8;green
2620;ITA;Savona;ITSVN;44.312998;8.494431;881f9b4045fffff;613045575861927935;-1;8;green
2621;ITA;Savona;ITSVN;44.312998;8.494431;881f9b42ebfffff;613045576572862463;-1;8;green
2622;ITA;Savona;ITSVN;44.312998;8.494431;881f9b4061fffff;613045575891288063;-1;8;green
2623;ITA;Savona;ITSVN;44.312998;8.494431;881f9b4215fffff;613045576348467199;-1;8;green
2624;ITA;Savona;ITSVN;44.312998;8.494431;881f9b4005fffff;613045575794819071;-1;8;green
2625;ITA;Savona;ITSVN;44.312998;8.494431;881f9b4231fffff;613045576377827327;-1;8;green
2626;ITA;Savona;ITSVN;44.312998;8.494431;881f9b4001fffff;613045575790624767;-1;8;green
2627;ITA;Savona;ITSVN;44.312998;8.494431;881f9b4067fffff;613045575897579519;-1;8;green
2628;ITA;Savona;ITSVN;44.312998;8.494431;881f9b4343fffff;613045576665137151;-1;8;green
2629;ITA;Savona;ITSVN;44.312998;8.494431;881f9b4351fffff;613045576679817215;-1;8;green
2630;ITA;Savona;ITSVN;44.312998;8.494431;881f9b4211fffff;613045576344272895;-1;8;green
2631;ITA;Savona;ITSVN;44.312998;8.494431;881f9b4237fffff;613045576384118783;-1;8;green
2632;ITA;Savona;ITSVN;44.312998;8.494431;881f9b4303fffff;613045576598028287;-1;8;green
2633;ITA;Savona;ITSVN;44.312998;8.494431;881f9b4253fffff;613045576413478911;-1;8;green
2634;ITA;Savona;ITSVN;44.312998;8.494431;881f9b4261fffff;613045576428158975;-1;8;green
2635;ITA;Savona;ITSVN;44.312998;8.494431;881f9b406dfffff;613045575903870975;-1;8;green
2636;ITA;Savona;ITSVN;44.312998;8.494431;881f9b4049fffff;613045575866122239;-1;8;green
2637;ITA;Savona;ITSVN;44.312998;8.494431;881f9b4065fffff;613045575895482367;-1;8;green
2638;ITA;Savona;ITSVN;44.312998;8.494431;881f9b435dfffff;613045576692400127;-1;8;green
2639;ITA;Savona;ITSVN;44.312998;8.494431;881f9b4219fffff;613045576352661503;-1;8;green
2640;ITA;Savona;ITSVN;44.312998;8.494431;881f9b4235fffff;613045576382021631;-1;8;green
2641;ITA;Savona;ITSVN;44.312998;8.494431;881f9b406bfffff;613045575901773823;-1;8;green
2642;ITA;Savona;ITSVN;44.312998;8.494431;881f9b4243fffff;613045576396701695;-1;8;green
2643;ITA;Savona;ITSVN;44.312998;8.494431;881f9b4339fffff;613045576654651391;-1;8;green
2644;ITA;Savona;ITSVN;44.312998;8.494431;881f9b4251fffff;613045576411381759;-1;8;green
2645;ITA;Savona;ITSVN;44.312998;8.494431;881f9b4041fffff;613045575857733631;-1;8;green
2646;ITA;Talamone;ITTAL;42.556044;11.13584;881eb12999fffff;613029489418436607;-1;8;green
2647;ITA;Chioggia;ITCHI;45.224492;12.278226;881ea0b023fffff;613028357302386687;-1;8;green
2648;ITA;Chioggia;ITCHI;45.224492;12.278226;881ea0b0e1fffff;613028357501616127;-1;8;green
2649;ITA;Chioggia;ITCHI;45.224492;12.278226;881ea0b021fffff;613028357300289535;-1;8;green
2650;ITA;Chioggia;ITCHI;45.224492;12.278226;881ea0b13bfffff;613028357595987967;-1;8;green
2651;ITA;Chioggia;ITCHI;45.224492;12.278226;881ea0b139fffff;613028357593890815;-1;8;green
2652;ITA;Chioggia;ITCHI;45.224492;12.278226;881ea0b01dfffff;613028357296095231;-1;8;green
2653;ITA;Chioggia;ITCHI;45.224492;12.278226;881ea0b017fffff;613028357289803775;-1;8;green
2654;ITA;Chioggia;ITCHI;45.224492;12.278226;881ea0b131fffff;613028357585502207;-1;8;green
2655;ITA;Chioggia;ITCHI;45.224492;12.278226;881ea0b015fffff;613028357287706623;-1;8;green
2656;ITA;Chioggia;ITCHI;45.224492;12.278226;881ea0b013fffff;613028357285609471;-1;8;green
2657;ITA;Chioggia;ITCHI;45.224492;12.278226;881ea0b011fffff;613028357283512319;-1;8;green
2658;ITA;Chioggia;ITCHI;45.224492;12.278226;881ea0b0cdfffff;613028357480644607;-1;8;green
2659;ITA;Chioggia;ITCHI;45.224492;12.278226;881ea0b0cbfffff;613028357478547455;-1;8;green
2660;ITA;Chioggia;ITCHI;45.224492;12.278226;881ea0b06bfffff;613028357377884159;-1;8;green
2661;ITA;Chioggia;ITCHI;45.224492;12.278226;881ea0b0c9fffff;613028357476450303;-1;8;green
2662;ITA;Chioggia;ITCHI;45.224492;12.278226;881ea0b0c7fffff;613028357474353151;-1;8;green
2663;ITA;Chioggia;ITCHI;45.224492;12.278226;881ea0b0e5fffff;613028357505810431;-1;8;green
2664;ITA;Chioggia;ITCHI;45.224492;12.278226;881ea0b0c5fffff;613028357472255999;-1;8;green
2665;ITA;Chioggia;ITCHI;45.224492;12.278226;881ea0b065fffff;613028357371592703;-1;8;green
2666;ITA;Chioggia;ITCHI;45.224492;12.278226;881ea0b0c3fffff;613028357470158847;-1;8;green
2667;ITA;Chioggia;ITCHI;45.224492;12.278226;881ea0b1ddfffff;613028357765857279;-1;8;green
2668;ITA;Chioggia;ITCHI;45.224492;12.278226;881ea0b089fffff;613028357409341439;-1;8;green
2669;ITA;Chioggia;ITCHI;45.224492;12.278226;881ea0b0c1fffff;613028357468061695;-1;8;green
2670;ITA;Chioggia;ITCHI;45.224492;12.278226;881ea0b02bfffff;613028357310775295;-1;8;green
2671;ITA;Chioggia;ITCHI;45.224492;12.278226;881ea0b003fffff;613028357268832255;-1;8;green
2672;ITA;Chioggia;ITCHI;45.224492;12.278226;881ea0b061fffff;613028357367398399;-1;8;green
2673;ITA;Chioggia;ITCHI;45.224492;12.278226;881ea0b0e9fffff;613028357510004735;-1;8;green
2674;ITA;Chioggia;ITCHI;45.224492;12.278226;881ea0b001fffff;613028357266735103;-1;8;green
2675;ITA;Chioggia;ITCHI;45.224492;12.278226;881ea0b1d9fffff;613028357761662975;-1;8;green
2676;ITA;Chioggia;ITCHI;45.224492;12.278226;881ea0b1d3fffff;613028357755371519;-1;8;green
2677;ITA;Chioggia;ITCHI;45.224492;12.278226;881ea0b1d1fffff;613028357753274367;-1;8;green
2678;ITA;Chioggia;ITCHI;45.224492;12.278226;881ea0b1cbfffff;613028357746982911;-1;8;green
2679;ITA;Chioggia;ITCHI;45.224492;12.278226;881ea0b1c9fffff;613028357744885759;-1;8;green
2680;ITA;Chioggia;ITCHI;45.224492;12.278226;881ea0b0ebfffff;613028357512101887;-1;8;green
2681;ITA;Chioggia;ITCHI;45.224492;12.278226;881ea0b1c3fffff;613028357738594303;-1;8;green
2682;ITA;Chioggia;ITCHI;45.224492;12.278226;881ea0b103fffff;613028357537267711;-1;8;green
2683;ITA;Chioggia;ITCHI;45.224492;12.278226;881ea0b159fffff;613028357627445247;-1;8;green
2684;ITA;Chioggia;ITCHI;45.224492;12.278226;881ea0b03dfffff;613028357329649663;-1;8;green
2685;ITA;Chioggia;ITCHI;45.224492;12.278226;881ea0b0edfffff;613028357514199039;-1;8;green
2686;ITA;Chioggia;ITCHI;45.224492;12.278226;881ea0b03bfffff;613028357327552511;-1;8;green
2687;ITA;Chioggia;ITCHI;45.224492;12.278226;881ea0b039fffff;613028357325455359;-1;8;green
2688;ITA;Chioggia;ITCHI;45.224492;12.278226;881ea0b031fffff;613028357317066751;-1;8;green
2689;ITA;Chioggia;ITCHI;45.224492;12.278226;881ea0b037fffff;613028357323358207;-1;8;green
2690;ITA;Chioggia;ITCHI;45.224492;12.278226;881ea0b151fffff;613028357619056639;-1;8;green
2691;ITA;Chioggia;ITCHI;45.224492;12.278226;881ea0b033fffff;613028357319163903;-1;8;green
2692;ITA;Taranto;ITTAR;40.475792;17.220596;881e8bc76bfffff;613026920442888191;-1;8;green
2693;ITA;Taranto;ITTAR;40.475792;17.220596;881e8bc70dfffff;613026920344322047;-1;8;green
2694;ITA;Taranto;ITTAR;40.475792;17.220596;881e8bc763fffff;613026920434499583;-1;8;green
2695;ITA;Taranto;ITTAR;40.475792;17.220596;881e8bc409fffff;613026919534821375;-1;8;green
2696;ITA;Taranto;ITTAR;40.475792;17.220596;881e8bc73dfffff;613026920394653695;-1;8;green
2697;ITA;Taranto;ITTAR;40.475792;17.220596;881e8bc639fffff;613026920122023935;-1;8;green
2698;ITA;Taranto;ITTAR;40.475792;17.220596;881e8bc635fffff;613026920117829631;-1;8;green
2699;ITA;Taranto;ITTAR;40.475792;17.220596;881e8bc405fffff;613026919530627071;-1;8;green
2700;ITA;Taranto;ITTAR;40.475792;17.220596;881e8bc739fffff;613026920390459391;-1;8;green
2701;ITA;Taranto;ITTAR;40.475792;17.220596;881e8bc631fffff;613026920113635327;-1;8;green
2702;ITA;Taranto;ITTAR;40.475792;17.220596;881e8bc44bfffff;613026919604027391;-1;8;green
2703;ITA;Taranto;ITTAR;40.475792;17.220596;881e8bc401fffff;613026919526432767;-1;8;green
2704;ITA;Taranto;ITTAR;40.475792;17.220596;881e8bc63bfffff;613026920124121087;-1;8;green
2705;ITA;Taranto;ITTAR;40.475792;17.220596;881e8bc751fffff;613026920415625215;-1;8;green
2706;ITA;Taranto;ITTAR;40.475792;17.220596;881e8bc447fffff;613026919599833087;-1;8;green
2707;ITA;Taranto;ITTAR;40.475792;17.220596;881e8bc455fffff;613026919614513151;-1;8;green
2708;ITA;Taranto;ITTAR;40.475792;17.220596;881e8bc731fffff;613026920382070783;-1;8;green
2709;ITA;Taranto;ITTAR;40.475792;17.220596;881e8bc40bfffff;613026919536918527;-1;8;green
2710;ITA;Taranto;ITTAR;40.475792;17.220596;881e8bc637fffff;613026920119926783;-1;8;green
2711;ITA;Taranto;ITTAR;40.475792;17.220596;881e8bc443fffff;613026919595638783;-1;8;green
2712;ITA;Taranto;ITTAR;40.475792;17.220596;881e8bc625fffff;613026920101052415;-1;8;green
2713;ITA;Taranto;ITTAR;40.475792;17.220596;881e8bc73bfffff;613026920392556543;-1;8;green
2714;ITA;Taranto;ITTAR;40.475792;17.220596;881e8bc46dfffff;613026919639678975;-1;8;green
2715;ITA;Taranto;ITTAR;40.475792;17.220596;881e8bc633fffff;613026920115732479;-1;8;green
2716;ITA;Taranto;ITTAR;40.475792;17.220596;881e8bc6edfffff;613026920310767615;-1;8;green
2717;ITA;Taranto;ITTAR;40.475792;17.220596;881e8bd5a3fffff;613026924259704831;-1;8;green
2718;ITA;Taranto;ITTAR;40.475792;17.220596;881e8bd5a1fffff;613026924257607679;-1;8;green
2719;ITA;Taranto;ITTAR;40.475792;17.220596;881e8bd587fffff;613026924230344703;-1;8;green
2720;ITA;Taranto;ITTAR;40.475792;17.220596;881e8bd5a9fffff;613026924265996287;-1;8;green
2721;ITA;Taranto;ITTAR;40.475792;17.220596;881e8bd585fffff;613026924228247551;-1;8;green
2722;ITA;Taranto;ITTAR;40.475792;17.220596;881e8bd5abfffff;613026924268093439;-1;8;green
2723;ITA;Taranto;ITTAR;40.475792;17.220596;881e8bd583fffff;613026924226150399;-1;8;green
2724;ITA;Taranto;ITTAR;40.475792;17.220596;881e8bd5adfffff;613026924270190591;-1;8;green
2725;ITA;Taranto;ITTAR;40.475792;17.220596;881e8bd5bdfffff;613026924286967807;-1;8;green
2726;ITA;Taranto;ITTAR;40.475792;17.220596;881e8bd5b9fffff;613026924282773503;-1;8;green
2727;ITA;Termoli;ITTMI;42.003285;15.002828;881e812065fffff;613026188413108223;-1;8;green
2728;ITA;Termoli;ITTMI;42.003285;15.002828;881e812153fffff;613026188662669311;-1;8;green
2729;ITA;Torre Annunziata;ITTOA;40.747252;14.446394;881e9d956dfffff;613028143973793791;-1;8;green
2730;ITA;Torre Annunziata;ITTOA;40.747252;14.446394;881e9d825dfffff;613028138856742911;-1;8;green
2731;ITA;Torre Annunziata;ITTOA;40.747252;14.446394;881e9d90b1fffff;613028142702919679;-1;8;green
2732;ITA;Torre Annunziata;ITTOA;40.747252;14.446394;881e9d90e7fffff;613028142759542783;-1;8;green
2733;ITA;Torre Annunziata;ITTOA;40.747252;14.446394;881e9d824bfffff;613028138837868543;-1;8;green
2734;ITA;Torre Annunziata;ITTOA;40.747252;14.446394;881e9d8247fffff;613028138833674239;-1;8;green
2735;ITA;Torre Annunziata;ITTOA;40.747252;14.446394;881e9d9545fffff;613028143931850751;-1;8;green
2736;ITA;Torre Annunziata;ITTOA;40.747252;14.446394;881e9d9569fffff;613028143969599487;-1;8;green
2737;ITA;Torre Annunziata;ITTOA;40.747252;14.446394;881e9d91d9fffff;613028143013298175;-1;8;green
2738;ITA;Torre Annunziata;ITTOA;40.747252;14.446394;881e9d909bfffff;613028142679851007;-1;8;green
2739;ITA;Torre Annunziata;ITTOA;40.747252;14.446394;881e9d90adfffff;613028142698725375;-1;8;green
2740;ITA;Torre Annunziata;ITTOA;40.747252;14.446394;881e9d8243fffff;613028138829479935;-1;8;green
2741;ITA;Torre Annunziata;ITTOA;40.747252;14.446394;881e9d8255fffff;613028138848354303;-1;8;green
2742;ITA;Torre Annunziata;ITTOA;40.747252;14.446394;881e9d9565fffff;613028143965405183;-1;8;green
2743;ITA;Torre Annunziata;ITTOA;40.747252;14.446394;881e9d8209fffff;613028138768662527;-1;8;green
2744;ITA;Torre Annunziata;ITTOA;40.747252;14.446394;881e9d8251fffff;613028138844159999;-1;8;green
2745;ITA;Torre Annunziata;ITTOA;40.747252;14.446394;881e9d9561fffff;613028143961210879;-1;8;green
2746;ITA;Torre Annunziata;ITTOA;40.747252;14.446394;881e9d9081fffff;613028142652588031;-1;8;green
2747;ITA;Torre Annunziata;ITTOA;40.747252;14.446394;881e9d9093fffff;613028142671462399;-1;8;green
2748;ITA;Torre Annunziata;ITTOA;40.747252;14.446394;881e9d90b7fffff;613028142709211135;-1;8;green
2749;ITA;Torre Annunziata;ITTOA;40.747252;14.446394;881e9d91dbfffff;613028143015395327;-1;8;green
2750;ITA;Torre Annunziata;ITTOA;40.747252;14.446394;881e9d90a1fffff;613028142686142463;-1;8;green
2751;ITA;Torre Annunziata;ITTOA;40.747252;14.446394;881e9d90b5fffff;613028142707113983;-1;8;green
2752;ITA;Torre Annunziata;ITTOA;40.747252;14.446394;881e9d90b3fffff;613028142705016831;-1;8;green
2753;ITA;Torre Annunziata;ITTOA;40.747252;14.446394;881e9d90d7fffff;613028142742765567;-1;8;green
2754;ITA;Torre Annunziata;ITTOA;40.747252;14.446394;881e9d90a3fffff;613028142688239615;-1;8;green
2755;ITA;Torre Annunziata;ITTOA;40.747252;14.446394;881e9d950dfffff;613028143873130495;-1;8;green
2756;ITA;Torre Annunziata;ITTOA;40.747252;14.446394;881e9d91d3fffff;613028143007006719;-1;8;green
2757;ITA;Torre Annunziata;ITTOA;40.747252;14.446394;881e9d8257fffff;613028138850451455;-1;8;green
2758;ITA;Torre Annunziata;ITTOA;40.747252;14.446394;881e9d9567fffff;613028143967502335;-1;8;green
2759;ITA;Torre Annunziata;ITTOA;40.747252;14.446394;881e9d9087fffff;613028142658879487;-1;8;green
2760;ITA;Torre Annunziata;ITTOA;40.747252;14.446394;881e9d90abfffff;613028142696628223;-1;8;green
2761;ITA;Torre Annunziata;ITTOA;40.747252;14.446394;881e9d8253fffff;613028138846257151;-1;8;green
2762;ITA;Torre Annunziata;ITTOA;40.747252;14.446394;881e9d90b9fffff;613028142711308287;-1;8;green
2763;ITA;Trapani;ITTPS;38.014424;12.496554;88386d2713fffff;613482212653793279;-1;8;green
2764;ITA;Trapani;ITTPS;38.014424;12.496554;88386d2463fffff;613482211932372991;-1;8;green
2765;ITA;Trapani;ITTPS;38.014424;12.496554;88386d2717fffff;613482212657987583;-1;8;green
2766;ITA;Trapani;ITTPS;38.014424;12.496554;88386d244dfffff;613482211909304319;-1;8;green
2767;ITA;Trapani;ITTPS;38.014424;12.496554;88386d2441fffff;613482211896721407;-1;8;green
2768;ITA;Trapani;ITTPS;38.014424;12.496554;88386d240bfffff;613482211840098303;-1;8;green
2769;ITA;Trapani;ITTPS;38.014424;12.496554;88386d2719fffff;613482212660084735;-1;8;green
2770;ITA;Trapani;ITTPS;38.014424;12.496554;88386d2445fffff;613482211900915711;-1;8;green
2771;ITA;Trapani;ITTPS;38.014424;12.496554;88386d2711fffff;613482212651696127;-1;8;green
2772;ITA;Trapani;ITTPS;38.014424;12.496554;88386d2469fffff;613482211938664447;-1;8;green
2773;ITA;Trapani;ITTPS;38.014424;12.496554;88386d246bfffff;613482211940761599;-1;8;green
2774;ITA;Trapani;ITTPS;38.014424;12.496554;88386d245dfffff;613482211926081535;-1;8;green
2775;ITA;Trapani;ITTPS;38.014424;12.496554;88386d271bfffff;613482212662181887;-1;8;green
2776;ITA;Trapani;ITTPS;38.014424;12.496554;88386d2409fffff;613482211838001151;-1;8;green
2777;ITA;Termini Imerese;ITTRI;37.986252;13.709162;881e9a2f4bfffff;613027910399295487;-1;8;green
2778;ITA;Termini Imerese;ITTRI;37.986252;13.709162;881e9a21c5fffff;613027906769125375;-1;8;green
2779;ITA;Termini Imerese;ITTRI;37.986252;13.709162;881e9a21c3fffff;613027906767028223;-1;8;green
2780;ITA;Termini Imerese;ITTRI;37.986252;13.709162;881e9a2e5bfffff;613027910147637247;-1;8;green
2781;ITA;Termini Imerese;ITTRI;37.986252;13.709162;881e9a21c1fffff;613027906764931071;-1;8;green
2782;ITA;Termini Imerese;ITTRI;37.986252;13.709162;881e9a2e55fffff;613027910141345791;-1;8;green
2783;ITA;Termini Imerese;ITTRI;37.986252;13.709162;881e9a21bbfffff;613027906758639615;-1;8;green
2784;ITA;Termini Imerese;ITTRI;37.986252;13.709162;881e9a2e51fffff;613027910137151487;-1;8;green
2785;ITA;Termini Imerese;ITTRI;37.986252;13.709162;881e9a2e4dfffff;613027910132957183;-1;8;green
2786;ITA;Termini Imerese;ITTRI;37.986252;13.709162;881e9a21b3fffff;613027906750251007;-1;8;green
2787;ITA;Termini Imerese;ITTRI;37.986252;13.709162;881e9a2e47fffff;613027910126665727;-1;8;green
2788;ITA;Termini Imerese;ITTRI;37.986252;13.709162;881e9a21adfffff;613027906743959551;-1;8;green
2789;ITA;Termini Imerese;ITTRI;37.986252;13.709162;881e9a2f59fffff;613027910413975551;-1;8;green
2790;ITA;Termini Imerese;ITTRI;37.986252;13.709162;881e9a21c7fffff;613027906771222527;-1;8;green
2791;ITA;Termini Imerese;ITTRI;37.986252;13.709162;881e9a2e45fffff;613027910124568575;-1;8;green
2792;ITA;Termini Imerese;ITTRI;37.986252;13.709162;881e9a21abfffff;613027906741862399;-1;8;green
2793;ITA;Termini Imerese;ITTRI;37.986252;13.709162;881e9a2e43fffff;613027910122471423;-1;8;green
2794;ITA;Termini Imerese;ITTRI;37.986252;13.709162;881e9a2503fffff;613027907639443455;-1;8;green
2795;ITA;Termini Imerese;ITTRI;37.986252;13.709162;881e9a21a9fffff;613027906739765247;-1;8;green
2796;ITA;Termini Imerese;ITTRI;37.986252;13.709162;881e9a2e41fffff;613027910120374271;-1;8;green
2797;ITA;Termini Imerese;ITTRI;37.986252;13.709162;881e9a21a5fffff;613027906735570943;-1;8;green
2798;ITA;Termini Imerese;ITTRI;37.986252;13.709162;881e9a21a1fffff;613027906731376639;-1;8;green
2799;ITA;Termini Imerese;ITTRI;37.986252;13.709162;881e9a252dfffff;613027907683483647;-1;8;green
2800;ITA;Termini Imerese;ITTRI;37.986252;13.709162;881e9a252bfffff;613027907681386495;-1;8;green
2801;ITA;Termini Imerese;ITTRI;37.986252;13.709162;881e9a219dfffff;613027906727182335;-1;8;green
2802;ITA;Termini Imerese;ITTRI;37.986252;13.709162;881e9a21c9fffff;613027906773319679;-1;8;green
2803;ITA;Termini Imerese;ITTRI;37.986252;13.709162;881e9a2529fffff;613027907679289343;-1;8;green
2804;ITA;Termini Imerese;ITTRI;37.986252;13.709162;881e9a219bfffff;613027906725085183;-1;8;green
2805;ITA;Termini Imerese;ITTRI;37.986252;13.709162;881e9a25cdfffff;613027907851255807;-1;8;green
2806;ITA;Termini Imerese;ITTRI;37.986252;13.709162;881e9a2199fffff;613027906722988031;-1;8;green
2807;ITA;Termini Imerese;ITTRI;37.986252;13.709162;881e9a21ebfffff;613027906808971263;-1;8;green
2808;ITA;Termini Imerese;ITTRI;37.986252;13.709162;881e9a25c9fffff;613027907847061503;-1;8;green
2809;ITA;Termini Imerese;ITTRI;37.986252;13.709162;881e9a2195fffff;613027906718793727;-1;8;green
2810;ITA;Termini Imerese;ITTRI;37.986252;13.709162;881e9a21e7fffff;613027906804776959;-1;8;green
2811;ITA;Termini Imerese;ITTRI;37.986252;13.709162;881e9a2193fffff;613027906716696575;-1;8;green
2812;ITA;Termini Imerese;ITTRI;37.986252;13.709162;881e9a2427fffff;613027907408756735;-1;8;green
2813;ITA;Termini Imerese;ITTRI;37.986252;13.709162;881e9a2191fffff;613027906714599423;-1;8;green
2814;ITA;Termini Imerese;ITTRI;37.986252;13.709162;881e9a21e3fffff;613027906800582655;-1;8;green
2815;ITA;Termini Imerese;ITTRI;37.986252;13.709162;881e9a251bfffff;613027907664609279;-1;8;green
2816;ITA;Termini Imerese;ITTRI;37.986252;13.709162;881e9a21cbfffff;613027906775416831;-1;8;green
2817;ITA;Termini Imerese;ITTRI;37.986252;13.709162;881e9a2e65fffff;613027910158123007;-1;8;green
2818;ITA;Termini Imerese;ITTRI;37.986252;13.709162;881e9a218dfffff;613027906710405119;-1;8;green
2819;ITA;Termini Imerese;ITTRI;37.986252;13.709162;881e9a2519fffff;613027907662512127;-1;8;green
2820;ITA;Termini Imerese;ITTRI;37.986252;13.709162;881e9a218bfffff;613027906708307967;-1;8;green
2821;ITA;Termini Imerese;ITTRI;37.986252;13.709162;881e9a21ddfffff;613027906794291199;-1;8;green
2822;ITA;Termini Imerese;ITTRI;37.986252;13.709162;881e9a2507fffff;613027907643637759;-1;8;green
2823;ITA;Termini Imerese;ITTRI;37.986252;13.709162;881e9a2189fffff;613027906706210815;-1;8;green
2824;ITA;Termini Imerese;ITTRI;37.986252;13.709162;881e9a203dfffff;613027906358083583;-1;8;green
2825;ITA;Termini Imerese;ITTRI;37.986252;13.709162;881e9a2515fffff;613027907658317823;-1;8;green
2826;ITA;Termini Imerese;ITTRI;37.986252;13.709162;881e9a2187fffff;613027906704113663;-1;8;green
2827;ITA;Termini Imerese;ITTRI;37.986252;13.709162;881e9a21d9fffff;613027906790096895;-1;8;green
2828;ITA;Termini Imerese;ITTRI;37.986252;13.709162;881e9a2513fffff;613027907656220671;-1;8;green
2829;ITA;Termini Imerese;ITTRI;37.986252;13.709162;881e9a2185fffff;613027906702016511;-1;8;green
2830;ITA;Termini Imerese;ITTRI;37.986252;13.709162;881e9a21d7fffff;613027906787999743;-1;8;green
2831;ITA;Termini Imerese;ITTRI;37.986252;13.709162;881e9a2511fffff;613027907654123519;-1;8;green
2832;ITA;Termini Imerese;ITTRI;37.986252;13.709162;881e9a2183fffff;613027906699919359;-1;8;green
2833;ITA;Termini Imerese;ITTRI;37.986252;13.709162;881e9a21d5fffff;613027906785902591;-1;8;green
2834;ITA;Termini Imerese;ITTRI;37.986252;13.709162;881e9a2037fffff;613027906351792127;-1;8;green
2835;ITA;Termini Imerese;ITTRI;37.986252;13.709162;881e9a2181fffff;613027906697822207;-1;8;green
2836;ITA;Termini Imerese;ITTRI;37.986252;13.709162;881e9a2e6dfffff;613027910166511615;-1;8;green
2837;ITA;Termini Imerese;ITTRI;37.986252;13.709162;881e9a2035fffff;613027906349694975;-1;8;green
2838;ITA;Termini Imerese;ITTRI;37.986252;13.709162;881e9a2033fffff;613027906347597823;-1;8;green
2839;ITA;Termini Imerese;ITTRI;37.986252;13.709162;881e9a2e69fffff;613027910162317311;-1;8;green
2840;ITA;Termini Imerese;ITTRI;37.986252;13.709162;881e9a2031fffff;613027906345500671;-1;8;green
2841;ITA;Trieste;ITTRS;45.647831;13.752976;881e125a1dfffff;613018576044949503;-1;8;green
2842;ITA;Trieste;ITTRS;45.647831;13.752976;881e125a3bfffff;613018576076406783;-1;8;green
2843;ITA;Trieste;ITTRS;45.647831;13.752976;881e125a45fffff;613018576086892543;-1;8;green
2844;ITA;Trieste;ITTRS;45.647831;13.752976;881e12513bfffff;613018573660487679;-1;8;green
2845;ITA;Trieste;ITTRS;45.647831;13.752976;881e125a03fffff;613018576017686527;-1;8;green
2846;ITA;Trieste;ITTRS;45.647831;13.752976;881e125a0dfffff;613018576028172287;-1;8;green
2847;ITA;Trieste;ITTRS;45.647831;13.752976;881e12510dfffff;613018573612253183;-1;8;green
2848;ITA;Trieste;ITTRS;45.647831;13.752976;881e125a2bfffff;613018576059629567;-1;8;green
2849;ITA;Trieste;ITTRS;45.647831;13.752976;881e125a53fffff;613018576101572607;-1;8;green
2850;ITA;Trieste;ITTRS;45.647831;13.752976;881e125167fffff;613018573706625023;-1;8;green
2851;ITA;Trieste;ITTRS;45.647831;13.752976;881e125a07fffff;613018576021880831;-1;8;green
2852;ITA;Trieste;ITTRS;45.647831;13.752976;881e125a39fffff;613018576074309631;-1;8;green
2853;ITA;Trieste;ITTRS;45.647831;13.752976;881e125139fffff;613018573658390527;-1;8;green
2854;ITA;Trieste;ITTRS;45.647831;13.752976;881e125a6bfffff;613018576126738431;-1;8;green
2855;ITA;Trieste;ITTRS;45.647831;13.752976;881e12516bfffff;613018573710819327;-1;8;green
2856;ITA;Trieste;ITTRS;45.647831;13.752976;881e125a01fffff;613018576015589375;-1;8;green
2857;ITA;Trieste;ITTRS;45.647831;13.752976;881e125a15fffff;613018576036560895;-1;8;green
2858;ITA;Trieste;ITTRS;45.647831;13.752976;881e125115fffff;613018573620641791;-1;8;green
2859;ITA;Trieste;ITTRS;45.647831;13.752976;881e125a29fffff;613018576057532415;-1;8;green
2860;ITA;Trieste;ITTRS;45.647831;13.752976;881e125a19fffff;613018576040755199;-1;8;green
2861;ITA;Trieste;ITTRS;45.647831;13.752976;881e125147fffff;613018573673070591;-1;8;green
2862;ITA;Trieste;ITTRS;45.647831;13.752976;881e125a05fffff;613018576019783679;-1;8;green
2863;ITA;Catania;ITCTA;37.495771;15.096146;883f35c65bfffff;613601552422141951;-1;8;green
2864;ITA;Catania;ITCTA;37.495771;15.096146;883f358967fffff;613601536060162047;-1;8;green
2865;ITA;Catania;ITCTA;37.495771;15.096146;883f35c651fffff;613601552411656191;-1;8;green
2866;ITA;Catania;ITCTA;37.495771;15.096146;883f35c659fffff;613601552420044799;-1;8;green
2867;ITA;Catania;ITCTA;37.495771;15.096146;883f358965fffff;613601536058064895;-1;8;green
2868;ITA;Catania;ITCTA;37.495771;15.096146;883f35c65dfffff;613601552424239103;-1;8;green
2869;ITA;Catania;ITCTA;37.495771;15.096146;883f35c603fffff;613601552329867263;-1;8;green
2870;ITA;Ustica;ITUST;38.708697;13.196089;881e9a95d9fffff;613027937928609791;-1;8;green
2871;ITA;Venezia;ITVCE;45.440386;12.311471;881ea54f3dfffff;613028674888794111;-1;8;green
2872;ITA;Venezia;ITVCE;45.440386;12.311471;881ea54f23fffff;613028674861531135;-1;8;green
2873;ITA;Venezia;ITVCE;45.440386;12.311471;881ea54f39fffff;613028674884599807;-1;8;green
2874;ITA;Venezia;ITVCE;45.440386;12.311471;881ea54f19fffff;613028674851045375;-1;8;green
2875;ITA;Venezia;ITVCE;45.440386;12.311471;881ea54eb5fffff;613028674746187775;-1;8;green
2876;ITA;Venezia;ITVCE;45.440386;12.311471;881ea541a1fffff;613028671235555327;-1;8;green
2877;ITA;Venezia;ITVCE;45.440386;12.311471;881ea54eebfffff;613028674802810879;-1;8;green
2878;ITA;Venezia;ITVCE;45.440386;12.311471;881ea54ee7fffff;613028674798616575;-1;8;green
2879;ITA;Venezia;ITVCE;45.440386;12.311471;881ea54eb1fffff;613028674741993471;-1;8;green
2880;ITA;Venezia;ITVCE;45.440386;12.311471;881ea54eadfffff;613028674737799167;-1;8;green
2881;ITA;Venezia;ITVCE;45.440386;12.311471;881ea57b65fffff;613028686741897215;-1;8;green
2882;ITA;Venezia;ITVCE;45.440386;12.311471;881ea54ee3fffff;613028674794422271;-1;8;green
2883;ITA;Venezia;ITVCE;45.440386;12.311471;881ea54e07fffff;613028674563735551;-1;8;green
2884;ITA;Venezia;ITVCE;45.440386;12.311471;881ea54e3dfffff;613028674620358655;-1;8;green
2885;ITA;Venezia;ITVCE;45.440386;12.311471;881ea54ea9fffff;613028674733604863;-1;8;green
2886;ITA;Venezia;ITVCE;45.440386;12.311471;881ea54e39fffff;613028674616164351;-1;8;green
2887;ITA;Venezia;ITVCE;45.440386;12.311471;881ea54e03fffff;613028674559541247;-1;8;green
2888;ITA;Venezia;ITVCE;45.440386;12.311471;881ea54e17fffff;613028674580512767;-1;8;green
2889;ITA;Venezia;ITVCE;45.440386;12.311471;881ea54eb9fffff;613028674750382079;-1;8;green
2890;ITA;Venezia;ITVCE;45.440386;12.311471;881ea54f5bfffff;613028674920251391;-1;8;green
2891;ITA;Venezia;ITVCE;45.440386;12.311471;881ea54523fffff;613028672177176575;-1;8;green
2892;ITA;Venezia;ITVCE;45.440386;12.311471;881ea54e6bfffff;613028674668593151;-1;8;green
2893;ITA;Venezia;ITVCE;45.440386;12.311471;881ea54f09fffff;613028674834268159;-1;8;green
2894;ITA;Venezia;ITVCE;45.440386;12.311471;881ea54e67fffff;613028674664398847;-1;8;green
2895;ITA;Venezia;ITVCE;45.440386;12.311471;881ea54e31fffff;613028674607775743;-1;8;green
2896;ITA;Venezia;ITVCE;45.440386;12.311471;881ea54e2dfffff;613028674603581439;-1;8;green
2897;ITA;Venezia;ITVCE;45.440386;12.311471;881ea54e63fffff;613028674660204543;-1;8;green
2898;ITA;Venezia;ITVCE;45.440386;12.311471;881ea54e29fffff;613028674599387135;-1;8;green
2899;ITA;Venezia;ITVCE;45.440386;12.311471;881ea54e95fffff;613028674712633343;-1;8;green
2900;ITA;Venezia;ITVCE;45.440386;12.311471;881ea54e87fffff;613028674697953279;-1;8;green
2901;ITA;Venezia;ITVCE;45.440386;12.311471;881ea54cd9fffff;613028674247065599;-1;8;green
2902;ITA;Venezia;ITVCE;45.440386;12.311471;881ea54e89fffff;613028674700050431;-1;8;green
2903;ITA;Venezia;ITVCE;45.440386;12.311471;881ea54e1dfffff;613028674586804223;-1;8;green
2904;ITA;Venezia;ITVCE;45.440386;12.311471;881ea54ebbfffff;613028674752479231;-1;8;green
2905;ITA;Venezia;ITVCE;45.440386;12.311471;881ea54e85fffff;613028674695856127;-1;8;green
2906;ITA;Venezia;ITVCE;45.440386;12.311471;881ea54e19fffff;613028674582609919;-1;8;green
2907;ITA;Venezia;ITVCE;45.440386;12.311471;881ea54e81fffff;613028674691661823;-1;8;green
2908;ITA;Venezia;ITVCE;45.440386;12.311471;881ea54eedfffff;613028674804908031;-1;8;green
2909;ITA;Venezia;ITVCE;45.440386;12.311471;881ea54e15fffff;613028674578415615;-1;8;green
2910;ITA;Venezia;ITVCE;45.440386;12.311471;881ea54eb3fffff;613028674744090623;-1;8;green
2911;ITA;Venezia;ITVCE;45.440386;12.311471;881ea54e11fffff;613028674574221311;-1;8;green
2912;ITA;Venezia;ITVCE;45.440386;12.311471;881ea54ee5fffff;613028674796519423;-1;8;green
2913;ITA;Venezia;ITVCE;45.440386;12.311471;881ea54e0dfffff;613028674570027007;-1;8;green
2914;ITA;Venezia;ITVCE;45.440386;12.311471;881ea54eabfffff;613028674735702015;-1;8;green
2915;ITA;Venezia;ITVCE;45.440386;12.311471;881ea54ee1fffff;613028674792325119;-1;8;green
2916;ITA;Venezia;ITVCE;45.440386;12.311471;881ea54e09fffff;613028674565832703;-1;8;green
2917;ITA;Venezia;ITVCE;45.440386;12.311471;881ea54e05fffff;613028674561638399;-1;8;green
2918;ITA;Venezia;ITVCE;45.440386;12.311471;881ea54e3bfffff;613028674618261503;-1;8;green
2919;ITA;Venezia;ITVCE;45.440386;12.311471;881ea54ea3fffff;613028674727313407;-1;8;green
2920;ITA;Venezia;ITVCE;45.440386;12.311471;881ea54525fffff;613028672179273727;-1;8;green
2921;ITA;Venezia;ITVCE;45.440386;12.311471;881ea54e01fffff;613028674557444095;-1;8;green
2922;ITA;Venezia;ITVCE;45.440386;12.311471;881ea54e33fffff;613028674609872895;-1;8;green
2923;ITA;Venezia;ITVCE;45.440386;12.311471;881ea54521fffff;613028672175079423;-1;8;green
2924;ITA;Venezia;ITVCE;45.440386;12.311471;881ea540a7fffff;613028670973411327;-1;8;green
2925;ITA;Civitavecchia;ITCVV;42.097224;11.780849;881e86a945fffff;613026568752594943;-1;8;green
2926;ITA;Civitavecchia;ITCVV;42.097224;11.780849;881e86a94bfffff;613026568758886399;-1;8;green
2927;ITA;Civitavecchia;ITCVV;42.097224;11.780849;881e86a95dfffff;613026568777760767;-1;8;green
2928;ITA;Civitavecchia;ITCVV;42.097224;11.780849;881e86ab31fffff;613026569268494335;-1;8;green
2929;ITA;Civitavecchia;ITCVV;42.097224;11.780849;881e86ab37fffff;613026569274785791;-1;8;green
2930;ITA;Civitavecchia;ITCVV;42.097224;11.780849;881e86a905fffff;613026568685486079;-1;8;green
2931;ITA;Civitavecchia;ITCVV;42.097224;11.780849;881e86a941fffff;613026568748400639;-1;8;green
2932;ITA;Civitavecchia;ITCVV;42.097224;11.780849;881e86a959fffff;613026568773566463;-1;8;green
2933;ITA;Civitavecchia;ITCVV;42.097224;11.780849;881e86a96bfffff;613026568792440831;-1;8;green
2934;ITA;Civitavecchia;ITCVV;42.097224;11.780849;881e86a823fffff;613026568448507903;-1;8;green
2935;ITA;Civitavecchia;ITCVV;42.097224;11.780849;881e86a835fffff;613026568467382271;-1;8;green
2936;ITA;Civitavecchia;ITCVV;42.097224;11.780849;881e86ab15fffff;613026569239134207;-1;8;green
2937;ITA;Civitavecchia;ITCVV;42.097224;11.780849;881e86ab3bfffff;613026569278980095;-1;8;green
2938;ITA;Civitavecchia;ITCVV;42.097224;11.780849;881e86a865fffff;613026568517713919;-1;8;green
2939;ITA;Civitavecchia;ITCVV;42.097224;11.780849;881e86a86dfffff;613026568526102527;-1;8;green
2940;ITA;Civitavecchia;ITCVV;42.097224;11.780849;881e86ab1dfffff;613026569247522815;-1;8;green
2941;ITA;Civitavecchia;ITCVV;42.097224;11.780849;881e86ab11fffff;613026569234939903;-1;8;green
2942;ITA;Civitavecchia;ITCVV;42.097224;11.780849;881e86a90dfffff;613026568693874687;-1;8;green
2943;ITA;Civitavecchia;ITCVV;42.097224;11.780849;881e86a95bfffff;613026568775663615;-1;8;green
2944;ITA;Civitavecchia;ITCVV;42.097224;11.780849;881e86a961fffff;613026568781955071;-1;8;green
2945;ITA;Cavo;ITCVX;42.859544;10.423381;881eb11a39fffff;613029485291241471;-1;8;green
2946;ITA;Cavo;ITCVX;42.859544;10.423381;881eb11a03fffff;613029485234618367;-1;8;green
2947;ITA;Cavo;ITCVX;42.859544;10.423381;881eb11a01fffff;613029485232521215;-1;8;green
2948;ITA;Cavo;ITCVX;42.859544;10.423381;881eb11a15fffff;613029485253492735;-1;8;green
2949;ITA;Cavo;ITCVX;42.859544;10.423381;881eb11a3bfffff;613029485293338623;-1;8;green
2950;ITA;Villa San Giovanni. Calabria;ITVSG;38.216667;15.633333;883f26cd2dfffff;613600523460804607;-1;8;green
2951;ITA;Villa San Giovanni. Calabria;ITVSG;38.216667;15.633333;883f26cd07fffff;613600523420958719;-1;8;green
2952;ITA;Villa San Giovanni. Calabria;ITVSG;38.216667;15.633333;883f26cd65fffff;613600523519524863;-1;8;green
2953;ITA;Villa San Giovanni. Calabria;ITVSG;38.216667;15.633333;883f26cd67fffff;613600523521622015;-1;8;green
2954;ITA;Villa San Giovanni. Calabria;ITVSG;38.216667;15.633333;883f26cd2bfffff;613600523458707455;-1;8;green
2955;ITA;Villa San Giovanni. Calabria;ITVSG;38.216667;15.633333;883f265257fffff;613600490487283711;-1;8;green
2956;ITA;Villa San Giovanni. Calabria;ITVSG;38.216667;15.633333;883f265213fffff;613600490415980543;-1;8;green
2957;ITA;Villa San Giovanni. Calabria;ITVSG;38.216667;15.633333;883f26cd05fffff;613600523418861567;-1;8;green
2958;ITA;Villa San Giovanni. Calabria;ITVSG;38.216667;15.633333;883f26cd63fffff;613600523517427711;-1;8;green
2959;ITA;Villa San Giovanni. Calabria;ITVSG;38.216667;15.633333;883f26525bfffff;613600490491478015;-1;8;green
2960;ITA;Villa San Giovanni. Calabria;ITVSG;38.216667;15.633333;883f265211fffff;613600490413883391;-1;8;green
2961;ITA;Villa San Giovanni. Calabria;ITVSG;38.216667;15.633333;883f26cd39fffff;613600523473387519;-1;8;green
2962;ITA;Vibo Valentia Marina;ITVVA;38.724317;16.128606;883f268707fffff;613600504630476799;-1;8;green
2963;ITA;Vibo Valentia Marina;ITVVA;38.724317;16.128606;883f26873dfffff;613600504687099903;-1;8;green
2964;ITA;Vibo Valentia Marina;ITVVA;38.724317;16.128606;883f268723fffff;613600504659836927;-1;8;green
2965;ITA;Favignana;ITFAV;37.931459;12.325533;88386d21cbfffff;613482211236118527;-1;8;green
2966;ITA;Favignana;ITFAV;37.931459;12.325533;88386d2035fffff;613482210810396671;-1;8;green
2967;ITA;Favignana;ITFAV;37.931459;12.325533;88386d2199fffff;613482211183689727;-1;8;green
2968;ITA;Favignana;ITFAV;37.931459;12.325533;88386d2037fffff;613482210812493823;-1;8;green
2969;ITA;Favignana;ITFAV;37.931459;12.325533;88386d21ddfffff;613482211254992895;-1;8;green
2970;ITA;Favignana;ITFAV;37.931459;12.325533;88386d20a5fffff;613482210927837183;-1;8;green
2971;ITA;Favignana;ITFAV;37.931459;12.325533;88386d21d1fffff;613482211242409983;-1;8;green
2972;ITA;Favignana;ITFAV;37.931459;12.325533;88386d21c1fffff;613482211225632767;-1;8;green
2973;ITA;Favignana;ITFAV;37.931459;12.325533;88386d21d3fffff;613482211244507135;-1;8;green
2974;ITA;Favignana;ITFAV;37.931459;12.325533;88386d21d9fffff;613482211250798591;-1;8;green
2975;ITA;Fiumicino;ITFCO;41.770962;12.229014;881e805b2dfffff;613026135472603135;-1;8;green
2976;ITA;Fiumicino;ITFCO;41.770962;12.229014;881e805b25fffff;613026135464214527;-1;8;green
2977;ITA;Fiumicino;ITFCO;41.770962;12.229014;881e805b67fffff;613026135533420543;-1;8;green
2978;ITA;Fiumicino;ITFCO;41.770962;12.229014;881e805b63fffff;613026135529226239;-1;8;green
2979;ITA;Fiumicino;ITFCO;41.770962;12.229014;881e862cd1fffff;613026535344963583;-1;8;green
2980;ITA;Fiumicino;ITFCO;41.770962;12.229014;881e862cd3fffff;613026535347060735;-1;8;green
2981;ITA;Fiumicino;ITFCO;41.770962;12.229014;881e862c99fffff;613026535286243327;-1;8;green
2982;ITA;Fiumicino;ITFCO;41.770962;12.229014;881e862cd7fffff;613026535351255039;-1;8;green
2983;ITA;Fiumicino;ITFCO;41.770962;12.229014;881e862cdbfffff;613026535355449343;-1;8;green
2984;ITA;Fiumicino;ITFCO;41.770962;12.229014;881e862eb3fffff;613026535850377215;-1;8;green
2985;ITA;Fiumicino;ITFCO;41.770962;12.229014;881e862eb9fffff;613026535856668671;-1;8;green
2986;ITA;Fiumicino;ITFCO;41.770962;12.229014;881e862ebbfffff;613026535858765823;-1;8;green
2987;ITA;Fiumicino;ITFCO;41.770962;12.229014;881e862e91fffff;613026535814725631;-1;8;green
2988;ITA;Formia;ITFOM;41.254758;13.6128;881e83115dfffff;613026321817141247;-1;8;green
2989;ITA;Formia;ITFOM;41.254758;13.6128;881e831137fffff;613026321777295359;-1;8;green
2990;ITA;Formia;ITFOM;41.254758;13.6128;881e831ac9fffff;613026324346306559;-1;8;green
2991;ITA;Formia;ITFOM;41.254758;13.6128;881e83113bfffff;613026321781489663;-1;8;green
2992;ITA;Formia;ITFOM;41.254758;13.6128;881e831115fffff;613026321741643775;-1;8;green
2993;ITA;Formia;ITFOM;41.254758;13.6128;881e831119fffff;613026321745838079;-1;8;green
2994;ITA;Formia;ITFOM;41.254758;13.6128;881e83111dfffff;613026321750032383;-1;8;green
2995;ITA;Formia;ITFOM;41.254758;13.6128;881e831159fffff;613026321812946943;-1;8;green
2996;ITA;Formia;ITFOM;41.254758;13.6128;881e831153fffff;613026321806655487;-1;8;green
2997;ITA;Formia;ITFOM;41.254758;13.6128;881e831103fffff;613026321722769407;-1;8;green
2998;ITA;Formia;ITFOM;41.254758;13.6128;881e831157fffff;613026321810849791;-1;8;green
2999;ITA;Formia;ITFOM;41.254758;13.6128;881e831107fffff;613026321726963711;-1;8;green
3000;ITA;Formia;ITFOM;41.254758;13.6128;881e831131fffff;613026321771003903;-1;8;green
3001;ITA;Formia;ITFOM;41.254758;13.6128;881e831135fffff;613026321775198207;-1;8;green
3002;ITA;Formia;ITFOM;41.254758;13.6128;881e831139fffff;613026321779392511;-1;8;green
3003;ITA;Formia;ITFOM;41.254758;13.6128;881e831155fffff;613026321808752639;-1;8;green
3004;ITA;Formia;ITFOM;41.254758;13.6128;881e83113dfffff;613026321783586815;-1;8;green
3005;ITA;Formia;ITFOM;41.254758;13.6128;881e831123fffff;613026321756323839;-1;8;green
3006;ITA;Formia;ITFOM;41.254758;13.6128;881e831151fffff;613026321804558335;-1;8;green
3007;ITA;Filicudi Porto;ITFPO;38.5583;14.565953;881e9b8f59fffff;613028004903256063;-1;8;green
3008;ITA;Gaeta;ITGAE;41.216178;13.573274;881e83116bfffff;613026321831821311;-1;8;green
3009;ITA;Gaeta;ITGAE;41.216178;13.573274;881e831129fffff;613026321762615295;-1;8;green
3010;ITA;Gaeta;ITGAE;41.216178;13.573274;881e831163fffff;613026321823432703;-1;8;green
3011;ITA;Gaeta;ITGAE;41.216178;13.573274;881e831a51fffff;613026324220477439;-1;8;green
3012;ITA;Gaeta;ITGAE;41.216178;13.573274;881e831a5bfffff;613026324230963199;-1;8;green
3013;ITA;Levanzo;ITLEV;37.98627;12.340294;88386d20ebfffff;613482211001237503;-1;8;green
3014;ITA;Levanzo;ITLEV;37.98627;12.340294;88386d20c7fffff;613482210963488767;-1;8;green
3015;ITA;Marettimo;ITMMO;37.967298;12.075074;88386d3801fffff;613482217198321663;-1;8;green
3016;ITA;Marettimo;ITMMO;37.967298;12.075074;88386d380dfffff;613482217210904575;-1;8;green
3017;ITA;Tremestieri;ITZVK;38.1331;15.52479722;883f265323fffff;613600490701193215;-1;8;green
3018;ITA;Tremestieri;ITZVK;38.1331;15.52479722;883f265109fffff;613600490137059327;-1;8;green
3019;ITA;Tremestieri;ITZVK;38.1331;15.52479722;883f265141fffff;613600490195779583;-1;8;green
3020;ITA;Tremestieri;ITZVK;38.1331;15.52479722;883f265147fffff;613600490202071039;-1;8;green
3021;ITA;Tremestieri;ITZVK;38.1331;15.52479722;883f26514dfffff;613600490208362495;-1;8;green
3022;ITA;Tremestieri;ITZVK;38.1331;15.52479722;883f265339fffff;613600490724261887;-1;8;green
3023;ITA;Golfo Aranci;ITGAI;40.996029;9.621632;881e94ab31fffff;613027531341168639;-1;8;green
3024;ITA;Golfo Aranci;ITGAI;40.996029;9.621632;881e94ab3bfffff;613027531351654399;-1;8;green
3025;ITA;Golfo Aranci;ITGAI;40.996029;9.621632;881e94a959fffff;613027530846240767;-1;8;green
3026;ITA;Golfo Aranci;ITGAI;40.996029;9.621632;881e94a807fffff;613027530491822079;-1;8;green
3027;ITA;Golfo Aranci;ITGAI;40.996029;9.621632;881e94ab1bfffff;613027531318099967;-1;8;green
3028;ITA;Golfo Aranci;ITGAI;40.996029;9.621632;881e94ab39fffff;613027531349557247;-1;8;green
3029;ITA;Golfo Aranci;ITGAI;40.996029;9.621632;881e94a805fffff;613027530489724927;-1;8;green
3030;ITA;Golfo Aranci;ITGAI;40.996029;9.621632;881e94a861fffff;613027530586193919;-1;8;green
3031;ITA;Golfo Aranci;ITGAI;40.996029;9.621632;881e94a86bfffff;613027530596679679;-1;8;green
3032;ITA;Golfo Aranci;ITGAI;40.996029;9.621632;881e94a82dfffff;613027530531667967;-1;8;green
3033;ITA;Golfo Aranci;ITGAI;40.996029;9.621632;881e94ab13fffff;613027531309711359;-1;8;green
3034;ITA;Golfo Aranci;ITGAI;40.996029;9.621632;881e94a809fffff;613027530493919231;-1;8;green
3035;ITA;Golfo Aranci;ITGAI;40.996029;9.621632;881e94a84bfffff;613027530563125247;-1;8;green
3036;ITA;Golfo Aranci;ITGAI;40.996029;9.621632;881e94a80dfffff;613027530498113535;-1;8;green
3037;ITA;Golfo Aranci;ITGAI;40.996029;9.621632;881e94a95bfffff;613027530848337919;-1;8;green
3038;ITA;Golfo Aranci;ITGAI;40.996029;9.621632;881e94ab17fffff;613027531313905663;-1;8;green
3039;ITA;Golfo Aranci;ITGAI;40.996029;9.621632;881e94a953fffff;613027530839949311;-1;8;green
3040;ITA;Golfo Aranci;ITGAI;40.996029;9.621632;881e94a801fffff;613027530485530623;-1;8;green
3041;ITA;Golfo Aranci;ITGAI;40.996029;9.621632;881e94a951fffff;613027530837852159;-1;8;green
3042;ITA;Golfo Aranci;ITGAI;40.996029;9.621632;881e94a85dfffff;613027530581999615;-1;8;green
3043;ITA;Golfo Aranci;ITGAI;40.996029;9.621632;881e94a80bfffff;613027530496016383;-1;8;green
3044;ITA;Golfo Aranci;ITGAI;40.996029;9.621632;881e94ab15fffff;613027531311808511;-1;8;green
3045;ITA;Golfo Aranci;ITGAI;40.996029;9.621632;881e94a847fffff;613027530558930943;-1;8;green
3046;ITA;Golfo Aranci;ITGAI;40.996029;9.621632;881e94a867fffff;613027530592485375;-1;8;green
3047;ITA;Gallipoli;ITGAL;40.056441;17.980105;881e8b286bfffff;613026877761650687;-1;8;green
3048;ITA;Gallipoli;ITGAL;40.056441;17.980105;881e8b2863fffff;613026877753262079;-1;8;green
3049;ITA;Gallipoli;ITGAL;40.056441;17.980105;881e8b2861fffff;613026877751164927;-1;8;green
3050;ITA;Gallipoli;ITGAL;40.056441;17.980105;881e8b2a3dfffff;613026878250287103;-1;8;green
3051;ITA;Gallipoli;ITGAL;40.056441;17.980105;881e8b2847fffff;613026877723901951;-1;8;green
3052;ITA;Gallipoli;ITGAL;40.056441;17.980105;881e8b2a35fffff;613026878241898495;-1;8;green
3053;ITA;Gallipoli;ITGAL;40.056441;17.980105;881e8b2a31fffff;613026878237704191;-1;8;green
3054;ITA;Gallipoli;ITGAL;40.056441;17.980105;881e8b2841fffff;613026877717610495;-1;8;green
3055;ITA;Gallipoli;ITGAL;40.056441;17.980105;881e8b2a2bfffff;613026878231412735;-1;8;green
3056;ITA;Gallipoli;ITGAL;40.056441;17.980105;881e8b2a29fffff;613026878229315583;-1;8;green
3057;ITA;Gallipoli;ITGAL;40.056441;17.980105;881e8b2a23fffff;613026878223024127;-1;8;green
3058;ITA;Gallipoli;ITGAL;40.056441;17.980105;881e8b2a07fffff;613026878193663999;-1;8;green
3059;ITA;Gallipoli;ITGAL;40.056441;17.980105;881e8b2a05fffff;613026878191566847;-1;8;green
3060;ITA;Gallipoli;ITGAL;40.056441;17.980105;881e8b280dfffff;613026877663084543;-1;8;green
3061;ITA;Gallipoli;ITGAL;40.056441;17.980105;881e8b2805fffff;613026877654695935;-1;8;green
3062;ITA;Giardini Naxos;ITGIA;37.825281;15.273537;883f359081fffff;613601537966473215;-1;8;green
3063;ITA;Giardini Naxos;ITGIA;37.825281;15.273537;883f359095fffff;613601537987444735;-1;8;green
3064;ITA;Giardini Naxos;ITGIA;37.825281;15.273537;883f359091fffff;613601537983250431;-1;8;green
3065;ITA;Giardini Naxos;ITGIA;37.825281;15.273537;883f3590d3fffff;613601538052456447;-1;8;green
3066;ITA;Gioia Tauro;ITGIT;38.446597;15.902643;883f268923fffff;613600505196707839;-1;8;green
3067;ITA;Gioia Tauro;ITGIT;38.446597;15.902643;883f26c447fffff;613600521072148479;-1;8;green
3068;ITA;Gioia Tauro;ITGIT;38.446597;15.902643;883f26c4d1fffff;613600521216851967;-1;8;green
3069;ITA;Gioia Tauro;ITGIT;38.446597;15.902643;883f268943fffff;613600505230262271;-1;8;green
3070;ITA;Gioia Tauro;ITGIT;38.446597;15.902643;883f26d585fffff;613600525700562943;-1;8;green
3071;ITA;Gioia Tauro;ITGIT;38.446597;15.902643;883f26d491fffff;613600525444710399;-1;8;green
3072;ITA;Gioia Tauro;ITGIT;38.446597;15.902643;883f26c41dfffff;613600521028108287;-1;8;green
3073;ITA;Gioia Tauro;ITGIT;38.446597;15.902643;883f26d5a5fffff;613600525734117375;-1;8;green
3074;ITA;Gioia Tauro;ITGIT;38.446597;15.902643;883f26c43dfffff;613600521061662719;-1;8;green
3075;ITA;Gioia Tauro;ITGIT;38.446597;15.902643;883f26c45dfffff;613600521095217151;-1;8;green
3076;ITA;Gioia Tauro;ITGIT;38.446597;15.902643;883f26c413fffff;613600521017622527;-1;8;green
3077;ITA;Gioia Tauro;ITGIT;38.446597;15.902643;883f26c685fffff;613600521674031103;-1;8;green
3078;ITA;Gioia Tauro;ITGIT;38.446597;15.902643;883f26c61bfffff;613600521562882047;-1;8;green
3079;ITA;Gioia Tauro;ITGIT;38.446597;15.902643;883f26c6a5fffff;613600521707585535;-1;8;green
3080;ITA;Gioia Tauro;ITGIT;38.446597;15.902643;883f26c63bfffff;613600521596436479;-1;8;green
3081;ITA;Gioia Tauro;ITGIT;38.446597;15.902643;883f26c453fffff;613600521084731391;-1;8;green
3082;ITA;Gioia Tauro;ITGIT;38.446597;15.902643;883f26c6c5fffff;613600521741139967;-1;8;green
3083;ITA;Gioia Tauro;ITGIT;38.446597;15.902643;883f26c4ddfffff;613600521229434879;-1;8;green
3084;ITA;Gioia Tauro;ITGIT;38.446597;15.902643;883f26c65bfffff;613600521629990911;-1;8;green
3085;ITA;Gioia Tauro;ITGIT;38.446597;15.902643;883f26c6e5fffff;613600521774694399;-1;8;green
3086;ITA;Gioia Tauro;ITGIT;38.446597;15.902643;883f26c409fffff;613600521007136767;-1;8;green
3087;ITA;Gioia Tauro;ITGIT;38.446597;15.902643;883f26c611fffff;613600521552396287;-1;8;green
3088;ITA;Gioia Tauro;ITGIT;38.446597;15.902643;883f26c429fffff;613600521040691199;-1;8;green
3089;ITA;Gioia Tauro;ITGIT;38.446597;15.902643;883f26c631fffff;613600521585950719;-1;8;green
3090;ITA;Gioia Tauro;ITGIT;38.446597;15.902643;883f268925fffff;613600505198804991;-1;8;green
3091;ITA;Gioia Tauro;ITGIT;38.446597;15.902643;883f26c449fffff;613600521074245631;-1;8;green
3092;ITA;Gioia Tauro;ITGIT;38.446597;15.902643;883f261367fffff;613600473592627199;-1;8;green
3093;ITA;Gioia Tauro;ITGIT;38.446597;15.902643;883f268965fffff;613600505265913855;-1;8;green
3094;ITA;Gioia Tauro;ITGIT;38.446597;15.902643;883f26896dfffff;613600505274302463;-1;8;green
3095;ITA;Gioia Tauro;ITGIT;38.446597;15.902643;883f26d493fffff;613600525446807551;-1;8;green
3096;ITA;Gioia Tauro;ITGIT;38.446597;15.902643;883f26c627fffff;613600521575464959;-1;8;green
3097;ITA;Gioia Tauro;ITGIT;38.446597;15.902643;883f26c647fffff;613600521609019391;-1;8;green
3098;ITA;Gioia Tauro;ITGIT;38.446597;15.902643;883f26c4e9fffff;613600521242017791;-1;8;green
3099;ITA;Gioia Tauro;ITGIT;38.446597;15.902643;883f26c667fffff;613600521642573823;-1;8;green
3100;ITA;Gioia Tauro;ITGIT;38.446597;15.902643;883f26c415fffff;613600521019719679;-1;8;green
3101;ITA;Gioia Tauro;ITGIT;38.446597;15.902643;883f26c687fffff;613600521676128255;-1;8;green
3102;ITA;Gioia Tauro;ITGIT;38.446597;15.902643;883f26d59dfffff;613600525725728767;-1;8;green
3103;ITA;Gioia Tauro;ITGIT;38.446597;15.902643;883f26c61dfffff;613600521564979199;-1;8;green
3104;ITA;Gioia Tauro;ITGIT;38.446597;15.902643;883f26c6a7fffff;613600521709682687;-1;8;green
3105;ITA;Gioia Tauro;ITGIT;38.446597;15.902643;883f26c63dfffff;613600521598533631;-1;8;green
3106;ITA;Gioia Tauro;ITGIT;38.446597;15.902643;883f26c455fffff;613600521086828543;-1;8;green
3107;ITA;Gioia Tauro;ITGIT;38.446597;15.902643;883f26c6c7fffff;613600521743237119;-1;8;green
3108;ITA;Gioia Tauro;ITGIT;38.446597;15.902643;883f26d5ddfffff;613600525792837631;-1;8;green
3109;ITA;Gioia Tauro;ITGIT;38.446597;15.902643;883f26c65dfffff;613600521632088063;-1;8;green
3110;ITA;Gioia Tauro;ITGIT;38.446597;15.902643;883f26c6e3fffff;613600521772597247;-1;8;green
3111;ITA;Gioia Tauro;ITGIT;38.446597;15.902643;883f26c6e7fffff;613600521776791551;-1;8;green
3112;ITA;Gioia Tauro;ITGIT;38.446597;15.902643;883f26c40bfffff;613600521009233919;-1;8;green
3113;ITA;Gioia Tauro;ITGIT;38.446597;15.902643;883f26894dfffff;613600505240748031;-1;8;green
3114;ITA;Gioia Tauro;ITGIT;38.446597;15.902643;883f26c613fffff;613600521554493439;-1;8;green
3115;ITA;Gioia Tauro;ITGIT;38.446597;15.902643;883f268907fffff;613600505167347711;-1;8;green
3116;ITA;Gioia Tauro;ITGIT;38.446597;15.902643;883f26c633fffff;613600521588047871;-1;8;green
3117;ITA;Gioia Tauro;ITGIT;38.446597;15.902643;883f268927fffff;613600505200902143;-1;8;green
3118;ITA;Gioia Tauro;ITGIT;38.446597;15.902643;883f26c44bfffff;613600521076342783;-1;8;green
3119;ITA;Gioia Tauro;ITGIT;38.446597;15.902643;883f26c659fffff;613600521627893759;-1;8;green
3120;ITA;Gioia Tauro;ITGIT;38.446597;15.902643;883f26d5d3fffff;613600525782351871;-1;8;green
3121;ITA;Gioia Tauro;ITGIT;38.446597;15.902643;883f26c653fffff;613600521621602303;-1;8;green
3122;ITA;Gioia Tauro;ITGIT;38.446597;15.902643;883f268947fffff;613600505234456575;-1;8;green
3123;ITA;Gioia Tauro;ITGIT;38.446597;15.902643;883f26c401fffff;613600520998748159;-1;8;green
3124;ITA;Gioia Tauro;ITGIT;38.446597;15.902643;883f268967fffff;613600505268011007;-1;8;green
3125;ITA;Gioia Tauro;ITGIT;38.446597;15.902643;883f26d5a9fffff;613600525738311679;-1;8;green
3126;ITA;Gioia Tauro;ITGIT;38.446597;15.902643;883f26c629fffff;613600521577562111;-1;8;green
3127;ITA;Gioia Tauro;ITGIT;38.446597;15.902643;883f26c441fffff;613600521065857023;-1;8;green
3128;ITA;Gioia Tauro;ITGIT;38.446597;15.902643;883f26c6b3fffff;613600521722265599;-1;8;green
3129;ITA;Gioia Tauro;ITGIT;38.446597;15.902643;883f26c6c3fffff;613600521739042815;-1;8;green
3130;ITA;Gioia Tauro;ITGIT;38.446597;15.902643;883f26893dfffff;613600505223970815;-1;8;green
3131;ITA;Gioia Tauro;ITGIT;38.446597;15.902643;883f26c669fffff;613600521644670975;-1;8;green
3132;ITA;Gioia Tauro;ITGIT;38.446597;15.902643;883f26c299fffff;613600520621260799;-1;8;green
3133;ITA;Gioia Tauro;ITGIT;38.446597;15.902643;883f26c451fffff;613600521082634239;-1;8;green
3134;ITA;Gioia Tauro;ITGIT;38.446597;15.902643;883f26c417fffff;613600521021816831;-1;8;green
3135;ITA;Gioia Tauro;ITGIT;38.446597;15.902643;883f26892dfffff;613600505207193599;-1;8;green
3136;ITA;Gioia Tauro;ITGIT;38.446597;15.902643;883f26c689fffff;613600521678225407;-1;8;green
3137;ITA;Gioia Tauro;ITGIT;38.446597;15.902643;883f26c6a9fffff;613600521711779839;-1;8;green
3138;ITA;Gioia Tauro;ITGIT;38.446597;15.902643;883f26c4c1fffff;613600521200074751;-1;8;green
3139;ITA;Gioia Tauro;ITGIT;38.446597;15.902643;883f26c457fffff;613600521088925695;-1;8;green
3140;ITA;Gioia Tauro;ITGIT;38.446597;15.902643;883f26c639fffff;613600521594339327;-1;8;green
3141;ITA;Gioia Tauro;ITGIT;38.446597;15.902643;883f26c6c9fffff;613600521745334271;-1;8;green
3142;ITA;Gioia Tauro;ITGIT;38.446597;15.902643;883f26d5b9fffff;613600525755088895;-1;8;green
3143;ITA;Gioia Tauro;ITGIT;38.446597;15.902643;883f26c6e9fffff;613600521778888703;-1;8;green
3144;ITA;Gioia Tauro;ITGIT;38.446597;15.902643;883f26c40dfffff;613600521011331071;-1;8;green
3145;ITA;Gioia Tauro;ITGIT;38.446597;15.902643;883f26d595fffff;613600525717340159;-1;8;green
3146;ITA;Gioia Tauro;ITGIT;38.446597;15.902643;883f26c615fffff;613600521556590591;-1;8;green
3147;ITA;Gioia Tauro;ITGIT;38.446597;15.902643;883f268909fffff;613600505169444863;-1;8;green
3148;ITA;Gioia Tauro;ITGIT;38.446597;15.902643;883f26c635fffff;613600521590145023;-1;8;green
3149;ITA;Gioia Tauro;ITGIT;38.446597;15.902643;883f268929fffff;613600505202999295;-1;8;green
3150;ITA;Gioia Tauro;ITGIT;38.446597;15.902643;883f26c44dfffff;613600521078439935;-1;8;green
3151;ITA;Gioia Tauro;ITGIT;38.446597;15.902643;883f26d5d5fffff;613600525784449023;-1;8;green
3152;ITA;Gioia Tauro;ITGIT;38.446597;15.902643;883f26c403fffff;613600521000845311;-1;8;green
3153;ITA;Gioia Tauro;ITGIT;38.446597;15.902643;883f268969fffff;613600505270108159;-1;8;green
3154;ITA;Gioia Tauro;ITGIT;38.446597;15.902643;883f26c431fffff;613600521049079807;-1;8;green
3155;ITA;Gioia Tauro;ITGIT;38.446597;15.902643;883f26d58bfffff;613600525706854399;-1;8;green
3156;ITA;Gioia Tauro;ITGIT;38.446597;15.902643;883f26890dfffff;613600505173639167;-1;8;green
3157;ITA;Gioia Tauro;ITGIT;38.446597;15.902643;883f26d497fffff;613600525451001855;-1;8;green
3158;ITA;Gioia Tauro;ITGIT;38.446597;15.902643;883f26c62bfffff;613600521579659263;-1;8;green
3159;ITA;Gioia Tauro;ITGIT;38.446597;15.902643;883f26d4b7fffff;613600525484556287;-1;8;green
3160;ITA;Gioia Tauro;ITGIT;38.446597;15.902643;883f26c443fffff;613600521067954175;-1;8;green
3161;ITA;Gioia Tauro;ITGIT;38.446597;15.902643;883f26c4cdfffff;613600521212657663;-1;8;green
3162;ITA;Gioia Tauro;ITGIT;38.446597;15.902643;883f26c619fffff;613600521560784895;-1;8;green
3163;ITA;Gioia Tauro;ITGIT;38.446597;15.902643;883f26c64bfffff;613600521613213695;-1;8;green
3164;ITA;Gioia Tauro;ITGIT;38.446597;15.902643;883f26d599fffff;613600525721534463;-1;8;green
3165;ITA;Gioia Tauro;ITGIT;38.446597;15.902643;883f26c6d5fffff;613600521757917183;-1;8;green
3166;ITA;Gioia Tauro;ITGIT;38.446597;15.902643;883f26d581fffff;613600525696368639;-1;8;green
3167;ITA;Gioia Tauro;ITGIT;38.446597;15.902643;883f26c601fffff;613600521535619071;-1;8;green
3168;ITA;Gioia Tauro;ITGIT;38.446597;15.902643;883f26c419fffff;613600521023913983;-1;8;green
3169;ITA;Gioia Tauro;ITGIT;38.446597;15.902643;883f26c68bfffff;613600521680322559;-1;8;green
3170;ITA;Gioia Tauro;ITGIT;38.446597;15.902643;883f26c439fffff;613600521057468415;-1;8;green
3171;ITA;Gioia Tauro;ITGIT;38.446597;15.902643;883f26c6abfffff;613600521713876991;-1;8;green
3172;ITA;Gioia Tauro;ITGIT;38.446597;15.902643;883f26c4c3fffff;613600521202171903;-1;8;green
3173;ITA;Gioia Tauro;ITGIT;38.446597;15.902643;883f268935fffff;613600505215582207;-1;8;green
3174;ITA;Gioia Tauro;ITGIT;38.446597;15.902643;883f26c459fffff;613600521091022847;-1;8;green
3175;ITA;Gioia Tauro;ITGIT;38.446597;15.902643;883f26c683fffff;613600521671933951;-1;8;green
3176;ITA;Gioia Tauro;ITGIT;38.446597;15.902643;883f26c6cbfffff;613600521747431423;-1;8;green
3177;ITA;Gioia Tauro;ITGIT;38.446597;15.902643;883f26c661fffff;613600521636282367;-1;8;green
3178;ITA;Gioia Tauro;ITGIT;38.446597;15.902643;883f26c6ebfffff;613600521780985855;-1;8;green
3179;ITA;Gioia Tauro;ITGIT;38.446597;15.902643;883f26c411fffff;613600521015525375;-1;8;green
3180;ITA;Gioia Tauro;ITGIT;38.446597;15.902643;883f26c681fffff;613600521669836799;-1;8;green
3181;ITA;Gioia Tauro;ITGIT;38.446597;15.902643;883f26d597fffff;613600525719437311;-1;8;green
3182;ITA;Gioia Tauro;ITGIT;38.446597;15.902643;883f26c617fffff;613600521558687743;-1;8;green
3183;ITA;Gioia Tauro;ITGIT;38.446597;15.902643;883f26c6a1fffff;613600521703391231;-1;8;green
3184;ITA;Gioia Tauro;ITGIT;38.446597;15.902643;883f26c637fffff;613600521592242175;-1;8;green
3185;ITA;Gioia Tauro;ITGIT;38.446597;15.902643;883f26c6c1fffff;613600521736945663;-1;8;green
3186;ITA;Gioia Tauro;ITGIT;38.446597;15.902643;883f26894bfffff;613600505238650879;-1;8;green
3187;ITA;Gioia Tauro;ITGIT;38.446597;15.902643;883f26c6edfffff;613600521783083007;-1;8;green
3188;ITA;Gioia Tauro;ITGIT;38.446597;15.902643;883f26c6e1fffff;613600521770500095;-1;8;green
3189;ITA;Gioia Tauro;ITGIT;38.446597;15.902643;883f26c405fffff;613600521002942463;-1;8;green
3190;ITA;Gioia Tauro;ITGIT;38.446597;15.902643;883f26d499fffff;613600525453099007;-1;8;green
3191;ITA;Gioia Tauro;ITGIT;38.446597;15.902643;883f268901fffff;613600505161056255;-1;8;green
3192;ITA;Gioia Tauro;ITGIT;38.446597;15.902643;883f26d5adfffff;613600525742505983;-1;8;green
3193;ITA;Gioia Tauro;ITGIT;38.446597;15.902643;883f26c62dfffff;613600521581756415;-1;8;green
3194;ITA;Gioia Tauro;ITGIT;38.446597;15.902643;883f268921fffff;613600505194610687;-1;8;green
3195;ITA;Gioia Tauro;ITGIT;38.446597;15.902643;883f268941fffff;613600505228165119;-1;8;green
3196;ITA;Gioia Tauro;ITGIT;38.446597;15.902643;883f26c6d7fffff;613600521760014335;-1;8;green
3197;ITA;Gioia Tauro;ITGIT;38.446597;15.902643;883f268961fffff;613600505261719551;-1;8;green
3198;ITA;Gioia Tauro;ITGIT;38.446597;15.902643;883f26c603fffff;613600521537716223;-1;8;green
3199;ITA;Gioia Tauro;ITGIT;38.446597;15.902643;883f26c41bfffff;613600521026011135;-1;8;green
3200;ITA;Gioia Tauro;ITGIT;38.446597;15.902643;883f26c68dfffff;613600521682419711;-1;8;green
3201;ITA;Gioia Tauro;ITGIT;38.446597;15.902643;883f26c623fffff;613600521571270655;-1;8;green
3202;ITA;Gioia Tauro;ITGIT;38.446597;15.902643;883f26c43bfffff;613600521059565567;-1;8;green
3203;ITA;Gioia Tauro;ITGIT;38.446597;15.902643;883f26c6adfffff;613600521715974143;-1;8;green
3204;ITA;Gioia Tauro;ITGIT;38.446597;15.902643;883f26c4c5fffff;613600521204269055;-1;8;green
3205;ITA;Gioia Tauro;ITGIT;38.446597;15.902643;883f26c6cdfffff;613600521749528575;-1;8;green
3206;ITA;Gioia Tauro;ITGIT;38.446597;15.902643;883f26d5c3fffff;613600525765574655;-1;8;green
3207;ITA;Gioia Tauro;ITGIT;38.446597;15.902643;883f26c643fffff;613600521604825087;-1;8;green
3208;ITA;Gioia Tauro;ITGIT;38.446597;15.902643;883f26c45bfffff;613600521093119999;-1;8;green
3209;ITA;Gorgona;ITGOR;43.430812;9.907464;881eb1d365fffff;613029534997938175;-1;8;green
3210;ITA;Gorgona;ITGOR;43.430812;9.907464;881eb0a4d9fffff;613029453783629823;-1;8;green
3211;ITA;Gorgona;ITGOR;43.430812;9.907464;881eb0a6bbfffff;613029454289043455;-1;8;green
3212;ITA;Gorgona;ITGOR;43.430812;9.907464;881eb0a6b1fffff;613029454278557695;-1;8;green
3213;ITA;Giulianova;ITGUI;42.755174;13.97766;881e857487fffff;613026485875245055;-1;8;green
3214;ITA;Giulianova;ITGUI;42.755174;13.97766;881e8574abfffff;613026485912993791;-1;8;green
3215;ITA;Giulianova;ITGUI;42.755174;13.97766;881e8574adfffff;613026485915090943;-1;8;green
3216;ITA;Giulianova;ITGUI;42.755174;13.97766;881e857485fffff;613026485873147903;-1;8;green
3217;ITA;Giulianova;ITGUI;42.755174;13.97766;881e8574a9fffff;613026485910896639;-1;8;green
3218;ITA;Lipari;ITLIP;38.464708;14.957676;881e9ba819fffff;613028011547033599;-1;8;green
3219;ITA;Lipari;ITLIP;38.464708;14.957676;881e9baa21fffff;613028012092293119;-1;8;green
3220;ITA;Lipari;ITLIP;38.464708;14.957676;881e9ba8e7fffff;613028011763040255;-1;8;green
3221;ITA;Lipari;ITLIP;38.464708;14.957676;881e9ba9d9fffff;613028012016795647;-1;8;green
3222;ITA;Lipari;ITLIP;38.464708;14.957676;881e9ba81dfffff;613028011551227903;-1;8;green
3223;ITA;Lipari;ITLIP;38.464708;14.957676;881e9ba869fffff;613028011630919679;-1;8;green
3224;ITA;Lipari;ITLIP;38.464708;14.957676;881e9bb8b3fffff;613028016003481599;-1;8;green
3225;ITA;Lipari;ITLIP;38.464708;14.957676;881e9baa3bfffff;613028012119556095;-1;8;green
3226;ITA;Lipari;ITLIP;38.464708;14.957676;881e9baa29fffff;613028012100681727;-1;8;green
3227;ITA;Lipari;ITLIP;38.464708;14.957676;881e9ba849fffff;613028011597365247;-1;8;green
3228;ITA;Lipari;ITLIP;38.464708;14.957676;881e9baa63fffff;613028012161499135;-1;8;green
3229;ITA;Lipari;ITLIP;38.464708;14.957676;881e9ba861fffff;613028011622531071;-1;8;green
3230;ITA;Lipari;ITLIP;38.464708;14.957676;881e9baa67fffff;613028012165693439;-1;8;green
3231;ITA;Lipari;ITLIP;38.464708;14.957676;881e9baae9fffff;613028012302008319;-1;8;green
3232;ITA;Lipari;ITLIP;38.464708;14.957676;881e9ba817fffff;613028011544936447;-1;8;green
3233;ITA;Lipari;ITLIP;38.464708;14.957676;881e9baa31fffff;613028012109070335;-1;8;green
3234;ITA;Lipari;ITLIP;38.464708;14.957676;881e9bb897fffff;613028015974121471;-1;8;green
3235;ITA;Lipari;ITLIP;38.464708;14.957676;881e9ba127fffff;613028009682665471;-1;8;green
3236;ITA;Lipari;ITLIP;38.464708;14.957676;881e9ba8e5fffff;613028011760943103;-1;8;green
3237;ITA;Lipari;ITLIP;38.464708;14.957676;881e9baa35fffff;613028012113264639;-1;8;green
3238;ITA;Lipari;ITLIP;38.464708;14.957676;881e9baa23fffff;613028012094390271;-1;8;green
3239;ITA;Lipari;ITLIP;38.464708;14.957676;881e9ba867fffff;613028011628822527;-1;8;green
3240;ITA;Lipari;ITLIP;38.464708;14.957676;881e9ba9dbfffff;613028012018892799;-1;8;green
3241;ITA;Lipari;ITLIP;38.464708;14.957676;881e9ba165fffff;613028009747677183;-1;8;green
3242;ITA;Lipari;ITLIP;38.464708;14.957676;881e9baa27fffff;613028012098584575;-1;8;green
3243;ITA;Lipari;ITLIP;38.464708;14.957676;881e9ba8edfffff;613028011769331711;-1;8;green
3244;ITA;Lipari;ITLIP;38.464708;14.957676;881e9baa61fffff;613028012159401983;-1;8;green
3245;ITA;Lipari;ITLIP;38.464708;14.957676;881e9baa2bfffff;613028012102778879;-1;8;green
3246;ITA;Lipari;ITLIP;38.464708;14.957676;881e9ba9d1fffff;613028012008407039;-1;8;green
3247;ITA;Lipari;ITLIP;38.464708;14.957676;881e9baa53fffff;613028012144721919;-1;8;green
3248;ITA;Lipari;ITLIP;38.464708;14.957676;881e9ba16dfffff;613028009756065791;-1;8;green
3249;ITA;Lipari;ITLIP;38.464708;14.957676;881e9ba815fffff;613028011542839295;-1;8;green
3250;ITA;Livorno;ITLIV;43.549082;10.312678;881eb529adfffff;613029764317315071;-1;8;green
3251;ITA;Livorno;ITLIV;43.549082;10.312678;881eb529ddfffff;613029764367646719;-1;8;green
3252;ITA;Livorno;ITLIV;43.549082;10.312678;881eb52811fffff;613029763885301759;-1;8;green
3253;ITA;Livorno;ITLIV;43.549082;10.312678;881eb52927fffff;613029764176805887;-1;8;green
3254;ITA;Livorno;ITLIV;43.549082;10.312678;881eb52867fffff;613029763975479295;-1;8;green
3255;ITA;Livorno;ITLIV;43.549082;10.312678;881eb52a3dfffff;613029764468310015;-1;8;green
3256;ITA;Livorno;ITLIV;43.549082;10.312678;881eb52841fffff;613029763935633407;-1;8;green
3257;ITA;Livorno;ITLIV;43.549082;10.312678;881eb52957fffff;613029764227137535;-1;8;green
3258;ITA;Livorno;ITLIV;43.549082;10.312678;881eb56609fffff;613029780519911423;-1;8;green
3259;ITA;Livorno;ITLIV;43.549082;10.312678;881eb52167fffff;613029762096431103;-1;8;green
3260;ITA;Livorno;ITLIV;43.549082;10.312678;881eb529e7fffff;613029764378132479;-1;8;green
3261;ITA;Livorno;ITLIV;43.549082;10.312678;881eb574ddfffff;613029784500305919;-1;8;green
3262;ITA;Livorno;ITLIV;43.549082;10.312678;881eb52901fffff;613029764136959999;-1;8;green
3263;ITA;Livorno;ITLIV;43.549082;10.312678;881eb56699fffff;613029780670906367;-1;8;green
3264;ITA;Livorno;ITLIV;43.549082;10.312678;881eb52a17fffff;613029764428464127;-1;8;green
3265;ITA;Livorno;ITLIV;43.549082;10.312678;881eb52b2dfffff;613029764719968255;-1;8;green
3266;ITA;Livorno;ITLIV;43.549082;10.312678;881eb5281bfffff;613029763895787519;-1;8;green
3267;ITA;Livorno;ITLIV;43.549082;10.312678;881eb5284bfffff;613029763946119167;-1;8;green
3268;ITA;Livorno;ITLIV;43.549082;10.312678;881eb52961fffff;613029764237623295;-1;8;green
3269;ITA;Livorno;ITLIV;43.549082;10.312678;881eb52991fffff;613029764287954943;-1;8;green
3270;ITA;Livorno;ITLIV;43.549082;10.312678;881eb52aa7fffff;613029764579459071;-1;8;green
3271;ITA;Livorno;ITLIV;43.549082;10.312678;881eb56643fffff;613029780580728831;-1;8;green
3272;ITA;Livorno;ITLIV;43.549082;10.312678;881eb529c1fffff;613029764338286591;-1;8;green
3273;ITA;Livorno;ITLIV;43.549082;10.312678;881eb5290bfffff;613029764147445759;-1;8;green
3274;ITA;Livorno;ITLIV;43.549082;10.312678;881eb52b37fffff;613029764730454015;-1;8;green
3275;ITA;Livorno;ITLIV;43.549082;10.312678;881eb52825fffff;613029763906273279;-1;8;green
3276;ITA;Livorno;ITLIV;43.549082;10.312678;881eb566d3fffff;613029780731723775;-1;8;green
3277;ITA;Livorno;ITLIV;43.549082;10.312678;881eb52837fffff;613029763925147647;-1;8;green
3278;ITA;Livorno;ITLIV;43.549082;10.312678;881eb52b67fffff;613029764780785663;-1;8;green
3279;ITA;Livorno;ITLIV;43.549082;10.312678;881eb52855fffff;613029763956604927;-1;8;green
3280;ITA;Livorno;ITLIV;43.549082;10.312678;881eb5296bfffff;613029764248109055;-1;8;green
3281;ITA;Livorno;ITLIV;43.549082;10.312678;881eb529cbfffff;613029764348772351;-1;8;green
3282;ITA;Livorno;ITLIV;43.549082;10.312678;881eb56451fffff;613029780058537983;-1;8;green
3283;ITA;Livorno;ITLIV;43.549082;10.312678;881eb52ae1fffff;613029764640276479;-1;8;green
3284;ITA;Livorno;ITLIV;43.549082;10.312678;881eb528e5fffff;613029764107599871;-1;8;green
3285;ITA;Livorno;ITLIV;43.549082;10.312678;881eb52915fffff;613029764157931519;-1;8;green
3286;ITA;Livorno;ITLIV;43.549082;10.312678;881eb52a33fffff;613029764457824255;-1;8;green
3287;ITA;Livorno;ITLIV;43.549082;10.312678;881eb566adfffff;613029780691877887;-1;8;green
3288;ITA;Livorno;ITLIV;43.549082;10.312678;881eb52945fffff;613029764208263167;-1;8;green
3289;ITA;Livorno;ITLIV;43.549082;10.312678;881eb566ddfffff;613029780742209535;-1;8;green
3290;ITA;Livorno;ITLIV;43.549082;10.312678;881eb52125fffff;613029762027225087;-1;8;green
3291;ITA;Livorno;ITLIV;43.549082;10.312678;881eb56627fffff;613029780551368703;-1;8;green
3292;ITA;Livorno;ITLIV;43.549082;10.312678;881eb529a5fffff;613029764308926463;-1;8;green
3293;ITA;Livorno;ITLIV;43.549082;10.312678;881eb5749bfffff;613029784431099903;-1;8;green
3294;ITA;Livorno;ITLIV;43.549082;10.312678;881eb56657fffff;613029780601700351;-1;8;green
3295;ITA;Livorno;ITLIV;43.549082;10.312678;881eb529d5fffff;613029764359258111;-1;8;green
3296;ITA;Livorno;ITLIV;43.549082;10.312678;881eb5645bfffff;613029780069023743;-1;8;green
3297;ITA;Livorno;ITLIV;43.549082;10.312678;881eb52aebfffff;613029764650762239;-1;8;green
3298;ITA;Livorno;ITLIV;43.549082;10.312678;881eb52b1bfffff;613029764701093887;-1;8;green
3299;ITA;Livorno;ITLIV;43.549082;10.312678;881eb52809fffff;613029763876913151;-1;8;green
3300;ITA;Livorno;ITLIV;43.549082;10.312678;881eb52a35fffff;613029764459921407;-1;8;green
3301;ITA;Livorno;ITLIV;43.549082;10.312678;881eb52839fffff;613029763927244799;-1;8;green
3302;ITA;Livorno;ITLIV;43.549082;10.312678;881eb52807fffff;613029763874815999;-1;8;green
3303;ITA;Livorno;ITLIV;43.549082;10.312678;881eb52b19fffff;613029764698996735;-1;8;green
3304;ITA;Livorno;ITLIV;43.549082;10.312678;881eb566e7fffff;613029780752695295;-1;8;green
3305;ITA;Livorno;ITLIV;43.549082;10.312678;881eb52869fffff;613029763977576447;-1;8;green
3306;ITA;Livorno;ITLIV;43.549082;10.312678;881eb52ac5fffff;613029764610916351;-1;8;green
3307;ITA;Livorno;ITLIV;43.549082;10.312678;881eb528c9fffff;613029764078239743;-1;8;green
3308;ITA;Livorno;ITLIV;43.549082;10.312678;881eb52813fffff;613029763887398911;-1;8;green
3309;ITA;Livorno;ITLIV;43.549082;10.312678;881eb52843fffff;613029763937730559;-1;8;green
3310;ITA;Livorno;ITLIV;43.549082;10.312678;881eb52959fffff;613029764229234687;-1;8;green
3311;ITA;Livorno;ITLIV;43.549082;10.312678;881eb529b9fffff;613029764329897983;-1;8;green
3312;ITA;Livorno;ITLIV;43.549082;10.312678;881eb529e9fffff;613029764380229631;-1;8;green
3313;ITA;Livorno;ITLIV;43.549082;10.312678;881eb56685fffff;613029780649934847;-1;8;green
3314;ITA;Livorno;ITLIV;43.549082;10.312678;881eb52903fffff;613029764139057151;-1;8;green
3315;ITA;Livorno;ITLIV;43.549082;10.312678;881eb5281dfffff;613029763897884671;-1;8;green
3316;ITA;Livorno;ITLIV;43.549082;10.312678;881eb566cbfffff;613029780723335167;-1;8;green
3317;ITA;Livorno;ITLIV;43.549082;10.312678;881eb5284dfffff;613029763948216319;-1;8;green
3318;ITA;Livorno;ITLIV;43.549082;10.312678;881eb528edfffff;613029764115988479;-1;8;green
3319;ITA;Livorno;ITLIV;43.549082;10.312678;881eb52aa9fffff;613029764581556223;-1;8;green
3320;ITA;Livorno;ITLIV;43.549082;10.312678;881eb529c3fffff;613029764340383743;-1;8;green
3321;ITA;Livorno;ITLIV;43.549082;10.312678;881eb5675bfffff;613029780874330111;-1;8;green
3322;ITA;Livorno;ITLIV;43.549082;10.312678;881eb56449fffff;613029780050149375;-1;8;green
3323;ITA;Livorno;ITLIV;43.549082;10.312678;881eb52b09fffff;613029764682219519;-1;8;green
3324;ITA;Livorno;ITLIV;43.549082;10.312678;881eb52a23fffff;613029764441047039;-1;8;green
3325;ITA;Livorno;ITLIV;43.549082;10.312678;881eb52b39fffff;613029764732551167;-1;8;green
3326;ITA;Livorno;ITLIV;43.549082;10.312678;881eb52827fffff;613029763908370431;-1;8;green
3327;ITA;Livorno;ITLIV;43.549082;10.312678;881eb5293dfffff;613029764199874559;-1;8;green
3328;ITA;Livorno;ITLIV;43.549082;10.312678;881eb56459fffff;613029780066926591;-1;8;green
3329;ITA;Livorno;ITLIV;43.549082;10.312678;881eb566d5fffff;613029780733820927;-1;8;green
3330;ITA;Livorno;ITLIV;43.549082;10.312678;881eb52857fffff;613029763958702079;-1;8;green
3331;ITA;Livorno;ITLIV;43.549082;10.312678;881eb57493fffff;613029784422711295;-1;8;green
3332;ITA;Livorno;ITLIV;43.549082;10.312678;881eb529cdfffff;613029764350869503;-1;8;green
3333;ITA;Livorno;ITLIV;43.549082;10.312678;881eb529d3fffff;613029764357160959;-1;8;green
3334;ITA;Livorno;ITLIV;43.549082;10.312678;881eb56453fffff;613029780060635135;-1;8;green
3335;ITA;Livorno;ITLIV;43.549082;10.312678;881eb52ae3fffff;613029764642373631;-1;8;green
3336;ITA;Livorno;ITLIV;43.549082;10.312678;881eb56655fffff;613029780599603199;-1;8;green
3337;ITA;Livorno;ITLIV;43.549082;10.312678;881eb52801fffff;613029763868524543;-1;8;green
3338;ITA;Livorno;ITLIV;43.549082;10.312678;881eb52917fffff;613029764160028671;-1;8;green
3339;ITA;Livorno;ITLIV;43.549082;10.312678;881eb52831fffff;613029763918856191;-1;8;green
3340;ITA;Livorno;ITLIV;43.549082;10.312678;881eb52947fffff;613029764210360319;-1;8;green
3341;ITA;Livorno;ITLIV;43.549082;10.312678;881eb52127fffff;613029762029322239;-1;8;green
3342;ITA;Livorno;ITLIV;43.549082;10.312678;881eb52861fffff;613029763969187839;-1;8;green
3343;ITA;Livorno;ITLIV;43.549082;10.312678;881eb52a8dfffff;613029764552196095;-1;8;green
3344;ITA;Livorno;ITLIV;43.549082;10.312678;881eb52157fffff;613029762079653887;-1;8;green
3345;ITA;Livorno;ITLIV;43.549082;10.312678;881eb56629fffff;613029780553465855;-1;8;green
3346;ITA;Livorno;ITLIV;43.549082;10.312678;881eb5749dfffff;613029784433197055;-1;8;green
3347;ITA;Livorno;ITLIV;43.549082;10.312678;881eb529d7fffff;613029764361355263;-1;8;green
3348;ITA;Livorno;ITLIV;43.549082;10.312678;881eb5645dfffff;613029780071120895;-1;8;green
3349;ITA;Livorno;ITLIV;43.549082;10.312678;881eb57499fffff;613029784429002751;-1;8;green
3350;ITA;Livorno;ITLIV;43.549082;10.312678;881eb52aedfffff;613029764652859391;-1;8;green
3351;ITA;Livorno;ITLIV;43.549082;10.312678;881eb56689fffff;613029780654129151;-1;8;green
3352;ITA;Livorno;ITLIV;43.549082;10.312678;881eb52b1dfffff;613029764703191039;-1;8;green
3353;ITA;Livorno;ITLIV;43.549082;10.312678;881eb5280bfffff;613029763879010303;-1;8;green
3354;ITA;Livorno;ITLIV;43.549082;10.312678;881eb52921fffff;613029764170514431;-1;8;green
3355;ITA;Livorno;ITLIV;43.549082;10.312678;881eb52a37fffff;613029764462018559;-1;8;green
3356;ITA;Livorno;ITLIV;43.549082;10.312678;881eb5283bfffff;613029763929341951;-1;8;green
3357;ITA;Livorno;ITLIV;43.549082;10.312678;881eb529a3fffff;613029764306829311;-1;8;green
3358;ITA;Livorno;ITLIV;43.549082;10.312678;881eb52951fffff;613029764220846079;-1;8;green
3359;ITA;Livorno;ITLIV;43.549082;10.312678;881eb5286bfffff;613029763979673599;-1;8;green
3360;ITA;Livorno;ITLIV;43.549082;10.312678;881eb52a11fffff;613029764422172671;-1;8;green
3361;ITA;Livorno;ITLIV;43.549082;10.312678;881eb52b27fffff;613029764713676799;-1;8;green
3362;ITA;Livorno;ITLIV;43.549082;10.312678;881eb52815fffff;613029763889496063;-1;8;green
3363;ITA;Livorno;ITLIV;43.549082;10.312678;881eb5292bfffff;613029764181000191;-1;8;green
3364;ITA;Livorno;ITLIV;43.549082;10.312678;881eb566c3fffff;613029780714946559;-1;8;green
3365;ITA;Livorno;ITLIV;43.549082;10.312678;881eb52b57fffff;613029764764008447;-1;8;green
3366;ITA;Livorno;ITLIV;43.549082;10.312678;881eb52845fffff;613029763939827711;-1;8;green
3367;ITA;Livorno;ITLIV;43.549082;10.312678;881eb5295bfffff;613029764231331839;-1;8;green
3368;ITA;Livorno;ITLIV;43.549082;10.312678;881eb5660dfffff;613029780524105727;-1;8;green
3369;ITA;Livorno;ITLIV;43.549082;10.312678;881eb52aa1fffff;613029764573167615;-1;8;green
3370;ITA;Livorno;ITLIV;43.549082;10.312678;881eb529bbfffff;613029764331995135;-1;8;green
3371;ITA;Livorno;ITLIV;43.549082;10.312678;881eb52905fffff;613029764141154303;-1;8;green
3372;ITA;Livorno;ITLIV;43.549082;10.312678;881eb5669dfffff;613029780675100671;-1;8;green
3373;ITA;Livorno;ITLIV;43.549082;10.312678;881eb52b31fffff;613029764724162559;-1;8;green
3374;ITA;Livorno;ITLIV;43.549082;10.312678;881eb52935fffff;613029764191485951;-1;8;green
3375;ITA;Livorno;ITLIV;43.549082;10.312678;881eb566cdfffff;613029780725432319;-1;8;green
3376;ITA;Livorno;ITLIV;43.549082;10.312678;881eb52965fffff;613029764241817599;-1;8;green
3377;ITA;Livorno;ITLIV;43.549082;10.312678;881eb1934bfffff;613029517790806015;-1;8;green
3378;ITA;Livorno;ITLIV;43.549082;10.312678;881eb52995fffff;613029764292149247;-1;8;green
3379;ITA;Livorno;ITLIV;43.549082;10.312678;881eb52aabfffff;613029764583653375;-1;8;green
3380;ITA;Livorno;ITLIV;43.549082;10.312678;881eb529c5fffff;613029764342480895;-1;8;green
3381;ITA;Livorno;ITLIV;43.549082;10.312678;881eb5644bfffff;613029780052246527;-1;8;green
3382;ITA;Livorno;ITLIV;43.549082;10.312678;881eb574bbfffff;613029784464654335;-1;8;green
3383;ITA;Livorno;ITLIV;43.549082;10.312678;881eb52b0bfffff;613029764684316671;-1;8;green
3384;ITA;Livorno;ITLIV;43.549082;10.312678;881eb52b3bfffff;613029764734648319;-1;8;green
3385;ITA;Livorno;ITLIV;43.549082;10.312678;881eb52829fffff;613029763910467583;-1;8;green
3386;ITA;Livorno;ITLIV;43.549082;10.312678;881eb5285dfffff;613029763964993535;-1;8;green
3387;ITA;Livorno;ITLIV;43.549082;10.312678;881eb52859fffff;613029763960799231;-1;8;green
3388;ITA;Livorno;ITLIV;43.549082;10.312678;881eb52a85fffff;613029764543807487;-1;8;green
3389;ITA;Livorno;ITLIV;43.549082;10.312678;881eb56621fffff;613029780545077247;-1;8;green
3390;ITA;Livorno;ITLIV;43.549082;10.312678;881eb56455fffff;613029780062732287;-1;8;green
3391;ITA;Livorno;ITLIV;43.549082;10.312678;881eb52ae5fffff;613029764644470783;-1;8;green
3392;ITA;Livorno;ITLIV;43.549082;10.312678;881eb528e9fffff;613029764111794175;-1;8;green
3393;ITA;Livorno;ITLIV;43.549082;10.312678;881eb56681fffff;613029780645740543;-1;8;green
3394;ITA;Livorno;ITLIV;43.549082;10.312678;881eb52b15fffff;613029764694802431;-1;8;green
3395;ITA;Livorno;ITLIV;43.549082;10.312678;881eb52803fffff;613029763870621695;-1;8;green
3396;ITA;Livorno;ITLIV;43.549082;10.312678;881eb52919fffff;613029764162125823;-1;8;green
3397;ITA;Livorno;ITLIV;43.549082;10.312678;881eb566dbfffff;613029780740112383;-1;8;green
3398;ITA;Livorno;ITLIV;43.549082;10.312678;881eb52833fffff;613029763920953343;-1;8;green
3399;ITA;Livorno;ITLIV;43.549082;10.312678;881eb52949fffff;613029764212457471;-1;8;green
3400;ITA;Livorno;ITLIV;43.549082;10.312678;881eb52129fffff;613029762031419391;-1;8;green
3401;ITA;Livorno;ITLIV;43.549082;10.312678;881eb52863fffff;613029763971284991;-1;8;green
3402;ITA;Livorno;ITLIV;43.549082;10.312678;881eb52943fffff;613029764206166015;-1;8;green
3403;ITA;Livorno;ITLIV;43.549082;10.312678;881eb5662bfffff;613029780555563007;-1;8;green
3404;ITA;Livorno;ITLIV;43.549082;10.312678;881eb529d9fffff;613029764363452415;-1;8;green
3405;ITA;Livorno;ITLIV;43.549082;10.312678;881eb5668bfffff;613029780656226303;-1;8;green
3406;ITA;Livorno;ITLIV;43.549082;10.312678;881eb5280dfffff;613029763881107455;-1;8;green
3407;ITA;Livorno;ITLIV;43.549082;10.312678;881eb52923fffff;613029764172611583;-1;8;green
3408;ITA;Livorno;ITLIV;43.549082;10.312678;881eb566bbfffff;613029780706557951;-1;8;green
3409;ITA;Livorno;ITLIV;43.549082;10.312678;881eb52a39fffff;613029764464115711;-1;8;green
3410;ITA;Livorno;ITLIV;43.549082;10.312678;881eb5282dfffff;613029763914661887;-1;8;green
3411;ITA;Livorno;ITLIV;43.549082;10.312678;881eb5283dfffff;613029763931439103;-1;8;green
3412;ITA;Livorno;ITLIV;43.549082;10.312678;881eb52953fffff;613029764222943231;-1;8;green
3413;ITA;Livorno;ITLIV;43.549082;10.312678;881eb566ebfffff;613029780756889599;-1;8;green
3414;ITA;Livorno;ITLIV;43.549082;10.312678;881eb5286dfffff;613029763981770751;-1;8;green
3415;ITA;Livorno;ITLIV;43.549082;10.312678;881eb56605fffff;613029780515717119;-1;8;green
3416;ITA;Livorno;ITLIV;43.549082;10.312678;881eb56409fffff;613029779983040511;-1;8;green
3417;ITA;Livorno;ITLIV;43.549082;10.312678;881eb56635fffff;613029780566048767;-1;8;green
3418;ITA;Livorno;ITLIV;43.549082;10.312678;881eb528cdfffff;613029764082434047;-1;8;green
3419;ITA;Livorno;ITLIV;43.549082;10.312678;881eb529e3fffff;613029764373938175;-1;8;green
3420;ITA;Livorno;ITLIV;43.549082;10.312678;881eb574d9fffff;613029784496111615;-1;8;green
3421;ITA;Livorno;ITLIV;43.549082;10.312678;881eb56695fffff;613029780666712063;-1;8;green
3422;ITA;Livorno;ITLIV;43.549082;10.312678;881eb52b29fffff;613029764715773951;-1;8;green
3423;ITA;Livorno;ITLIV;43.549082;10.312678;881eb52817fffff;613029763891593215;-1;8;green
3424;ITA;Livorno;ITLIV;43.549082;10.312678;881eb52913fffff;613029764155834367;-1;8;green
3425;ITA;Livorno;ITLIV;43.549082;10.312678;881eb566c5fffff;613029780717043711;-1;8;green
3426;ITA;Livorno;ITLIV;43.549082;10.312678;881eb52847fffff;613029763941924863;-1;8;green
3427;ITA;Livorno;ITLIV;43.549082;10.312678;881eb5295dfffff;613029764233428991;-1;8;green
3428;ITA;Livorno;ITLIV;43.549082;10.312678;881eb529bdfffff;613029764334092287;-1;8;green
3429;ITA;Livorno;ITLIV;43.549082;10.312678;881eb56443fffff;613029780043857919;-1;8;green
3430;ITA;Livorno;ITLIV;43.549082;10.312678;881eb529edfffff;613029764384423935;-1;8;green
3431;ITA;Livorno;ITLIV;43.549082;10.312678;881eb52b03fffff;613029764675928063;-1;8;green
3432;ITA;Livorno;ITLIV;43.549082;10.312678;881eb52907fffff;613029764143251455;-1;8;green
3433;ITA;Livorno;ITLIV;43.549082;10.312678;881eb52b33fffff;613029764726259711;-1;8;green
3434;ITA;Livorno;ITLIV;43.549082;10.312678;881eb52821fffff;613029763902078975;-1;8;green
3435;ITA;Livorno;ITLIV;43.549082;10.312678;881eb52937fffff;613029764193583103;-1;8;green
3436;ITA;Livorno;ITLIV;43.549082;10.312678;881eb52851fffff;613029763952410623;-1;8;green
3437;ITA;Livorno;ITLIV;43.549082;10.312678;881eb5641dfffff;613029780004012031;-1;8;green
3438;ITA;Livorno;ITLIV;43.549082;10.312678;881eb52aadfffff;613029764585750527;-1;8;green
3439;ITA;Livorno;ITLIV;43.549082;10.312678;881eb529c7fffff;613029764344578047;-1;8;green
3440;ITA;Livorno;ITLIV;43.549082;10.312678;881eb52911fffff;613029764153737215;-1;8;green
3441;ITA;Livorno;ITLIV;43.549082;10.312678;881eb566a9fffff;613029780687683583;-1;8;green
3442;ITA;Livorno;ITLIV;43.549082;10.312678;881eb52a27fffff;613029764445241343;-1;8;green
3443;ITA;Livorno;ITLIV;43.549082;10.312678;881eb52b3dfffff;613029764736745471;-1;8;green
3444;ITA;Livorno;ITLIV;43.549082;10.312678;881eb5282bfffff;613029763912564735;-1;8;green
3445;ITA;Livorno;ITLIV;43.549082;10.312678;881eb52941fffff;613029764204068863;-1;8;green
3446;ITA;Livorno;ITLIV;43.549082;10.312678;881eb52121fffff;613029762023030783;-1;8;green
3447;ITA;Livorno;ITLIV;43.549082;10.312678;881eb5285bfffff;613029763962896383;-1;8;green
3448;ITA;Livorno;ITLIV;43.549082;10.312678;881eb529a1fffff;613029764304732159;-1;8;green
3449;ITA;Livorno;ITLIV;43.549082;10.312678;881eb57497fffff;613029784426905599;-1;8;green
3450;ITA;Livorno;ITLIV;43.549082;10.312678;881eb56653fffff;613029780597506047;-1;8;green
3451;ITA;Livorno;ITLIV;43.549082;10.312678;881eb529d1fffff;613029764355063807;-1;8;green
3452;ITA;Livorno;ITLIV;43.549082;10.312678;881eb56457fffff;613029780064829439;-1;8;green
3453;ITA;Livorno;ITLIV;43.549082;10.312678;881eb52ae7fffff;613029764646567935;-1;8;green
3454;ITA;Livorno;ITLIV;43.549082;10.312678;881eb528ebfffff;613029764113891327;-1;8;green
3455;ITA;Livorno;ITLIV;43.549082;10.312678;881eb56683fffff;613029780647837695;-1;8;green
3456;ITA;Livorno;ITLIV;43.549082;10.312678;881eb52b17fffff;613029764696899583;-1;8;green
3457;ITA;Livorno;ITLIV;43.549082;10.312678;881eb52805fffff;613029763872718847;-1;8;green
3458;ITA;Livorno;ITLIV;43.549082;10.312678;881eb5291bfffff;613029764164222975;-1;8;green
3459;ITA;Livorno;ITLIV;43.549082;10.312678;881eb52a31fffff;613029764455727103;-1;8;green
3460;ITA;Livorno;ITLIV;43.549082;10.312678;881eb52b47fffff;613029764747231231;-1;8;green
3461;ITA;Livorno;ITLIV;43.549082;10.312678;881eb52835fffff;613029763923050495;-1;8;green
3462;ITA;Livorno;ITLIV;43.549082;10.312678;881eb566e3fffff;613029780748500991;-1;8;green
3463;ITA;Livorno;ITLIV;43.549082;10.312678;881eb5212bfffff;613029762033516543;-1;8;green
3464;ITA;Livorno;ITLIV;43.549082;10.312678;881eb52865fffff;613029763973382143;-1;8;green
3465;ITA;Livorno;ITLIV;43.549082;10.312678;881eb529c9fffff;613029764346675199;-1;8;green
3466;ITA;Livorno;ITLIV;43.549082;10.312678;881eb5662dfffff;613029780557660159;-1;8;green
3467;ITA;Livorno;ITLIV;43.549082;10.312678;881eb528c5fffff;613029764074045439;-1;8;green
3468;ITA;Livorno;ITLIV;43.549082;10.312678;881eb5665dfffff;613029780607991807;-1;8;green
3469;ITA;Livorno;ITLIV;43.549082;10.312678;881eb529dbfffff;613029764365549567;-1;8;green
3470;ITA;Livorno;ITLIV;43.549082;10.312678;881eb52b21fffff;613029764707385343;-1;8;green
3471;ITA;Livorno;ITLIV;43.549082;10.312678;881eb52a3bfffff;613029764466212863;-1;8;green
3472;ITA;Livorno;ITLIV;43.549082;10.312678;881eb52955fffff;613029764225040383;-1;8;green
3473;ITA;Livorno;ITLIV;43.549082;10.312678;881eb52985fffff;613029764275372031;-1;8;green
3474;ITA;Livorno;ITLIV;43.549082;10.312678;881eb529b5fffff;613029764325703679;-1;8;green
3475;ITA;Livorno;ITLIV;43.549082;10.312678;881eb56667fffff;613029780618477567;-1;8;green
3476;ITA;Livorno;ITLIV;43.549082;10.312678;881eb52a15fffff;613029764426366975;-1;8;green
3477;ITA;Livorno;ITLIV;43.549082;10.312678;881eb52819fffff;613029763893690367;-1;8;green
3478;ITA;Livorno;ITLIV;43.549082;10.312678;881eb566c7fffff;613029780719140863;-1;8;green
3479;ITA;Livorno;ITLIV;43.549082;10.312678;881eb52849fffff;613029763944022015;-1;8;green
3480;ITA;Livorno;ITLIV;43.549082;10.312678;881eb52aa5fffff;613029764577361919;-1;8;green
3481;ITA;Livorno;ITLIV;43.549082;10.312678;881eb52b05fffff;613029764678025215;-1;8;green
3482;ITA;Livorno;ITLIV;43.549082;10.312678;881eb52909fffff;613029764145348607;-1;8;green
3483;ITA;Livorno;ITLIV;43.549082;10.312678;881eb52b35fffff;613029764728356863;-1;8;green
3484;ITA;Livorno;ITLIV;43.549082;10.312678;881eb52823fffff;613029763904176127;-1;8;green
3485;ITA;Livorno;ITLIV;43.549082;10.312678;881eb52939fffff;613029764195680255;-1;8;green
3486;ITA;Livorno;ITLIV;43.549082;10.312678;881eb566d1fffff;613029780729626623;-1;8;green
3487;ITA;Livorno;ITLIV;43.549082;10.312678;881eb52999fffff;613029764296343551;-1;8;green
3488;ITA;Livorno;ITLIV;43.549082;10.312678;881eb52119fffff;613029762014642175;-1;8;green
3489;ITA;Livorno;ITLIV;43.549082;10.312678;881eb52b65fffff;613029764778688511;-1;8;green
3490;ITA;Livorno;ITLIV;43.549082;10.312678;881eb52853fffff;613029763954507775;-1;8;green
3491;ITA;Livorno;ITLIV;43.549082;10.312678;881eb52969fffff;613029764246011903;-1;8;green
3492;ITA;Lampedusa;ITLMP;35.498315;12.603861;88384d8e2dfffff;613480041306652671;-1;8;green
3493;ITA;Marina di Carrara;ITMDC;44.034482;10.041039;881eb5b8c7fffff;613029802730848255;-1;8;green
3494;ITA;Marina di Carrara;ITMDC;44.034482;10.041039;881eb5b889fffff;613029802665836543;-1;8;green
3495;ITA;Marina di Carrara;ITMDC;44.034482;10.041039;881eb5b817fffff;613029802546298879;-1;8;green
3496;ITA;Marina di Carrara;ITMDC;44.034482;10.041039;881eb5bab5fffff;613029803248844799;-1;8;green
3497;ITA;Marina di Carrara;ITMDC;44.034482;10.041039;881eb5b8c5fffff;613029802728751103;-1;8;green
3498;ITA;Marina di Carrara;ITMDC;44.034482;10.041039;881eb5b8edfffff;613029802770694143;-1;8;green
3499;ITA;Marina di Carrara;ITMDC;44.034482;10.041039;881eb5b8c3fffff;613029802726653951;-1;8;green
3500;ITA;Marina di Carrara;ITMDC;44.034482;10.041039;881eb5b8cdfffff;613029802737139711;-1;8;green
3501;ITA;Marina di Carrara;ITMDC;44.034482;10.041039;881eb5b851fffff;613029802607116287;-1;8;green
3502;ITA;Marina di Carrara;ITMDC;44.034482;10.041039;881eb5b813fffff;613029802542104575;-1;8;green
3503;ITA;Marina di Carrara;ITMDC;44.034482;10.041039;881eb5bab1fffff;613029803244650495;-1;8;green
3504;ITA;Marina di Carrara;ITMDC;44.034482;10.041039;881eb5b8c1fffff;613029802724556799;-1;8;green
3505;ITA;Marina di Carrara;ITMDC;44.034482;10.041039;881eb5b883fffff;613029802659545087;-1;8;green
3506;ITA;Marina di Carrara;ITMDC;44.034482;10.041039;881eb5b8d5fffff;613029802745528319;-1;8;green
3507;ITA;Marina di Carrara;ITMDC;44.034482;10.041039;881eb5b8e9fffff;613029802766499839;-1;8;green
3508;ITA;Marina di Carrara;ITMDC;44.034482;10.041039;881eb5b88bfffff;613029802667933695;-1;8;green
3509;ITA;Manfredonia;ITMFR;41.623632;15.917186;881e8c6947fffff;613026963891683327;-1;8;green
3510;ITA;Manfredonia;ITMFR;41.623632;15.917186;881e8c6905fffff;613026963822477311;-1;8;green
3511;ITA;Manfredonia;ITMFR;41.623632;15.917186;881e8c6969fffff;613026963927334911;-1;8;green
3512;ITA;Manfredonia;ITMFR;41.623632;15.917186;881e8c692bfffff;613026963862323199;-1;8;green
3513;ITA;Manfredonia;ITMFR;41.623632;15.917186;881e8c6961fffff;613026963918946303;-1;8;green
3514;ITA;Manfredonia;ITMFR;41.623632;15.917186;881e8c6945fffff;613026963889586175;-1;8;green
3515;ITA;Manfredonia;ITMFR;41.623632;15.917186;881e8eb493fffff;613027121542987775;-1;8;green
3516;ITA;Manfredonia;ITMFR;41.623632;15.917186;881e8c696bfffff;613026963929432063;-1;8;green
3517;ITA;Manfredonia;ITMFR;41.623632;15.917186;881e8c6963fffff;613026963921043455;-1;8;green
3518;ITA;Manfredonia;ITMFR;41.623632;15.917186;881e8c6967fffff;613026963925237759;-1;8;green
3519;ITA;Manfredonia;ITMFR;41.623632;15.917186;881e8c6929fffff;613026963860226047;-1;8;green
3520;ITA;Milazzo;ITMLZ;38.216068;15.249533;881e9b34a9fffff;613027980559515647;-1;8;green
3521;ITA;Milazzo;ITMLZ;38.216068;15.249533;881e9b35d1fffff;613027980869894143;-1;8;green
3522;ITA;Milazzo;ITMLZ;38.216068;15.249533;881e9b36a5fffff;613027981092192255;-1;8;green
3523;ITA;Milazzo;ITMLZ;38.216068;15.249533;881e9b355dfffff;613027980748259327;-1;8;green
3524;ITA;Milazzo;ITMLZ;38.216068;15.249533;881e9b3415fffff;613027980404326399;-1;8;green
3525;ITA;Milazzo;ITMLZ;38.216068;15.249533;881e9b3435fffff;613027980437880831;-1;8;green
3526;ITA;Milazzo;ITMLZ;38.216068;15.249533;881e9b35d7fffff;613027980876185599;-1;8;green
3527;ITA;Milazzo;ITMLZ;38.216068;15.249533;881e9b351dfffff;613027980681150463;-1;8;green
3528;ITA;Milazzo;ITMLZ;38.216068;15.249533;881e9b341bfffff;613027980410617855;-1;8;green
3529;ITA;Milazzo;ITMLZ;38.216068;15.249533;881e9b343bfffff;613027980444172287;-1;8;green
3530;ITA;Milazzo;ITMLZ;38.216068;15.249533;881e9b34c3fffff;613027980586778623;-1;8;green
3531;ITA;Milazzo;ITMLZ;38.216068;15.249533;881e9b35ddfffff;613027980882477055;-1;8;green
3532;ITA;Milazzo;ITMLZ;38.216068;15.249533;881e9b35c3fffff;613027980855214079;-1;8;green
3533;ITA;Milazzo;ITMLZ;38.216068;15.249533;881e9b3589fffff;613027980794396671;-1;8;green
3534;ITA;Milazzo;ITMLZ;38.216068;15.249533;881e9b35c9fffff;613027980861505535;-1;8;green
3535;ITA;Milazzo;ITMLZ;38.216068;15.249533;881e9b3557fffff;613027980741967871;-1;8;green
3536;ITA;Milazzo;ITMLZ;38.216068;15.249533;881e9b34a1fffff;613027980551127039;-1;8;green
3537;ITA;Milazzo;ITMLZ;38.216068;15.249533;881e9b3555fffff;613027980739870719;-1;8;green
3538;ITA;Milazzo;ITMLZ;38.216068;15.249533;881e9b3467fffff;613027980490309631;-1;8;green
3539;ITA;Milazzo;ITMLZ;38.216068;15.249533;881e9b34c1fffff;613027980584681471;-1;8;green
3540;ITA;Milazzo;ITMLZ;38.216068;15.249533;881e9b34a3fffff;613027980553224191;-1;8;green
3541;ITA;Milazzo;ITMLZ;38.216068;15.249533;881e9b34e1fffff;613027980618235903;-1;8;green
3542;ITA;Milazzo;ITMLZ;38.216068;15.249533;881e9b3737fffff;613027981245284351;-1;8;green
3543;ITA;Milazzo;ITMLZ;38.216068;15.249533;881e9b355bfffff;613027980746162175;-1;8;green
3544;ITA;Milazzo;ITMLZ;38.216068;15.249533;881e9b3413fffff;613027980402229247;-1;8;green
3545;ITA;Milazzo;ITMLZ;38.216068;15.249533;881e9b35d5fffff;613027980874088447;-1;8;green
3546;ITA;Milazzo;ITMLZ;38.216068;15.249533;881e9b34e7fffff;613027980624527359;-1;8;green
3547;ITA;Milazzo;ITMLZ;38.216068;15.249533;881e9b359bfffff;613027980813271039;-1;8;green
3548;ITA;Milazzo;ITMLZ;38.216068;15.249533;881e9b34adfffff;613027980563709951;-1;8;green
3549;ITA;Milazzo;ITMLZ;38.216068;15.249533;881e9b34cdfffff;613027980597264383;-1;8;green
3550;ITA;Milazzo;ITMLZ;38.216068;15.249533;881e9b3581fffff;613027980786008063;-1;8;green
3551;ITA;Milazzo;ITMLZ;38.216068;15.249533;881e9b3439fffff;613027980442075135;-1;8;green
3552;ITA;Milazzo;ITMLZ;38.216068;15.249533;881e9b35cbfffff;613027980863602687;-1;8;green
3553;ITA;Milazzo;ITMLZ;38.216068;15.249533;881e9b35dbfffff;613027980880379903;-1;8;green
3554;ITA;Milazzo;ITMLZ;38.216068;15.249533;881e9b3533fffff;613027980704219135;-1;8;green
3555;ITA;Milazzo;ITMLZ;38.216068;15.249533;881e9b34bdfffff;613027980580487167;-1;8;green
3556;ITA;Milazzo;ITMLZ;38.216068;15.249533;881e9b3553fffff;613027980737773567;-1;8;green
3557;ITA;Milazzo;ITMLZ;38.216068;15.249533;881e9b3465fffff;613027980488212479;-1;8;green
3558;ITA;Milazzo;ITMLZ;38.216068;15.249533;881e9b3519fffff;613027980676956159;-1;8;green
3559;ITA;Milazzo;ITMLZ;38.216068;15.249533;881e9b35cdfffff;613027980865699839;-1;8;green
3560;ITA;Milazzo;ITMLZ;38.216068;15.249533;881e9b34a5fffff;613027980555321343;-1;8;green
3561;ITA;Milazzo;ITMLZ;38.216068;15.249533;881e9b3559fffff;613027980744065023;-1;8;green
3562;ITA;Milazzo;ITMLZ;38.216068;15.249533;881e9b3411fffff;613027980400132095;-1;8;green
3563;ITA;Milazzo;ITMLZ;38.216068;15.249533;881e9b3431fffff;613027980433686527;-1;8;green
3564;ITA;Milazzo;ITMLZ;38.216068;15.249533;881e9b35d3fffff;613027980871991295;-1;8;green
3565;ITA;Milazzo;ITMLZ;38.216068;15.249533;881e9b3599fffff;613027980811173887;-1;8;green
3566;ITA;Milazzo;ITMLZ;38.216068;15.249533;881e9b34abfffff;613027980561612799;-1;8;green
3567;ITA;Milazzo;ITMLZ;38.216068;15.249533;881e9b36a7fffff;613027981094289407;-1;8;green
3568;ITA;Milazzo;ITMLZ;38.216068;15.249533;881e9b3437fffff;613027980439977983;-1;8;green
3569;ITA;Milazzo;ITMLZ;38.216068;15.249533;881e9b358bfffff;613027980796493823;-1;8;green
3570;ITA;Milazzo;ITMLZ;38.216068;15.249533;881e9b35d9fffff;613027980878282751;-1;8;green
3571;ITA;Milazzo;ITMLZ;38.216068;15.249533;881e9b350bfffff;613027980662276095;-1;8;green
3572;ITA;Milazzo;ITMLZ;38.216068;15.249533;881e9b341dfffff;613027980412715007;-1;8;green
3573;ITA;Milazzo;ITMLZ;38.216068;15.249533;881e9b3423fffff;613027980419006463;-1;8;green
3574;ITA;Milazzo;ITMLZ;38.216068;15.249533;881e9b35c5fffff;613027980857311231;-1;8;green
3575;ITA;Monfalcone;ITMNF;45.790025;13.54675;881ea526c5fffff;613028664025546751;-1;8;green
3576;ITA;Monfalcone;ITMNF;45.790025;13.54675;881ea526b3fffff;613028664006672383;-1;8;green
3577;ITA;Monfalcone;ITMNF;45.790025;13.54675;881e12c967fffff;613018605918879743;-1;8;green
3578;ITA;Monfalcone;ITMNF;45.790025;13.54675;881ea526c7fffff;613028664027643903;-1;8;green
3579;ITA;Monfalcone;ITMNF;45.790025;13.54675;881ea526b7fffff;613028664010866687;-1;8;green
3580;ITA;Monfalcone;ITMNF;45.790025;13.54675;881ea52613fffff;613028663838900223;-1;8;green
3581;ITA;Monfalcone;ITMNF;45.790025;13.54675;881ea52681fffff;613028663954243583;-1;8;green
3582;ITA;Monfalcone;ITMNF;45.790025;13.54675;881ea526b9fffff;613028664012963839;-1;8;green
3583;ITA;Monfalcone;ITMNF;45.790025;13.54675;881ea52683fffff;613028663956340735;-1;8;green
3584;ITA;Monfalcone;ITMNF;45.790025;13.54675;881ea526cdfffff;613028664033935359;-1;8;green
3585;ITA;Monfalcone;ITMNF;45.790025;13.54675;881ea526bbfffff;613028664015060991;-1;8;green
3586;ITA;Monfalcone;ITMNF;45.790025;13.54675;881e12536dfffff;613018574249787391;-1;8;green
3587;ITA;Monfalcone;ITMNF;45.790025;13.54675;881ea526bdfffff;613028664017158143;-1;8;green
3588;ITA;Monfalcone;ITMNF;45.790025;13.54675;881ea52687fffff;613028663960535039;-1;8;green
3589;ITA;Monfalcone;ITMNF;45.790025;13.54675;881e12c929fffff;613018605853868031;-1;8;green
3590;ITA;Monfalcone;ITMNF;45.790025;13.54675;881ea52689fffff;613028663962632191;-1;8;green
3591;ITA;Monfalcone;ITMNF;45.790025;13.54675;881ea5268dfffff;613028663966826495;-1;8;green
3592;ITA;Monfalcone;ITMNF;45.790025;13.54675;881ea526c1fffff;613028664021352447;-1;8;green
3593;ITA;Monfalcone;ITMNF;45.790025;13.54675;881e12c92bfffff;613018605855965183;-1;8;green
3594;ITA;Monfalcone;ITMNF;45.790025;13.54675;881ea526b1fffff;613028664004575231;-1;8;green
3595;ITA;Monopoli;ITMNP;40.95582;17.304885;881e8828b3fffff;613026671678717951;-1;8;green
3596;ITA;Monopoli;ITMNP;40.95582;17.304885;881e8828bdfffff;613026671689203711;-1;8;green
3597;ITA;Monopoli;ITMNP;40.95582;17.304885;881e8828b7fffff;613026671682912255;-1;8;green
3598;ITA;Monopoli;ITMNP;40.95582;17.304885;881e8828b1fffff;613026671676620799;-1;8;green
3599;ITA;Monopoli;ITMNP;40.95582;17.304885;881e8b9259fffff;613026906196934655;-1;8;green
3600;ITA;Marsala;ITMRA;37.787424;12.436661;88386d2d83fffff;613482214381846527;-1;8;green
3601;ITA;Ciro Marina;ITMRM;39.37072;17.135114;883f240699fffff;613600332716441599;-1;8;green
3602;ITA;Ventotene;ITVTT;40.80002;13.433854;881e8341d3fffff;613026334825775103;-1;8;green
3603;ITA;Ventotene;ITVTT;40.80002;13.433854;881e83419bfffff;613026334767054847;-1;8;green
3604;ITA;Ventotene;ITVTT;40.80002;13.433854;881e8340a9fffff;613026334513299455;-1;8;green
3605;ITA;Ventotene;ITVTT;40.80002;13.433854;881e8340a7fffff;613026334511202303;-1;8;green
3606;ITA;Ventotene;ITVTT;40.80002;13.433854;881e8340a5fffff;613026334509105151;-1;8;green
3607;ITA;Follonica;ITFOL;42.917706;10.759547;881eb1075dfffff;613029480228716543;-1;8;green
3608;ITA;Follonica;ITFOL;42.917706;10.759547;881eb10751fffff;613029480216133631;-1;8;green
3609;ITA;Follonica;ITFOL;42.917706;10.759547;881eb115b7fffff;613029484081184767;-1;8;green
3610;ITA;Follonica;ITFOL;42.917706;10.759547;881eb1074bfffff;613029480209842175;-1;8;green
3611;ITA;Follonica;ITFOL;42.917706;10.759547;881eb10743fffff;613029480201453567;-1;8;green
3612;ITA;Follonica;ITFOL;42.917706;10.759547;881eb115b5fffff;613029484079087615;-1;8;green
3613;ITA;Follonica;ITFOL;42.917706;10.759547;881eb115b1fffff;613029484074893311;-1;8;green
3614;ITA;Ponza;ITPNZ;40.896276;12.964474;881e82253dfffff;613026258432819199;-1;8;green
3615;ITA;Ponza;ITPNZ;40.896276;12.964474;881e822541fffff;613026258437013503;-1;8;green
3616;ITA;Ponza;ITPNZ;40.896276;12.964474;881e822555fffff;613026258457985023;-1;8;green
3617;ITA;Ponza;ITPNZ;40.896276;12.964474;881e82255dfffff;613026258466373631;-1;8;green
3618;ITA;Ponza;ITPNZ;40.896276;12.964474;881e822507fffff;613026258376196095;-1;8;green
3619;ITA;Ponza;ITPNZ;40.896276;12.964474;881e82250bfffff;613026258380390399;-1;8;green
3620;ITA;Ponza;ITPNZ;40.896276;12.964474;881e822543fffff;613026258439110655;-1;8;green
3621;ITA;Ponza;ITPNZ;40.896276;12.964474;881e822e57fffff;613026260876001279;-1;8;green
3622;ITA;Ponza;ITPNZ;40.896276;12.964474;881e822039fffff;613026257086447615;-1;8;green
3623;ITA;Ponza;ITPNZ;40.896276;12.964474;881e822017fffff;613026257050796031;-1;8;green
3624;ITA;Ponza;ITPNZ;40.896276;12.964474;881e822033fffff;613026257080156159;-1;8;green
3625;ITA;Ponza;ITPNZ;40.896276;12.964474;881e822037fffff;613026257084350463;-1;8;green
3626;ITA;Ponza;ITPNZ;40.896276;12.964474;881e822003fffff;613026257029824511;-1;8;green
3627;ITA;Ponza;ITPNZ;40.896276;12.964474;881e822011fffff;613026257044504575;-1;8;green
3628;ITA;Ponza;ITPNZ;40.896276;12.964474;881e8220e5fffff;613026257266802687;-1;8;green
3629;ITA;Ponza;ITPNZ;40.896276;12.964474;881e82203bfffff;613026257088544767;-1;8;green
3630;ITA;Ponza;ITPNZ;40.896276;12.964474;881e822015fffff;613026257048698879;-1;8;green
3631;ITA;Ponza;ITPNZ;40.896276;12.964474;881e8220e9fffff;613026257270996991;-1;8;green
3632;ITA;Ponza;ITPNZ;40.896276;12.964474;881e822031fffff;613026257078059007;-1;8;green
3633;ITA;Ponza;ITPNZ;40.896276;12.964474;881e822019fffff;613026257052893183;-1;8;green
3634;ITA;Ponza;ITPNZ;40.896276;12.964474;881e8220edfffff;613026257275191295;-1;8;green
3635;ITA;Anzio;ITANZ;41.446203;12.632226;881e82b087fffff;613026295822942207;-1;8;green
3636;ITA;Anzio;ITANZ;41.446203;12.632226;881e82b0bdfffff;613026295879565311;-1;8;green
3637;ITA;Anzio;ITANZ;41.446203;12.632226;881e82b0abfffff;613026295860690943;-1;8;green
3638;ITA;Anzio;ITANZ;41.446203;12.632226;881e82b0a3fffff;613026295852302335;-1;8;green
3639;ITA;Rio Marina;ITRMA;42.815933;10.429671;881eb11ae5fffff;613029485471596543;-1;8;green
3640;ITA;Rio Marina;ITRMA;42.815933;10.429671;881eb1185bfffff;613029484790022143;-1;8;green
3641;ITA;Rio Marina;ITRMA;42.815933;10.429671;881eb11807fffff;613029484701941759;-1;8;green
3642;ITA;Rio Marina;ITRMA;42.815933;10.429671;881eb11857fffff;613029484785827839;-1;8;green
3643;ITA;Rio Marina;ITRMA;42.815933;10.429671;881eb11855fffff;613029484783730687;-1;8;green
3644;ITA;Rio Marina;ITRMA;42.815933;10.429671;881eb11803fffff;613029484697747455;-1;8;green
3645;ITA;Rio Marina;ITRMA;42.815933;10.429671;881eb11853fffff;613029484781633535;-1;8;green
3646;ITA;Rio Marina;ITRMA;42.815933;10.429671;881eb11851fffff;613029484779536383;-1;8;green
3647;ITA;Crotone;ITCRV;39.08615;17.130919;883f2439e5fffff;613600346486341631;-1;8;green
3648;ITA;Crotone;ITCRV;39.08615;17.130919;883f243933fffff;613600346299695103;-1;8;green
3649;ITA;Crotone;ITCRV;39.08615;17.130919;883f2476d9fffff;613600362848321535;-1;8;green
3650;ITA;Crotone;ITCRV;39.08615;17.130919;883f247691fffff;613600362772824063;-1;8;green
3651;ITA;Crotone;ITCRV;39.08615;17.130919;883f247699fffff;613600362781212671;-1;8;green
3652;ITA;Crotone;ITCRV;39.08615;17.130919;883f247695fffff;613600362777018367;-1;8;green
3653;ITA;Viareggio;ITVIA;43.859232;10.240464;881eb5a899fffff;613029798387646463;-1;8;green
3654;ITA;Viareggio;ITVIA;43.859232;10.240464;881eb5af21fffff;613029800140865535;-1;8;green
3655;ITA;Viareggio;ITVIA;43.859232;10.240464;881eb5a8d7fffff;613029798452658175;-1;8;green
3656;ITA;Viareggio;ITVIA;43.859232;10.240464;881eb5a89dfffff;613029798391840767;-1;8;green
3657;ITA;Viareggio;ITVIA;43.859232;10.240464;881eb5af27fffff;613029800147156991;-1;8;green
3658;ITA;Viareggio;ITVIA;43.859232;10.240464;881eb5a8d3fffff;613029798448463871;-1;8;green
3659;ITA;Viareggio;ITVIA;43.859232;10.240464;881eb5af2dfffff;613029800153448447;-1;8;green
3660;ITA;Isola del Giglio;ITIDG;42.36076;10.920368;881eb16ee1fffff;613029508015980543;-1;8;green
3661;ITA;Isola del Giglio;ITIDG;42.36076;10.920368;881eb16ee7fffff;613029508022271999;-1;8;green
3662;ITA;Mazara Del Vallo;ITMAZ;37.647691;12.582915;8838698645fffff;613481963329683455;-1;8;green
3663;ITA;Porto Empedocle;ITPEM;37.280029;13.528026;883f34ce23fffff;613601485791428607;-1;8;green
3664;ITA;Porto Empedocle;ITPEM;37.280029;13.528026;883f34ce63fffff;613601485858537471;-1;8;green
3665;ITA;Porto Empedocle;ITPEM;37.280029;13.528026;883f34ce21fffff;613601485789331455;-1;8;green
3666;ITA;Porto Empedocle;ITPEM;37.280029;13.528026;883f34ce0dfffff;613601485768359935;-1;8;green
3667;ITA;Porto Empedocle;ITPEM;37.280029;13.528026;883f34ce2dfffff;613601485801914367;-1;8;green
3668;ITA;Porto Empedocle;ITPEM;37.280029;13.528026;883f34ce2bfffff;613601485799817215;-1;8;green
3669;ITA;Porto Empedocle;ITPEM;37.280029;13.528026;883f34ce6bfffff;613601485866926079;-1;8;green
3670;ITA;Porto Empedocle;ITPEM;37.280029;13.528026;883f34ce09fffff;613601485764165631;-1;8;green
3671;ITA;Porto Empedocle;ITPEM;37.280029;13.528026;883f34ce29fffff;613601485797720063;-1;8;green
3672;ITA;Porto Empedocle;ITPEM;37.280029;13.528026;883f34ce25fffff;613601485793525759;-1;8;green
3673;ITA;Porto Empedocle;ITPEM;37.280029;13.528026;883f34ce47fffff;613601485829177343;-1;8;green
3674;ITA;Porto Santo Stefano;ITPSS;42.43898;11.124677;881e869109fffff;613026562247229439;-1;8;green
3675;ITA;Porto Santo Stefano;ITPSS;42.43898;11.124677;881e86914dfffff;613026562318532607;-1;8;green
3676;ITA;Porto Santo Stefano;ITPSS;42.43898;11.124677;881e86915dfffff;613026562335309823;-1;8;green
3677;ITA;Porto Santo Stefano;ITPSS;42.43898;11.124677;881e86910dfffff;613026562251423743;-1;8;green
3678;ITA;Porto Santo Stefano;ITPSS;42.43898;11.124677;881eb16497fffff;613029505254031359;-1;8;green
3679;ITA;Porto Levante;ITPVT;45.049825;12.366708;881ea0aa43fffff;613028355725328383;-1;8;green
3680;ITA;Rodi Garganico;ITRGG;41.93211;15.889861;881e8c46b1fffff;613026954607591423;-1;8;green
3681;ITA;Licata;ITLIC;37.091465;13.938116;883f3408c1fffff;613601432806883327;-1;8;green
3682;ITA;Licata;ITLIC;37.091465;13.938116;883f34088bfffff;613601432750260223;-1;8;green
3683;ITA;Licata;ITLIC;37.091465;13.938116;883f340883fffff;613601432741871615;-1;8;green
3684;ITA;Licata;ITLIC;37.091465;13.938116;883f3408c7fffff;613601432813174783;-1;8;green
3685;ITA;Licata;ITLIC;37.091465;13.938116;883f340889fffff;613601432748163071;-1;8;green
3686;ITA;Licata;ITLIC;37.091465;13.938116;883f340881fffff;613601432739774463;-1;8;green
3687;ITA;Licata;ITLIC;37.091465;13.938116;883f3408d5fffff;613601432827854847;-1;8;green
3688;ITA;Licata;ITLIC;37.091465;13.938116;883f3408ebfffff;613601432850923519;-1;8;green
3689;ITA;Licata;ITLIC;37.091465;13.938116;883f3408cbfffff;613601432817369087;-1;8;green
3690;ITA;Licata;ITLIC;37.091465;13.938116;883f3408c3fffff;613601432808980479;-1;8;green
3691;ITA;Licata;ITLIC;37.091465;13.938116;883f34088dfffff;613601432752357375;-1;8;green
